encoder,species,head,level,ap,ap_site,n_pos,n
audioprotopnet,DENMIN,logistic,fenetre,0.8955341521745569,0.5960055218776367,2002,18817
audioprotopnet,DENMIN,logistic+R37=glmm,fenetre,0.899301673780499,0.5823785839190159,2002,18817
audioprotopnet,DENMIN,lda_shrunk,fenetre,0.9009162172472894,0.5341466741373431,2002,18817
audioprotopnet,DENMIN,simple_prototype,fenetre,0.24270750212649914,0.2863416565181927,2002,18817
audioprotopnet,DENMIN,logistic,minute,0.9480539873887547,0.720967788901011,266,1590
audioprotopnet,DENMIN,logistic+R37=glmm,minute,0.9504327652641748,0.7124887687905531,266,1590
audioprotopnet,DENMIN,lda_shrunk,minute,0.9436873524165248,0.700024723168294,266,1590
audioprotopnet,DENMIN,simple_prototype,minute,0.4037211018810317,0.39106468882928413,266,1590
beats,DENMIN,logistic,fenetre,0.6468311128886267,0.2785429740935822,2002,18817
beats,DENMIN,logistic+R37=glmm,fenetre,0.6625883382693253,0.2790194260398654,2002,18817
beats,DENMIN,lda_shrunk,fenetre,0.19391987436237373,0.245944025972483,2002,18817
beats,DENMIN,simple_prototype,fenetre,0.21529155288413127,0.22194675317621046,2002,18817
beats,DENMIN,attentive,fenetre,0.37505451197418094,0.25724397125732684,2002,18817
beats,DENMIN,logistic:max,fenetre,0.6469812870948963,0.27810647883262046,2002,18817
beats,DENMIN,proto_probe,fenetre,0.700517374013823,0.3012894005470315,2002,18817
beats,DENMIN,logistic,minute,0.7536682253728662,0.3334856286437889,266,1590
beats,DENMIN,logistic+R37=glmm,minute,0.7681856948384033,0.33399586646885915,266,1590
beats,DENMIN,lda_shrunk,minute,0.3155345150445742,0.30648602854785173,266,1590
beats,DENMIN,simple_prototype,minute,0.2906605460558003,0.32351516624249393,266,1590
beats,DENMIN,attentive,minute,0.4556720929947763,0.32200350821002405,266,1590
beats,DENMIN,logistic:max,minute,0.7587274721331632,0.33533002113847044,266,1590
beats,DENMIN,proto_probe,minute,0.800897083478702,0.3691450714639097,266,1590
birdmae_base,DENMIN,logistic,fenetre,0.6521170449582859,0.2766936585879594,2002,18817
birdmae_base,DENMIN,logistic+R37=glmm,fenetre,0.6871140850046265,0.28133665686877934,2002,18817
birdmae_base,DENMIN,lda_shrunk,fenetre,0.5876605654501662,0.313085198318728,2002,18817
birdmae_base,DENMIN,simple_prototype,fenetre,0.20719143433419962,0.24712851913552156,2002,18817
birdmae_base,DENMIN,attentive,fenetre,0.832401841012481,0.3608881164934638,2002,18817
birdmae_base,DENMIN,logistic:max,fenetre,0.48186470340346854,0.26689702480553446,2002,18817
birdmae_base,DENMIN,proto_probe,fenetre,0.7790191234978379,0.5516095774143426,2002,18817
birdmae_base,DENMIN,logistic,minute,0.7237533715637664,0.32264050735819755,266,1590
birdmae_base,DENMIN,logistic+R37=glmm,minute,0.7654342393721292,0.3283830249903084,266,1590
birdmae_base,DENMIN,lda_shrunk,minute,0.7122606873734537,0.41231907695125264,266,1590
birdmae_base,DENMIN,simple_prototype,minute,0.3114307908993045,0.35264620856025997,266,1590
birdmae_base,DENMIN,attentive,minute,0.8913655988405219,0.44373513283090565,266,1590
birdmae_base,DENMIN,logistic:max,minute,0.6016047602784499,0.3332854892644357,266,1590
birdmae_base,DENMIN,proto_probe,minute,0.8671683938302722,0.7207169840896128,266,1590
birdmae_huge,DENMIN,logistic,fenetre,0.5795046557776224,0.27887575464611003,2002,18817
birdmae_huge,DENMIN,logistic+R37=glmm,fenetre,0.6150056259227249,0.27997564789853163,2002,18817
birdmae_huge,DENMIN,lda_shrunk,fenetre,0.6399462511049614,0.3504217287173892,2002,18817
birdmae_huge,DENMIN,logistic,minute,0.6882224983645929,0.33266423648501225,266,1590
birdmae_huge,DENMIN,logistic+R37=glmm,minute,0.7259813317323307,0.33459706821224383,266,1590
birdmae_huge,DENMIN,lda_shrunk,minute,0.7471691737369648,0.435445556495373,266,1590
birdmae_large,DENMIN,logistic,fenetre,0.6082101920144326,0.28676071597861214,2002,18817
birdmae_large,DENMIN,logistic+R37=glmm,fenetre,0.6516244496216888,0.28728481011757384,2002,18817
birdmae_large,DENMIN,lda_shrunk,fenetre,0.6776666116124724,0.3326056361154463,2002,18817
birdmae_large,DENMIN,simple_prototype,fenetre,0.2103978628552617,0.2533297755539916,2002,18817
birdmae_large,DENMIN,attentive,fenetre,0.7183198081510717,0.3287884941322148,2002,18817
birdmae_large,DENMIN,logistic:max,fenetre,0.519359194853497,0.2641651647226559,2002,18817
birdmae_large,DENMIN,proto_probe,fenetre,0.8618242824517484,0.5407997736102756,2002,18817
birdmae_large,DENMIN,logistic,minute,0.6947372700394856,0.3384308107149591,266,1590
birdmae_large,DENMIN,logistic+R37=glmm,minute,0.7424013339397295,0.3403033297492733,266,1590
birdmae_large,DENMIN,lda_shrunk,minute,0.7344375939475343,0.3809909517235744,266,1590
birdmae_large,DENMIN,simple_prototype,minute,0.289558780861286,0.3535777098485124,266,1590
birdmae_large,DENMIN,attentive,minute,0.8132685690219593,0.38500408213600346,266,1590
birdmae_large,DENMIN,logistic:max,minute,0.6469801609315525,0.3299124509647261,266,1590
birdmae_large,DENMIN,proto_probe,minute,0.9169615368655479,0.6538290699708516,266,1590
birdnet,DENMIN,logistic,fenetre,0.9049337456752959,0.4989123817457162,2717,31273
birdnet,DENMIN,logistic+R37=glmm,fenetre,0.9085579686600693,0.4942221416445843,2717,31273
birdnet,DENMIN,lda_shrunk,fenetre,0.8695278818267436,0.4868477577872847,2717,31273
birdnet,DENMIN,logistic,minute,0.9292725087165893,0.5994747051953915,266,1590
birdnet,DENMIN,logistic+R37=glmm,minute,0.9306220194756103,0.5953271239848518,266,1590
birdnet,DENMIN,lda_shrunk,minute,0.9121384752908636,0.5792053217636496,266,1590
birdnet_v3,DENMIN,logistic,fenetre,0.786722941232501,0.34483741919846245,2717,31273
birdnet_v3,DENMIN,logistic+R37=glmm,fenetre,0.7857190317346826,0.3438102445202489,2717,31273
birdnet_v3,DENMIN,lda_shrunk,fenetre,0.7626653421583212,0.3471780633264087,2717,31273
birdnet_v3,DENMIN,simple_prototype,fenetre,0.27143106139545503,0.24561536221434546,2717,31273
birdnet_v3,DENMIN,classifieur_origine,fenetre,0.8568384383242462,0.4457867497903795,2717,31273
birdnet_v3,DENMIN,logistic,minute,0.886205748765157,0.4066874816099794,266,1590
birdnet_v3,DENMIN,logistic+R37=glmm,minute,0.8853187128404341,0.4024929862405951,266,1590
birdnet_v3,DENMIN,lda_shrunk,minute,0.8697864575339346,0.40106076845686717,266,1590
birdnet_v3,DENMIN,simple_prototype,minute,0.3399779192350534,0.3567731688366477,266,1590
birdnet_v3,DENMIN,classifieur_origine,minute,0.8897393807552665,0.6135128085466443,266,1590
convnext_birdset,DENMIN,logistic,fenetre,0.8864573911289554,0.591723413458246,2002,18817
convnext_birdset,DENMIN,logistic+R37=glmm,fenetre,0.9021485885149565,0.553052496773307,2002,18817
convnext_birdset,DENMIN,lda_shrunk,fenetre,0.9218634439747193,0.7026329227889292,2002,18817
convnext_birdset,DENMIN,simple_prototype,fenetre,0.10843032987218362,0.39897313490148006,2002,18817
convnext_birdset,DENMIN,logistic,minute,0.9360239682624989,0.7323707943221862,266,1590
convnext_birdset,DENMIN,logistic+R37=glmm,minute,0.9413223382878004,0.7072207067304327,266,1590
convnext_birdset,DENMIN,lda_shrunk,minute,0.9491871477405908,0.828293712998076,266,1590
convnext_birdset,DENMIN,simple_prototype,minute,0.20500975848917494,0.6340297524555392,266,1590
esp_aves2_eat_all,DENMIN,logistic,fenetre,0.14090360887087716,0.268471043687344,2002,18817
esp_aves2_eat_all,DENMIN,logistic+R37=glmm,fenetre,0.1438699142657278,0.26800909399132095,2002,18817
esp_aves2_eat_all,DENMIN,lda_shrunk,fenetre,0.3067789700623351,0.251369019613682,2002,18817
esp_aves2_eat_all,DENMIN,simple_prototype,fenetre,0.17406930240357557,0.2394309189222997,2002,18817
esp_aves2_eat_all,DENMIN,attentive,fenetre,0.15019278460486443,0.23023982849252797,2002,18817
esp_aves2_eat_all,DENMIN,logistic:max,fenetre,0.16988746206254265,0.23261985382674819,2002,18817
esp_aves2_eat_all,DENMIN,proto_probe,fenetre,0.18385676316379732,0.2370207281840123,2002,18817
esp_aves2_eat_all,DENMIN,logistic,minute,0.19212816569286273,0.31087162127135554,266,1590
esp_aves2_eat_all,DENMIN,logistic+R37=glmm,minute,0.19472209287385417,0.31038350971930695,266,1590
esp_aves2_eat_all,DENMIN,lda_shrunk,minute,0.3743804789638583,0.3041408210107875,266,1590
esp_aves2_eat_all,DENMIN,simple_prototype,minute,0.2677094444653464,0.3390955076676989,266,1590
esp_aves2_eat_all,DENMIN,attentive,minute,0.20975681867568144,0.28584351570774025,266,1590
esp_aves2_eat_all,DENMIN,logistic:max,minute,0.31702989188079994,0.29413058027909295,266,1590
esp_aves2_eat_all,DENMIN,proto_probe,minute,0.23000730100992794,0.3259961773429589,266,1590
esp_aves2_eat_bio,DENMIN,logistic,fenetre,0.36442869566824465,0.1928610012504628,2002,18817
esp_aves2_eat_bio,DENMIN,logistic+R37=glmm,fenetre,0.43639015969910644,0.19651591535339855,2002,18817
esp_aves2_eat_bio,DENMIN,lda_shrunk,fenetre,0.23919013634853767,0.20360704846527247,2002,18817
esp_aves2_eat_bio,DENMIN,simple_prototype,fenetre,0.1985730952322783,0.24792300318380553,2002,18817
esp_aves2_eat_bio,DENMIN,attentive,fenetre,0.13627692332203659,0.17265029593809192,2002,18817
esp_aves2_eat_bio,DENMIN,logistic:max,fenetre,0.10730972490683766,0.20804126018571475,2002,18817
esp_aves2_eat_bio,DENMIN,proto_probe,fenetre,0.24517003744823965,0.2134343185636495,2002,18817
esp_aves2_eat_bio,DENMIN,logistic,minute,0.46598464785566346,0.2546506244141577,266,1590
esp_aves2_eat_bio,DENMIN,logistic+R37=glmm,minute,0.5433072750899987,0.25774389478526033,266,1590
esp_aves2_eat_bio,DENMIN,lda_shrunk,minute,0.34965946386135704,0.2643345237394104,266,1590
esp_aves2_eat_bio,DENMIN,simple_prototype,minute,0.26981083861524735,0.3268493277003978,266,1590
esp_aves2_eat_bio,DENMIN,attentive,minute,0.21891293520987232,0.24737191066755013,266,1590
esp_aves2_eat_bio,DENMIN,logistic:max,minute,0.3452664438812505,0.2905768230955671,266,1590
esp_aves2_eat_bio,DENMIN,proto_probe,minute,0.31751613515735033,0.286434683950267,266,1590
esp_aves2_effnetb0_all,DENMIN,logistic,fenetre,0.4891125414811308,0.2983030696568312,2002,18817
esp_aves2_effnetb0_all,DENMIN,logistic+R37=glmm,fenetre,0.5244210687144877,0.2980211674250938,2002,18817
esp_aves2_effnetb0_all,DENMIN,lda_shrunk,fenetre,0.23298467821638114,0.27185974715453554,2002,18817
esp_aves2_effnetb0_all,DENMIN,simple_prototype,fenetre,0.10276500867681489,0.20961488267997294,2002,18817
esp_aves2_effnetb0_all,DENMIN,logistic,minute,0.6288126932335557,0.3551351081462506,266,1590
esp_aves2_effnetb0_all,DENMIN,logistic+R37=glmm,minute,0.6755793939096063,0.3546975999798585,266,1590
esp_aves2_effnetb0_all,DENMIN,lda_shrunk,minute,0.4293821997014521,0.3411340141215631,266,1590
esp_aves2_effnetb0_all,DENMIN,simple_prototype,minute,0.14265095249930076,0.2995204637010137,266,1590
esp_aves2_effnetb0_audioset,DENMIN,logistic,fenetre,0.09770015332263288,0.2397558946165426,2002,18817
esp_aves2_effnetb0_audioset,DENMIN,logistic+R37=glmm,fenetre,0.1173016879307327,0.24493946885100093,2002,18817
esp_aves2_effnetb0_audioset,DENMIN,lda_shrunk,fenetre,0.07161730505299839,0.2150906650264374,2002,18817
esp_aves2_effnetb0_audioset,DENMIN,simple_prototype,fenetre,0.15306846356468068,0.21998939357549227,2002,18817
esp_aves2_effnetb0_audioset,DENMIN,logistic,minute,0.13518889359003983,0.3190768198153286,266,1590
esp_aves2_effnetb0_audioset,DENMIN,logistic+R37=glmm,minute,0.15857277095719527,0.3245875269665323,266,1590
esp_aves2_effnetb0_audioset,DENMIN,lda_shrunk,minute,0.1164809628208752,0.2795067025098143,266,1590
esp_aves2_effnetb0_audioset,DENMIN,simple_prototype,minute,0.21565097472257153,0.3011385573285616,266,1590
esp_aves2_effnetb0_bio,DENMIN,logistic,fenetre,0.7315359669538428,0.3660669171535252,2002,18817
esp_aves2_effnetb0_bio,DENMIN,logistic+R37=glmm,fenetre,0.766347683687757,0.36525152813433864,2002,18817
esp_aves2_effnetb0_bio,DENMIN,lda_shrunk,fenetre,0.5909367116373716,0.27828745509854036,2002,18817
esp_aves2_effnetb0_bio,DENMIN,simple_prototype,fenetre,0.15510467804752814,0.2164812652899717,2002,18817
esp_aves2_effnetb0_bio,DENMIN,logistic,minute,0.8339579376332145,0.4165581507437131,266,1590
esp_aves2_effnetb0_bio,DENMIN,logistic+R37=glmm,minute,0.8629880373836216,0.41643765775934877,266,1590
esp_aves2_effnetb0_bio,DENMIN,lda_shrunk,minute,0.7310368709158072,0.3405372260519451,266,1590
esp_aves2_effnetb0_bio,DENMIN,simple_prototype,minute,0.30297906937410446,0.33511917615753517,266,1590
esp_aves2_sl_beats_all,DENMIN,logistic,fenetre,0.438495801746011,0.35789275596372655,2002,18817
esp_aves2_sl_beats_all,DENMIN,logistic+R37=glmm,fenetre,0.518291637772299,0.359006758035137,2002,18817
esp_aves2_sl_beats_all,DENMIN,lda_shrunk,fenetre,0.3896150692665457,0.4108860791195104,2002,18817
esp_aves2_sl_beats_all,DENMIN,simple_prototype,fenetre,0.12857998731005696,0.2322315085126089,2002,18817
esp_aves2_sl_beats_all,DENMIN,attentive,fenetre,0.5285104211151398,0.3792330927809593,2002,18817
esp_aves2_sl_beats_all,DENMIN,logistic:max,fenetre,0.5372117341986375,0.3808489948478577,2002,18817
esp_aves2_sl_beats_all,DENMIN,proto_probe,fenetre,0.7318119338610344,0.4993679373752275,2002,18817
esp_aves2_sl_beats_all,DENMIN,logistic,minute,0.5566793149318787,0.529259301991946,266,1590
esp_aves2_sl_beats_all,DENMIN,logistic+R37=glmm,minute,0.6436325342056345,0.5231494634992739,266,1590
esp_aves2_sl_beats_all,DENMIN,lda_shrunk,minute,0.5455487367482351,0.5721980980457891,266,1590
esp_aves2_sl_beats_all,DENMIN,simple_prototype,minute,0.17955644578173624,0.32236753242565636,266,1590
esp_aves2_sl_beats_all,DENMIN,attentive,minute,0.6296857063601035,0.5404742291991256,266,1590
esp_aves2_sl_beats_all,DENMIN,logistic:max,minute,0.666074043261357,0.5272909881771949,266,1590
esp_aves2_sl_beats_all,DENMIN,proto_probe,minute,0.8361521151772145,0.6204673640415265,266,1590
esp_aves2_sl_beats_bio,DENMIN,logistic,fenetre,0.8214216523091303,0.5061367920564915,2002,18817
esp_aves2_sl_beats_bio,DENMIN,logistic+R37=glmm,fenetre,0.830345784755732,0.47775356849000933,2002,18817
esp_aves2_sl_beats_bio,DENMIN,lda_shrunk,fenetre,0.7599893368469197,0.408513055793349,2002,18817
esp_aves2_sl_beats_bio,DENMIN,simple_prototype,fenetre,0.1743819145331779,0.1994328248063122,2002,18817
esp_aves2_sl_beats_bio,DENMIN,attentive,fenetre,0.6542006104287751,0.3358260973830282,2002,18817
esp_aves2_sl_beats_bio,DENMIN,logistic:max,fenetre,0.8237031079386203,0.5211572659061846,2002,18817
esp_aves2_sl_beats_bio,DENMIN,proto_probe,fenetre,0.8553209428603188,0.6045887974426291,2002,18817
esp_aves2_sl_beats_bio,DENMIN,logistic,minute,0.8814767419709909,0.6770463116192644,266,1590
esp_aves2_sl_beats_bio,DENMIN,logistic+R37=glmm,minute,0.8914557006219224,0.6781581769518207,266,1590
esp_aves2_sl_beats_bio,DENMIN,lda_shrunk,minute,0.8470950862221778,0.4951984305437787,266,1590
esp_aves2_sl_beats_bio,DENMIN,simple_prototype,minute,0.330142661737447,0.32202956271392963,266,1590
esp_aves2_sl_beats_bio,DENMIN,attentive,minute,0.7388984563141119,0.379976877440564,266,1590
esp_aves2_sl_beats_bio,DENMIN,logistic:max,minute,0.883514211708799,0.661550347872015,266,1590
esp_aves2_sl_beats_bio,DENMIN,proto_probe,minute,0.9056398362622922,0.7458028004850731,266,1590
esp_aves2_sl_eat_all_ssl_all,DENMIN,logistic,fenetre,0.8227940514654788,0.34320632052046185,2002,18817
esp_aves2_sl_eat_all_ssl_all,DENMIN,logistic+R37=glmm,fenetre,0.8475783130678389,0.3449646308585022,2002,18817
esp_aves2_sl_eat_all_ssl_all,DENMIN,lda_shrunk,fenetre,0.6688141269096652,0.3348947967214965,2002,18817
esp_aves2_sl_eat_all_ssl_all,DENMIN,simple_prototype,fenetre,0.15486312566448235,0.2333179876409777,2002,18817
esp_aves2_sl_eat_all_ssl_all,DENMIN,attentive,fenetre,0.609141009238659,0.294534494907208,2002,18817
esp_aves2_sl_eat_all_ssl_all,DENMIN,logistic:max,fenetre,0.502473742429739,0.26869538454932446,2002,18817
esp_aves2_sl_eat_all_ssl_all,DENMIN,proto_probe,fenetre,0.5379023416816936,0.2770617471278072,2002,18817
esp_aves2_sl_eat_all_ssl_all,DENMIN,logistic,minute,0.8780158849334271,0.38374135578217183,266,1590
esp_aves2_sl_eat_all_ssl_all,DENMIN,logistic+R37=glmm,minute,0.8927546048297768,0.38356979272918384,266,1590
esp_aves2_sl_eat_all_ssl_all,DENMIN,lda_shrunk,minute,0.7610083617948745,0.39031052359347024,266,1590
esp_aves2_sl_eat_all_ssl_all,DENMIN,simple_prototype,minute,0.27790517287098526,0.328776663020697,266,1590
esp_aves2_sl_eat_all_ssl_all,DENMIN,attentive,minute,0.7257912258003489,0.3435387265747345,266,1590
esp_aves2_sl_eat_all_ssl_all,DENMIN,logistic:max,minute,0.6237650069029012,0.3309987841032545,266,1590
esp_aves2_sl_eat_all_ssl_all,DENMIN,proto_probe,minute,0.6462831338938458,0.33933304610702847,266,1590
esp_aves2_sl_eat_bio_ssl_all,DENMIN,logistic,fenetre,0.7255300203829445,0.5260493105738683,2002,18817
esp_aves2_sl_eat_bio_ssl_all,DENMIN,logistic+R37=glmm,fenetre,0.7506880025775662,0.45867389702626155,2002,18817
esp_aves2_sl_eat_bio_ssl_all,DENMIN,lda_shrunk,fenetre,0.7188465374320239,0.38406376992638286,2002,18817
esp_aves2_sl_eat_bio_ssl_all,DENMIN,simple_prototype,fenetre,0.18429114849186073,0.19904143882943415,2002,18817
esp_aves2_sl_eat_bio_ssl_all,DENMIN,attentive,fenetre,0.7139275677327154,0.3234746718166067,2002,18817
esp_aves2_sl_eat_bio_ssl_all,DENMIN,logistic:max,fenetre,0.567306618164213,0.3762987362272115,2002,18817
esp_aves2_sl_eat_bio_ssl_all,DENMIN,proto_probe,fenetre,0.6584936969280135,0.39363595116407746,2002,18817
esp_aves2_sl_eat_bio_ssl_all,DENMIN,logistic,minute,0.8238373521960519,0.6302475247748965,266,1590
esp_aves2_sl_eat_bio_ssl_all,DENMIN,logistic+R37=glmm,minute,0.8428633233585324,0.5584114569843442,266,1590
esp_aves2_sl_eat_bio_ssl_all,DENMIN,lda_shrunk,minute,0.7877770077370236,0.4303544661202545,266,1590
esp_aves2_sl_eat_bio_ssl_all,DENMIN,simple_prototype,minute,0.48140120660454927,0.3485465239980256,266,1590
esp_aves2_sl_eat_bio_ssl_all,DENMIN,attentive,minute,0.791093780196852,0.37410720701493044,266,1590
esp_aves2_sl_eat_bio_ssl_all,DENMIN,logistic:max,minute,0.6395245910517335,0.521298090617827,266,1590
esp_aves2_sl_eat_bio_ssl_all,DENMIN,proto_probe,minute,0.7771437593712825,0.5396218294830275,266,1590
insect459,DENMIN,logistic,fenetre,0.15269932669740344,0.21797763165929876,1916,17287
insect459,DENMIN,logistic+R37=glmm,fenetre,0.2009901714886991,0.21889257738102594,1916,17287
insect459,DENMIN,lda_shrunk,fenetre,0.09355463054819112,0.16862163334501543,1916,17287
insect459,DENMIN,simple_prototype,fenetre,0.23898306030593933,0.2057632239304811,1916,17287
insect459,DENMIN,logistic,minute,0.21433926027317185,0.29658657880289124,266,1590
insect459,DENMIN,logistic+R37=glmm,minute,0.2767853253573727,0.2975527564387214,266,1590
insect459,DENMIN,lda_shrunk,minute,0.19740685615888479,0.2678167936344733,266,1590
insect459,DENMIN,simple_prototype,minute,0.3181713833752881,0.2877198700930184,266,1590
insect66,DENMIN,logistic,fenetre,0.10027442435963857,0.2435427952832024,1916,17287
insect66,DENMIN,logistic+R37=glmm,fenetre,0.1210267459069863,0.24944652724867744,1916,17287
insect66,DENMIN,lda_shrunk,fenetre,0.09125295626066658,0.16654496457400994,1916,17287
insect66,DENMIN,simple_prototype,fenetre,0.17221147171091605,0.20270651081081215,1916,17287
insect66,DENMIN,logistic,minute,0.15780286220096784,0.3135552865988426,266,1590
insect66,DENMIN,logistic+R37=glmm,minute,0.19320108196911953,0.31992608505671566,266,1590
insect66,DENMIN,lda_shrunk,minute,0.16333394545478722,0.24809428980847792,266,1590
insect66,DENMIN,simple_prototype,minute,0.24125612217254525,0.2891598346806213,266,1590
naturebeats,DENMIN,logistic,fenetre,0.6421709260055732,0.3831385249496655,2002,18817
naturebeats,DENMIN,logistic+R37=glmm,fenetre,0.6472471440002886,0.3816877640366414,2002,18817
naturebeats,DENMIN,lda_shrunk,fenetre,0.729928163634698,0.5220258903932758,2002,18817
naturebeats,DENMIN,simple_prototype,fenetre,0.2641391950187014,0.27320413845981484,2002,18817
naturebeats,DENMIN,attentive,fenetre,0.7297828149909591,0.39891303596253364,2002,18817
naturebeats,DENMIN,logistic:max,fenetre,0.7191114664812783,0.3915116371978826,2002,18817
naturebeats,DENMIN,proto_probe,fenetre,0.9281729094031594,0.6967990325070507,2002,18817
naturebeats,DENMIN,logistic,minute,0.7722884191862123,0.4418805361779172,266,1590
naturebeats,DENMIN,logistic+R37=glmm,minute,0.7765624877298868,0.44222494093254244,266,1590
naturebeats,DENMIN,lda_shrunk,minute,0.8180502190290182,0.6427857766739581,266,1590
naturebeats,DENMIN,simple_prototype,minute,0.3591557163100935,0.3565852562789116,266,1590
naturebeats,DENMIN,attentive,minute,0.8322356305940638,0.5400370863317633,266,1590
naturebeats,DENMIN,logistic:max,minute,0.8531620216466839,0.4434352756626212,266,1590
naturebeats,DENMIN,proto_probe,minute,0.9384802410992492,0.7980570911978718,266,1590
perch_bird,DENMIN,logistic,fenetre,0.9110488352696908,0.4871769562898427,2002,18817
perch_bird,DENMIN,logistic+R37=glmm,fenetre,0.9141897592227426,0.45848351429869355,2002,18817
perch_bird,DENMIN,lda_shrunk,fenetre,0.8879526492137518,0.40743704183713186,2002,18817
perch_bird,DENMIN,logistic,minute,0.9416334021445947,0.5951808507306481,266,1590
perch_bird,DENMIN,logistic+R37=glmm,minute,0.944560756571471,0.5591172913016274,266,1590
perch_bird,DENMIN,lda_shrunk,minute,0.9213858785852291,0.4831616250584893,266,1590
perch_v2,DENMIN,logistic,fenetre,0.8999812957362406,0.5232549648725283,2002,18817
perch_v2,DENMIN,logistic+R37=glmm,fenetre,0.9010392320742397,0.4870374664470531,2002,18817
perch_v2,DENMIN,lda_shrunk,fenetre,0.9031269270334773,0.5173184631207612,2002,18817
perch_v2,DENMIN,simple_prototype,fenetre,0.22493904932408737,0.44685762821566355,2002,18817
perch_v2,DENMIN,attentive,fenetre,0.8776532405158832,0.4720075009293961,2002,18817
perch_v2,DENMIN,logistic:max,fenetre,0.7797421739559509,0.7261562357902864,2002,18817
perch_v2,DENMIN,proto_probe,fenetre,0.917887431738567,0.6835146642522613,2002,18817
perch_v2,DENMIN,logistic,minute,0.9105938586194008,0.6656673935779389,266,1590
perch_v2,DENMIN,logistic+R37=glmm,minute,0.9111920682983873,0.609889559016865,266,1590
perch_v2,DENMIN,lda_shrunk,minute,0.9275919332652189,0.6591627912552533,266,1590
perch_v2,DENMIN,simple_prototype,minute,0.38055400699963776,0.6029665673972556,266,1590
perch_v2,DENMIN,attentive,minute,0.8918987701961604,0.558899407660304,266,1590
perch_v2,DENMIN,logistic:max,minute,0.8833566089801003,0.7611097900516607,266,1590
perch_v2,DENMIN,proto_probe,minute,0.9372697609022028,0.7325793425442498,266,1590
protoclr,DENMIN,logistic,fenetre,0.4773926292769297,0.29651785708840667,1772,15705
protoclr,DENMIN,logistic+R37=glmm,fenetre,0.5229324721242385,0.2996435312555361,1772,15705
protoclr,DENMIN,lda_shrunk,fenetre,0.36135785995945274,0.23297040899265994,1772,15705
protoclr,DENMIN,logistic,minute,0.5827464303651411,0.34387728915893057,266,1590
protoclr,DENMIN,logistic+R37=glmm,minute,0.6334060916277131,0.34864114389330014,266,1590
protoclr,DENMIN,lda_shrunk,minute,0.46290795212625147,0.29345759352324197,266,1590
rcl_fs_bsed,DENMIN,logistic,fenetre,0.22401558565065624,0.16193954891017123,26211,473064
rcl_fs_bsed,DENMIN,logistic+R37=glmm,fenetre,0.23078099835309704,0.16256072938214167,26211,473064
rcl_fs_bsed,DENMIN,lda_shrunk,fenetre,0.27817447760983244,0.16075274162451916,26211,473064
rcl_fs_bsed,DENMIN,simple_prototype,fenetre,0.03457781159212261,0.10433209309904246,26211,473064
rcl_fs_bsed,DENMIN,logistic,minute,0.8321463224983767,0.35200701473219304,266,1590
rcl_fs_bsed,DENMIN,logistic+R37=glmm,minute,0.8373276070616544,0.35337156054166624,266,1590
rcl_fs_bsed,DENMIN,lda_shrunk,minute,0.7749084703830889,0.34528871182966814,266,1590
rcl_fs_bsed,DENMIN,simple_prototype,minute,0.10849091275776275,0.270200330404508,266,1590
audioprotopnet,PITAZU,logistic,fenetre,0.11484510458226885,0.35067434536658754,1475,18706
audioprotopnet,PITAZU,logistic+R37=glmm,fenetre,0.09965075145345409,0.35527390090021455,1475,18706
audioprotopnet,PITAZU,lda_shrunk,fenetre,0.3068928798940503,0.36149802480775495,1475,18706
audioprotopnet,PITAZU,simple_prototype,fenetre,0.05681018170946831,0.23490820919229988,1475,18706
audioprotopnet,PITAZU,logistic,minute,0.16389550282484466,0.4715959884452931,187,1574
audioprotopnet,PITAZU,logistic+R37=glmm,minute,0.1469153132381517,0.467545202537868,187,1574
audioprotopnet,PITAZU,lda_shrunk,minute,0.5706116018689616,0.4693215928893175,187,1574
audioprotopnet,PITAZU,simple_prototype,minute,0.09075472035563265,0.3981156050362994,187,1574
beats,PITAZU,logistic,fenetre,0.053711351202033894,0.16320574897689732,1475,18706
beats,PITAZU,logistic+R37=glmm,fenetre,0.08257539965305202,0.16345780345501276,1475,18706
beats,PITAZU,lda_shrunk,fenetre,0.043026789034043784,0.17576254021078852,1475,18706
beats,PITAZU,simple_prototype,fenetre,0.06081387986301288,0.17757609073790942,1475,18706
beats,PITAZU,attentive,fenetre,0.0688114351444609,0.18306304531087336,1475,18706
beats,PITAZU,logistic:max,fenetre,0.054226598662228655,0.16772304703096771,1475,18706
beats,PITAZU,proto_probe,fenetre,0.04515238262145766,0.18796449617405864,1475,18706
beats,PITAZU,logistic,minute,0.07490398980869827,0.25287505626956597,187,1574
beats,PITAZU,logistic+R37=glmm,minute,0.1161975534983565,0.25231457445720723,187,1574
beats,PITAZU,lda_shrunk,minute,0.07576179133715645,0.2657593588103695,187,1574
beats,PITAZU,simple_prototype,minute,0.08671985473971996,0.2728918453186372,187,1574
beats,PITAZU,attentive,minute,0.09536772820498426,0.270651643883491,187,1574
beats,PITAZU,logistic:max,minute,0.07584899516541134,0.26006340598624317,187,1574
beats,PITAZU,proto_probe,minute,0.06958575985161197,0.2840634076958358,187,1574
birdmae_base,PITAZU,logistic,fenetre,0.06279258214200807,0.2063844904224978,1475,18706
birdmae_base,PITAZU,logistic+R37=glmm,fenetre,0.06816569828350282,0.2245840264923689,1475,18706
birdmae_base,PITAZU,lda_shrunk,fenetre,0.05935465297696759,0.2904300987116836,1475,18706
birdmae_base,PITAZU,simple_prototype,fenetre,0.07502621510906166,0.1883437370764581,1475,18706
birdmae_base,PITAZU,attentive,fenetre,0.046298373781275146,0.257683722100093,1475,18706
birdmae_base,PITAZU,logistic:max,fenetre,0.08202898103121964,0.2157604593851584,1475,18706
birdmae_base,PITAZU,proto_probe,fenetre,0.05698813014763183,0.22059683442307615,1475,18706
birdmae_base,PITAZU,logistic,minute,0.09079935654625526,0.28538559912964445,187,1574
birdmae_base,PITAZU,logistic+R37=glmm,minute,0.09638899633248829,0.29759648932899374,187,1574
birdmae_base,PITAZU,lda_shrunk,minute,0.15968486161792153,0.3905371368198659,187,1574
birdmae_base,PITAZU,simple_prototype,minute,0.11865054789324772,0.2807327683798684,187,1574
birdmae_base,PITAZU,attentive,minute,0.07281176121865202,0.3583347679372326,187,1574
birdmae_base,PITAZU,logistic:max,minute,0.11293271319406631,0.2686283713710809,187,1574
birdmae_base,PITAZU,proto_probe,minute,0.08745627291905309,0.3436137125882167,187,1574
birdmae_huge,PITAZU,logistic,fenetre,0.05981912892432112,0.23570840007866778,1475,18706
birdmae_huge,PITAZU,logistic+R37=glmm,fenetre,0.07301187952187585,0.24757883302789752,1475,18706
birdmae_huge,PITAZU,lda_shrunk,fenetre,0.05016516290342456,0.19454072307562253,1475,18706
birdmae_huge,PITAZU,logistic,minute,0.08485278901938494,0.3167129433622967,187,1574
birdmae_huge,PITAZU,logistic+R37=glmm,minute,0.10017260243128384,0.32180089506375953,187,1574
birdmae_huge,PITAZU,lda_shrunk,minute,0.11101792091323556,0.29718838383450286,187,1574
birdmae_large,PITAZU,logistic,fenetre,0.07980059064902865,0.21710702857968842,1475,18706
birdmae_large,PITAZU,logistic+R37=glmm,fenetre,0.08841267296225908,0.24030198932354624,1475,18706
birdmae_large,PITAZU,lda_shrunk,fenetre,0.048697123211762866,0.1926142607772938,1475,18706
birdmae_large,PITAZU,simple_prototype,fenetre,0.07601099117735413,0.19135672310193866,1475,18706
birdmae_large,PITAZU,attentive,fenetre,0.05007472162376408,0.25470798974103925,1475,18706
birdmae_large,PITAZU,logistic:max,fenetre,0.07981633874654667,0.19678940600549355,1475,18706
birdmae_large,PITAZU,proto_probe,fenetre,0.07088343596702532,0.22567385367790013,1475,18706
birdmae_large,PITAZU,logistic,minute,0.11252027072469833,0.29806202448815994,187,1574
birdmae_large,PITAZU,logistic+R37=glmm,minute,0.12474767882881617,0.31171955767599724,187,1574
birdmae_large,PITAZU,lda_shrunk,minute,0.12137502367040505,0.28689175990115307,187,1574
birdmae_large,PITAZU,simple_prototype,minute,0.116215548638202,0.28461075986080037,187,1574
birdmae_large,PITAZU,attentive,minute,0.07959316922004712,0.33896283014036505,187,1574
birdmae_large,PITAZU,logistic:max,minute,0.11182181793125273,0.285589400389505,187,1574
birdmae_large,PITAZU,proto_probe,minute,0.1017065071524721,0.3338553278367745,187,1574
birdnet,PITAZU,logistic,fenetre,0.1215472472652219,0.3968574595950686,2327,31199
birdnet,PITAZU,logistic+R37=glmm,fenetre,0.10917103405690402,0.421016165733335,2327,31199
birdnet,PITAZU,lda_shrunk,fenetre,0.3118927715083622,0.35255921076726837,2327,31199
birdnet,PITAZU,logistic,minute,0.179033856383611,0.5602871924306548,187,1574
birdnet,PITAZU,logistic+R37=glmm,minute,0.16323727855580158,0.5791453175540936,187,1574
birdnet,PITAZU,lda_shrunk,minute,0.6728753206847671,0.46340528377784607,187,1574
birdnet_v3,PITAZU,logistic,fenetre,0.12411781757101398,0.36959673460051246,2327,31199
birdnet_v3,PITAZU,logistic+R37=glmm,fenetre,0.11256298607908678,0.3906821607574453,2327,31199
birdnet_v3,PITAZU,lda_shrunk,fenetre,0.32726704534956313,0.3281640539760967,2327,31199
birdnet_v3,PITAZU,simple_prototype,fenetre,0.10855822603718931,0.2669899357919063,2327,31199
birdnet_v3,PITAZU,logistic,minute,0.1716178227777662,0.5311379738046422,187,1574
birdnet_v3,PITAZU,logistic+R37=glmm,minute,0.1610350430001242,0.5522327073173727,187,1574
birdnet_v3,PITAZU,lda_shrunk,minute,0.593497964246342,0.4291158756438995,187,1574
birdnet_v3,PITAZU,simple_prototype,minute,0.12519205610447082,0.4129733474751238,187,1574
convnext_birdset,PITAZU,logistic,fenetre,0.10680485777152715,0.4055829345537903,1475,18706
convnext_birdset,PITAZU,logistic+R37=glmm,fenetre,0.09557981224679321,0.4251744944556426,1475,18706
convnext_birdset,PITAZU,lda_shrunk,fenetre,0.24939990513713942,0.3455715567782817,1475,18706
convnext_birdset,PITAZU,simple_prototype,fenetre,0.05935319211627854,0.21912803901575723,1475,18706
convnext_birdset,PITAZU,logistic,minute,0.15243412289310806,0.5538188483068414,187,1574
convnext_birdset,PITAZU,logistic+R37=glmm,minute,0.14023068944341144,0.5649655200773955,187,1574
convnext_birdset,PITAZU,lda_shrunk,minute,0.5099131372167246,0.4373618665441151,187,1574
convnext_birdset,PITAZU,simple_prototype,minute,0.09272166895657644,0.333201511546775,187,1574
esp_aves2_eat_all,PITAZU,logistic,fenetre,0.07629173796948972,0.18707946984169363,1475,18706
esp_aves2_eat_all,PITAZU,logistic+R37=glmm,fenetre,0.08865319242435275,0.20147926647456532,1475,18706
esp_aves2_eat_all,PITAZU,lda_shrunk,fenetre,0.08339678354264239,0.22110397707683865,1475,18706
esp_aves2_eat_all,PITAZU,simple_prototype,fenetre,0.10775455660806917,0.18870867376533396,1475,18706
esp_aves2_eat_all,PITAZU,attentive,fenetre,0.07270985716013142,0.24588855597420972,1475,18706
esp_aves2_eat_all,PITAZU,logistic:max,fenetre,0.0649862024721355,0.16932581964161753,1475,18706
esp_aves2_eat_all,PITAZU,proto_probe,fenetre,0.06484706918415262,0.18785280254940973,1475,18706
esp_aves2_eat_all,PITAZU,logistic,minute,0.1108705769332172,0.2586581386215572,187,1574
esp_aves2_eat_all,PITAZU,logistic+R37=glmm,minute,0.12644947570549006,0.2664449784360049,187,1574
esp_aves2_eat_all,PITAZU,lda_shrunk,minute,0.1985417893314778,0.29232754020836105,187,1574
esp_aves2_eat_all,PITAZU,simple_prototype,minute,0.2188560004487876,0.3295054825345828,187,1574
esp_aves2_eat_all,PITAZU,attentive,minute,0.11540996302961318,0.3263263695729039,187,1574
esp_aves2_eat_all,PITAZU,logistic:max,minute,0.09580805303543323,0.23459034124717626,187,1574
esp_aves2_eat_all,PITAZU,proto_probe,minute,0.09459056695380891,0.2469473355520805,187,1574
esp_aves2_eat_bio,PITAZU,logistic,fenetre,0.09503079231506338,0.20365781563964103,1475,18706
esp_aves2_eat_bio,PITAZU,logistic+R37=glmm,fenetre,0.09340530679760065,0.21184668239160243,1475,18706
esp_aves2_eat_bio,PITAZU,lda_shrunk,fenetre,0.23843557335444515,0.2678427910423526,1475,18706
esp_aves2_eat_bio,PITAZU,simple_prototype,fenetre,0.12238659237750871,0.18961845798845364,1475,18706
esp_aves2_eat_bio,PITAZU,attentive,fenetre,0.059842067036571946,0.3376252456203965,1475,18706
esp_aves2_eat_bio,PITAZU,logistic:max,fenetre,0.07499086462029589,0.19003640467476185,1475,18706
esp_aves2_eat_bio,PITAZU,proto_probe,fenetre,0.0788235774089911,0.22439573919919434,1475,18706
esp_aves2_eat_bio,PITAZU,logistic,minute,0.1386374931313708,0.2820369028859611,187,1574
esp_aves2_eat_bio,PITAZU,logistic+R37=glmm,minute,0.1347082518666119,0.2854078407812706,187,1574
esp_aves2_eat_bio,PITAZU,lda_shrunk,minute,0.3848729419651725,0.32641207290785723,187,1574
esp_aves2_eat_bio,PITAZU,simple_prototype,minute,0.2158807763014549,0.3329167171143894,187,1574
esp_aves2_eat_bio,PITAZU,attentive,minute,0.10737872359258546,0.4047629229729374,187,1574
esp_aves2_eat_bio,PITAZU,logistic:max,minute,0.10722719240726933,0.24951049334201597,187,1574
esp_aves2_eat_bio,PITAZU,proto_probe,minute,0.1203555678893718,0.30516009997452986,187,1574
esp_aves2_effnetb0_all,PITAZU,logistic,fenetre,0.10695678796196287,0.2768751174670477,1475,18706
esp_aves2_effnetb0_all,PITAZU,logistic+R37=glmm,fenetre,0.09597491409537816,0.28510564479625194,1475,18706
esp_aves2_effnetb0_all,PITAZU,lda_shrunk,fenetre,0.18095259984355422,0.300504882034756,1475,18706
esp_aves2_effnetb0_all,PITAZU,simple_prototype,fenetre,0.0891215335090307,0.20789535474064647,1475,18706
esp_aves2_effnetb0_all,PITAZU,logistic,minute,0.14585776950354307,0.37578105745521323,187,1574
esp_aves2_effnetb0_all,PITAZU,logistic+R37=glmm,minute,0.13578157991011228,0.3832217636888482,187,1574
esp_aves2_effnetb0_all,PITAZU,lda_shrunk,minute,0.46090746077583367,0.3931143941176318,187,1574
esp_aves2_effnetb0_all,PITAZU,simple_prototype,minute,0.12606610140088292,0.3101200162846023,187,1574
esp_aves2_effnetb0_audioset,PITAZU,logistic,fenetre,0.06431860483032673,0.17068372017823102,1475,18706
esp_aves2_effnetb0_audioset,PITAZU,logistic+R37=glmm,fenetre,0.06459355577121252,0.17629812924348875,1475,18706
esp_aves2_effnetb0_audioset,PITAZU,lda_shrunk,fenetre,0.0431620200614426,0.15485051399219246,1475,18706
esp_aves2_effnetb0_audioset,PITAZU,simple_prototype,fenetre,0.06717076763725631,0.17169649917405555,1475,18706
esp_aves2_effnetb0_audioset,PITAZU,logistic,minute,0.09980846020700158,0.2602356874878624,187,1574
esp_aves2_effnetb0_audioset,PITAZU,logistic+R37=glmm,minute,0.09983581159047669,0.2639942031802214,187,1574
esp_aves2_effnetb0_audioset,PITAZU,lda_shrunk,minute,0.10401477614669527,0.26265002840026286,187,1574
esp_aves2_effnetb0_audioset,PITAZU,simple_prototype,minute,0.09758487038672184,0.24398433178912457,187,1574
esp_aves2_effnetb0_bio,PITAZU,logistic,fenetre,0.11066839109706718,0.3504634612396192,1475,18706
esp_aves2_effnetb0_bio,PITAZU,logistic+R37=glmm,fenetre,0.10731378290648196,0.3876201311884634,1475,18706
esp_aves2_effnetb0_bio,PITAZU,lda_shrunk,fenetre,0.1871947544396036,0.24836371189850917,1475,18706
esp_aves2_effnetb0_bio,PITAZU,simple_prototype,fenetre,0.07073183657492194,0.27720529147464795,1475,18706
esp_aves2_effnetb0_bio,PITAZU,logistic,minute,0.15672069446760412,0.4817260142583255,187,1574
esp_aves2_effnetb0_bio,PITAZU,logistic+R37=glmm,minute,0.1532015751352007,0.5146132666445109,187,1574
esp_aves2_effnetb0_bio,PITAZU,lda_shrunk,minute,0.40543790997656354,0.34883295112536483,187,1574
esp_aves2_effnetb0_bio,PITAZU,simple_prototype,minute,0.10614683173637585,0.46884526146754624,187,1574
esp_aves2_sl_beats_all,PITAZU,logistic,fenetre,0.12369124240757436,0.34087879831729395,1475,18706
esp_aves2_sl_beats_all,PITAZU,logistic+R37=glmm,fenetre,0.10461089666627219,0.3501929364276462,1475,18706
esp_aves2_sl_beats_all,PITAZU,lda_shrunk,fenetre,0.17492356569721085,0.3374933513981411,1475,18706
esp_aves2_sl_beats_all,PITAZU,simple_prototype,fenetre,0.1114065424284649,0.22776885946833084,1475,18706
esp_aves2_sl_beats_all,PITAZU,attentive,fenetre,0.08166173110309638,0.31505882742964253,1475,18706
esp_aves2_sl_beats_all,PITAZU,logistic:max,fenetre,0.1324516214142333,0.3484807844152589,1475,18706
esp_aves2_sl_beats_all,PITAZU,proto_probe,fenetre,0.12333864512675244,0.38943060030885923,1475,18706
esp_aves2_sl_beats_all,PITAZU,logistic,minute,0.1560415175204748,0.427960821791501,187,1574
esp_aves2_sl_beats_all,PITAZU,logistic+R37=glmm,minute,0.14235673372969795,0.42882297510847145,187,1574
esp_aves2_sl_beats_all,PITAZU,lda_shrunk,minute,0.41791151372682545,0.4216775133126421,187,1574
esp_aves2_sl_beats_all,PITAZU,simple_prototype,minute,0.15791619635248774,0.340499107438092,187,1574
esp_aves2_sl_beats_all,PITAZU,attentive,minute,0.1183024363580795,0.3948938095777547,187,1574
esp_aves2_sl_beats_all,PITAZU,logistic:max,minute,0.16282504312314106,0.428207660550405,187,1574
esp_aves2_sl_beats_all,PITAZU,proto_probe,minute,0.1689002100943454,0.4669538642659483,187,1574
esp_aves2_sl_beats_bio,PITAZU,logistic,fenetre,0.1197315585579599,0.37356071733386503,1475,18706
esp_aves2_sl_beats_bio,PITAZU,logistic+R37=glmm,fenetre,0.10879946032454423,0.38333986793846747,1475,18706
esp_aves2_sl_beats_bio,PITAZU,lda_shrunk,fenetre,0.18502914770926926,0.33703378964435304,1475,18706
esp_aves2_sl_beats_bio,PITAZU,simple_prototype,fenetre,0.07589187789514824,0.2520375455160673,1475,18706
esp_aves2_sl_beats_bio,PITAZU,attentive,fenetre,0.0995616136589572,0.3281743882386575,1475,18706
esp_aves2_sl_beats_bio,PITAZU,logistic:max,fenetre,0.12146726914871867,0.3824626129115811,1475,18706
esp_aves2_sl_beats_bio,PITAZU,proto_probe,fenetre,0.11192939483774371,0.3960536385383084,1475,18706
esp_aves2_sl_beats_bio,PITAZU,logistic,minute,0.1537780993248539,0.4438980862015082,187,1574
esp_aves2_sl_beats_bio,PITAZU,logistic+R37=glmm,minute,0.1468010051118041,0.44806594942411554,187,1574
esp_aves2_sl_beats_bio,PITAZU,lda_shrunk,minute,0.3991542679075194,0.4372870136404997,187,1574
esp_aves2_sl_beats_bio,PITAZU,simple_prototype,minute,0.1113772280619407,0.3384522676726105,187,1574
esp_aves2_sl_beats_bio,PITAZU,attentive,minute,0.12772034603413512,0.39814407287899267,187,1574
esp_aves2_sl_beats_bio,PITAZU,logistic:max,minute,0.15564821857312344,0.4498748171718133,187,1574
esp_aves2_sl_beats_bio,PITAZU,proto_probe,minute,0.1558727260165041,0.4603692497046005,187,1574
esp_aves2_sl_eat_all_ssl_all,PITAZU,logistic,fenetre,0.09364285134538851,0.25440500700322816,1475,18706
esp_aves2_sl_eat_all_ssl_all,PITAZU,logistic+R37=glmm,fenetre,0.08449269332158618,0.27039893220054134,1475,18706
esp_aves2_sl_eat_all_ssl_all,PITAZU,lda_shrunk,fenetre,0.11909599345889588,0.2805650104791952,1475,18706
esp_aves2_sl_eat_all_ssl_all,PITAZU,simple_prototype,fenetre,0.068998609655498,0.18258753617936196,1475,18706
esp_aves2_sl_eat_all_ssl_all,PITAZU,attentive,fenetre,0.06727245599244927,0.20501216351957344,1475,18706
esp_aves2_sl_eat_all_ssl_all,PITAZU,logistic:max,fenetre,0.07827178417099588,0.1749916654834178,1475,18706
esp_aves2_sl_eat_all_ssl_all,PITAZU,proto_probe,fenetre,0.06976212339661918,0.2256505890759851,1475,18706
esp_aves2_sl_eat_all_ssl_all,PITAZU,logistic,minute,0.13562379009324288,0.3608398854509627,187,1574
esp_aves2_sl_eat_all_ssl_all,PITAZU,logistic+R37=glmm,minute,0.1256214063618795,0.3838744948843408,187,1574
esp_aves2_sl_eat_all_ssl_all,PITAZU,lda_shrunk,minute,0.3254376955218406,0.37964822157406536,187,1574
esp_aves2_sl_eat_all_ssl_all,PITAZU,simple_prototype,minute,0.11314521734589555,0.29191637130494624,187,1574
esp_aves2_sl_eat_all_ssl_all,PITAZU,attentive,minute,0.167089867819661,0.29931356886305416,187,1574
esp_aves2_sl_eat_all_ssl_all,PITAZU,logistic:max,minute,0.11259279095400539,0.28101811266935023,187,1574
esp_aves2_sl_eat_all_ssl_all,PITAZU,proto_probe,minute,0.11680171972800252,0.34461529207004665,187,1574
esp_aves2_sl_eat_bio_ssl_all,PITAZU,logistic,fenetre,0.10086115788262989,0.30976596312050103,1475,18706
esp_aves2_sl_eat_bio_ssl_all,PITAZU,logistic+R37=glmm,fenetre,0.09600508757588805,0.3217021724007964,1475,18706
esp_aves2_sl_eat_bio_ssl_all,PITAZU,lda_shrunk,fenetre,0.1865349765979197,0.3212790854141416,1475,18706
esp_aves2_sl_eat_bio_ssl_all,PITAZU,simple_prototype,fenetre,0.08613327976139282,0.3611137970161632,1475,18706
esp_aves2_sl_eat_bio_ssl_all,PITAZU,attentive,fenetre,0.08765988022814526,0.2646100658784244,1475,18706
esp_aves2_sl_eat_bio_ssl_all,PITAZU,logistic:max,fenetre,0.10811350946082804,0.27943016555384825,1475,18706
esp_aves2_sl_eat_bio_ssl_all,PITAZU,proto_probe,fenetre,0.10363947052449064,0.3156055321202284,1475,18706
esp_aves2_sl_eat_bio_ssl_all,PITAZU,logistic,minute,0.13299626895965025,0.4090026787714499,187,1574
esp_aves2_sl_eat_bio_ssl_all,PITAZU,logistic+R37=glmm,minute,0.1302587318328607,0.4146277306700945,187,1574
esp_aves2_sl_eat_bio_ssl_all,PITAZU,lda_shrunk,minute,0.45864175559425063,0.45428566445321517,187,1574
esp_aves2_sl_eat_bio_ssl_all,PITAZU,simple_prototype,minute,0.11903933850870631,0.5638345499457977,187,1574
esp_aves2_sl_eat_bio_ssl_all,PITAZU,attentive,minute,0.13656332118052414,0.3490113317526162,187,1574
esp_aves2_sl_eat_bio_ssl_all,PITAZU,logistic:max,minute,0.14356826556773403,0.3746504446595751,187,1574
esp_aves2_sl_eat_bio_ssl_all,PITAZU,proto_probe,minute,0.15188341289043747,0.41678960674498444,187,1574
insect459,PITAZU,logistic,fenetre,0.07498850206591384,0.2093791544569146,1423,17200
insect459,PITAZU,logistic+R37=glmm,fenetre,0.10280636176558945,0.20941709633271977,1423,17200
insect459,PITAZU,lda_shrunk,fenetre,0.06041680690485074,0.2015795263893993,1423,17200
insect459,PITAZU,simple_prototype,fenetre,0.06695120043037074,0.16877435964709303,1423,17200
insect459,PITAZU,logistic,minute,0.10667399270576408,0.2999077152351373,187,1574
insect459,PITAZU,logistic+R37=glmm,minute,0.141676937845283,0.29971958755798944,187,1574
insect459,PITAZU,lda_shrunk,minute,0.16380811234483522,0.3019759910789051,187,1574
insect459,PITAZU,simple_prototype,minute,0.12122456235683732,0.2762893324535892,187,1574
insect66,PITAZU,logistic,fenetre,0.0724910116799864,0.18217676126144738,1423,17200
insect66,PITAZU,logistic+R37=glmm,fenetre,0.09371945667583331,0.18179044843618217,1423,17200
insect66,PITAZU,lda_shrunk,fenetre,0.0449027547253645,0.18434962861290033,1423,17200
insect66,PITAZU,simple_prototype,fenetre,0.06610050604811465,0.19749098052860162,1423,17200
insect66,PITAZU,logistic,minute,0.09877345382239644,0.26157333211628747,187,1574
insect66,PITAZU,logistic+R37=glmm,minute,0.1273774712630989,0.258527686012436,187,1574
insect66,PITAZU,lda_shrunk,minute,0.07176575148180575,0.2548908620149178,187,1574
insect66,PITAZU,simple_prototype,minute,0.09103737296061915,0.2850123258950709,187,1574
naturebeats,PITAZU,logistic,fenetre,0.08522538742254185,0.2670553347545691,1475,18706
naturebeats,PITAZU,logistic+R37=glmm,fenetre,0.09165202510284248,0.28076213190095517,1475,18706
naturebeats,PITAZU,lda_shrunk,fenetre,0.1659368231966685,0.2936240478281318,1475,18706
naturebeats,PITAZU,simple_prototype,fenetre,0.06644006277528453,0.18441828947042846,1475,18706
naturebeats,PITAZU,attentive,fenetre,0.07261542282315434,0.2535252624866568,1475,18706
naturebeats,PITAZU,logistic:max,fenetre,0.09111278278934243,0.2866056974652841,1475,18706
naturebeats,PITAZU,proto_probe,fenetre,0.08899784416931675,0.36886429250503033,1475,18706
naturebeats,PITAZU,logistic,minute,0.1158746007246477,0.37731361660976637,187,1574
naturebeats,PITAZU,logistic+R37=glmm,minute,0.12573518221561647,0.3913111619083382,187,1574
naturebeats,PITAZU,lda_shrunk,minute,0.332628188453138,0.3726342761664915,187,1574
naturebeats,PITAZU,simple_prototype,minute,0.09558708072052152,0.2783502747761074,187,1574
naturebeats,PITAZU,attentive,minute,0.10682248669283924,0.3189950018429902,187,1574
naturebeats,PITAZU,logistic:max,minute,0.12257434140014475,0.4064469902418544,187,1574
naturebeats,PITAZU,proto_probe,minute,0.12901455439611612,0.5122875328262371,187,1574
perch_bird,PITAZU,logistic,fenetre,0.11886428055386224,0.4869104641625214,1475,18706
perch_bird,PITAZU,logistic+R37=glmm,fenetre,0.13601318334511825,0.49483070985952804,1475,18706
perch_bird,PITAZU,lda_shrunk,fenetre,0.3140873865625906,0.37417664553833846,1475,18706
perch_bird,PITAZU,logistic,minute,0.1745334129038401,0.61113857025425,187,1574
perch_bird,PITAZU,logistic+R37=glmm,minute,0.19200036098070197,0.6319243949743153,187,1574
perch_bird,PITAZU,lda_shrunk,minute,0.539149494337364,0.45096020611078647,187,1574
perch_v2,PITAZU,logistic,fenetre,0.11062840039580363,0.4398921391853705,1475,18706
perch_v2,PITAZU,logistic+R37=glmm,fenetre,0.11194055461880928,0.4593778358418185,1475,18706
perch_v2,PITAZU,lda_shrunk,fenetre,0.2622009526854909,0.3457193390451029,1475,18706
perch_v2,PITAZU,simple_prototype,fenetre,0.0749614092312822,0.35833784660983353,1475,18706
perch_v2,PITAZU,attentive,fenetre,0.11240284320197184,0.36545423410985933,1475,18706
perch_v2,PITAZU,logistic:max,fenetre,0.09094688740661094,0.33239920193727773,1475,18706
perch_v2,PITAZU,proto_probe,fenetre,0.09314557287952847,0.4284952513139228,1475,18706
perch_v2,PITAZU,logistic,minute,0.14967120905304782,0.5068791722615511,187,1574
perch_v2,PITAZU,logistic+R37=glmm,minute,0.15169107626357833,0.5225778254235304,187,1574
perch_v2,PITAZU,lda_shrunk,minute,0.4435951673056752,0.41057351483013355,187,1574
perch_v2,PITAZU,simple_prototype,minute,0.10925009947063469,0.5429184244037993,187,1574
perch_v2,PITAZU,attentive,minute,0.16699504584567448,0.48112759628388985,187,1574
perch_v2,PITAZU,logistic:max,minute,0.12754952282245624,0.4641723596463817,187,1574
perch_v2,PITAZU,proto_probe,minute,0.1330213635966656,0.6089077469804256,187,1574
protoclr,PITAZU,logistic,fenetre,0.04966725710724419,0.1548290167496706,1247,15576
protoclr,PITAZU,logistic+R37=glmm,fenetre,0.04569486181455454,0.15452986060999696,1247,15576
protoclr,PITAZU,lda_shrunk,fenetre,0.04675081001187412,0.22195150151948442,1247,15576
protoclr,PITAZU,logistic,minute,0.07668035185225078,0.22965727880906614,187,1574
protoclr,PITAZU,logistic+R37=glmm,minute,0.06960681083085615,0.23140739979775515,187,1574
protoclr,PITAZU,lda_shrunk,minute,0.07903316292940157,0.3139349399831352,187,1574
rcl_fs_bsed,PITAZU,logistic,fenetre,0.12861392421967838,0.19058049129738286,28037,469987
rcl_fs_bsed,PITAZU,logistic+R37=glmm,fenetre,0.10833482513213089,0.1910878814422243,28037,469987
rcl_fs_bsed,PITAZU,lda_shrunk,fenetre,0.19423910031763722,0.22256775634214848,28037,469987
rcl_fs_bsed,PITAZU,simple_prototype,fenetre,0.07063242784561743,0.12008493910182357,28037,469987
rcl_fs_bsed,PITAZU,logistic,minute,0.2547125231778728,0.42559683864083336,187,1574
rcl_fs_bsed,PITAZU,logistic+R37=glmm,minute,0.2267319051223261,0.42585489030772855,187,1574
rcl_fs_bsed,PITAZU,lda_shrunk,minute,0.7175963835847027,0.4477458288666044,187,1574
rcl_fs_bsed,PITAZU,simple_prototype,minute,0.37706117818648144,0.3233169034187071,187,1574
audioprotopnet,PHYCUV,logistic,fenetre,0.8298078731410704,0.8710237794767002,984,18535
audioprotopnet,PHYCUV,logistic+R37=glmm,fenetre,0.8291325447049502,0.8709103992031283,984,18535
audioprotopnet,PHYCUV,lda_shrunk,fenetre,0.7983193682680776,0.8464287723848156,984,18535
audioprotopnet,PHYCUV,simple_prototype,fenetre,0.11247816730919052,0.20777790997752257,984,18535
audioprotopnet,PHYCUV,logistic,minute,0.947873520817363,0.9705383061031903,184,1579
audioprotopnet,PHYCUV,logistic+R37=glmm,minute,0.9471793750425836,0.9705118475877578,184,1579
audioprotopnet,PHYCUV,lda_shrunk,minute,0.9400859549630394,0.9617899369060002,184,1579
audioprotopnet,PHYCUV,simple_prototype,minute,0.18891122875967137,0.3299316793071177,184,1579
beats,PHYCUV,logistic,fenetre,0.13689421128485735,0.3102989431845902,984,18535
beats,PHYCUV,logistic+R37=glmm,fenetre,0.14518752203250324,0.3070193566934795,984,18535
beats,PHYCUV,lda_shrunk,fenetre,0.27082164721308355,0.37176384687947706,984,18535
beats,PHYCUV,simple_prototype,fenetre,0.040089261209761785,0.09157542097631277,984,18535
beats,PHYCUV,attentive,fenetre,0.26082045003434906,0.39738125129060203,984,18535
beats,PHYCUV,logistic:max,fenetre,0.14040414463534157,0.31896205425001944,984,18535
beats,PHYCUV,proto_probe,fenetre,0.22928394439910132,0.45986100732434826,984,18535
beats,PHYCUV,logistic,minute,0.19705250080242787,0.37605905053750494,184,1579
beats,PHYCUV,logistic+R37=glmm,minute,0.20635800573989616,0.37648749968563794,184,1579
beats,PHYCUV,lda_shrunk,minute,0.37664065120280493,0.4743595132938705,184,1579
beats,PHYCUV,simple_prototype,minute,0.1007739164987879,0.1912107125811792,184,1579
beats,PHYCUV,attentive,minute,0.31630310623781344,0.4653920893050379,184,1579
beats,PHYCUV,logistic:max,minute,0.20454216646518913,0.3845396655214104,184,1579
beats,PHYCUV,proto_probe,minute,0.33336394270873415,0.5592279311634886,184,1579
birdmae_base,PHYCUV,logistic,fenetre,0.2507203840449112,0.405083572713362,984,18535
birdmae_base,PHYCUV,logistic+R37=glmm,fenetre,0.24607115027600707,0.40180890001227754,984,18535
birdmae_base,PHYCUV,lda_shrunk,fenetre,0.4892130911959482,0.5171051191811853,984,18535
birdmae_base,PHYCUV,simple_prototype,fenetre,0.04698444761161426,0.14841360588196656,984,18535
birdmae_base,PHYCUV,attentive,fenetre,0.34499691810970284,0.5462845540245725,984,18535
birdmae_base,PHYCUV,logistic:max,fenetre,0.15846574913654746,0.36493846221423837,984,18535
birdmae_base,PHYCUV,proto_probe,fenetre,0.5450214614353265,0.7966770839247707,984,18535
birdmae_base,PHYCUV,logistic,minute,0.3812453452998587,0.5361537880248646,184,1579
birdmae_base,PHYCUV,logistic+R37=glmm,minute,0.364230102465206,0.5330031473290983,184,1579
birdmae_base,PHYCUV,lda_shrunk,minute,0.611538829679947,0.6403689304665591,184,1579
birdmae_base,PHYCUV,simple_prototype,minute,0.11139169146735536,0.24607669700939394,184,1579
birdmae_base,PHYCUV,attentive,minute,0.5302815428472525,0.7227401477602419,184,1579
birdmae_base,PHYCUV,logistic:max,minute,0.26700697039343163,0.5029334747204244,184,1579
birdmae_base,PHYCUV,proto_probe,minute,0.693187232979456,0.9082383547750686,184,1579
birdmae_huge,PHYCUV,logistic,fenetre,0.34121088330612986,0.45142919036070345,984,18535
birdmae_huge,PHYCUV,logistic+R37=glmm,fenetre,0.339507791083387,0.45302343134913575,984,18535
birdmae_huge,PHYCUV,lda_shrunk,fenetre,0.5468414218475325,0.5642963831762247,984,18535
birdmae_huge,PHYCUV,logistic,minute,0.4813708517878637,0.5896483461976811,184,1579
birdmae_huge,PHYCUV,logistic+R37=glmm,minute,0.4794662918810676,0.5905389814959383,184,1579
birdmae_huge,PHYCUV,lda_shrunk,minute,0.6896405060852118,0.7129123918301041,184,1579
birdmae_large,PHYCUV,logistic,fenetre,0.32249324945498453,0.4295755262906762,984,18535
birdmae_large,PHYCUV,logistic+R37=glmm,fenetre,0.3209221492672855,0.4204777307409137,984,18535
birdmae_large,PHYCUV,lda_shrunk,fenetre,0.48589553981235695,0.5764539689035536,984,18535
birdmae_large,PHYCUV,simple_prototype,fenetre,0.04978616872999403,0.1091127592487127,984,18535
birdmae_large,PHYCUV,attentive,fenetre,0.44205011950299183,0.550430117624308,984,18535
birdmae_large,PHYCUV,logistic:max,fenetre,0.19468427157497506,0.312186970096532,984,18535
birdmae_large,PHYCUV,proto_probe,fenetre,0.5823730798515613,0.7842422311465098,984,18535
birdmae_large,PHYCUV,logistic,minute,0.44229244240686655,0.5516933267135221,184,1579
birdmae_large,PHYCUV,logistic+R37=glmm,minute,0.4405127749090673,0.5430351348759906,184,1579
birdmae_large,PHYCUV,lda_shrunk,minute,0.5751283151647946,0.705107361011109,184,1579
birdmae_large,PHYCUV,simple_prototype,minute,0.10977550502374261,0.20081844928658246,184,1579
birdmae_large,PHYCUV,attentive,minute,0.5776195933457574,0.7033752021020376,184,1579
birdmae_large,PHYCUV,logistic:max,minute,0.3023392274995095,0.4535242052787283,184,1579
birdmae_large,PHYCUV,proto_probe,minute,0.7075626897176089,0.9056266226383604,184,1579
birdnet,PHYCUV,logistic,fenetre,0.49157854283882946,0.6380308555084091,1674,31061
birdnet,PHYCUV,logistic+R37=glmm,fenetre,0.49844179437748837,0.6355239336587687,1674,31061
birdnet,PHYCUV,lda_shrunk,fenetre,0.5942075273897561,0.6592935673511864,1674,31061
birdnet,PHYCUV,logistic,minute,0.6609106800546602,0.8119648340609965,184,1579
birdnet,PHYCUV,logistic+R37=glmm,minute,0.6663405544130121,0.8105278086808708,184,1579
birdnet,PHYCUV,lda_shrunk,minute,0.7456483771315994,0.8142550792701932,184,1579
birdnet_v3,PHYCUV,logistic,fenetre,0.69756411070038,0.7388949648450963,1674,31061
birdnet_v3,PHYCUV,logistic+R37=glmm,fenetre,0.702304392620739,0.7374287833373013,1674,31061
birdnet_v3,PHYCUV,lda_shrunk,fenetre,0.6380638358855347,0.7255186876008023,1674,31061
birdnet_v3,PHYCUV,simple_prototype,fenetre,0.15496129375480008,0.2805910760024294,1674,31061
birdnet_v3,PHYCUV,classifieur_origine,fenetre,0.5892467619227942,0.6952249548724172,1674,31061
birdnet_v3,PHYCUV,logistic,minute,0.8313874387190783,0.9176400569956561,184,1579
birdnet_v3,PHYCUV,logistic+R37=glmm,minute,0.837408950795014,0.9154811538875233,184,1579
birdnet_v3,PHYCUV,lda_shrunk,minute,0.829067051768047,0.9010120546625001,184,1579
birdnet_v3,PHYCUV,simple_prototype,minute,0.3208757353391039,0.5261198518689206,184,1579
birdnet_v3,PHYCUV,classifieur_origine,minute,0.7797445619420471,0.8899344495542243,184,1579
convnext_birdset,PHYCUV,logistic,fenetre,0.7702469162880088,0.853367180603116,984,18535
convnext_birdset,PHYCUV,logistic+R37=glmm,fenetre,0.7691040245358485,0.8528617367071357,984,18535
convnext_birdset,PHYCUV,lda_shrunk,fenetre,0.7734972031701146,0.8430670441450764,984,18535
convnext_birdset,PHYCUV,simple_prototype,fenetre,0.2082532091747474,0.49420560734995966,984,18535
convnext_birdset,PHYCUV,logistic,minute,0.9206262161968215,0.9609287112546344,184,1579
convnext_birdset,PHYCUV,logistic+R37=glmm,minute,0.9203736086193297,0.9608872988977866,184,1579
convnext_birdset,PHYCUV,lda_shrunk,minute,0.9191107251607011,0.9493110207215434,184,1579
convnext_birdset,PHYCUV,simple_prototype,minute,0.4076698725428634,0.6747036730301694,184,1579
esp_aves2_eat_all,PHYCUV,logistic,fenetre,0.1768031587410529,0.3638960218131255,984,18535
esp_aves2_eat_all,PHYCUV,logistic+R37=glmm,fenetre,0.17533287087003177,0.3478382051574949,984,18535
esp_aves2_eat_all,PHYCUV,lda_shrunk,fenetre,0.3268139863960405,0.33566936683529297,984,18535
esp_aves2_eat_all,PHYCUV,simple_prototype,fenetre,0.049097650450684566,0.12832663927332708,984,18535
esp_aves2_eat_all,PHYCUV,attentive,fenetre,0.2528823161306889,0.34807336713494524,984,18535
esp_aves2_eat_all,PHYCUV,logistic:max,fenetre,0.12333197225884379,0.2775914340665351,984,18535
esp_aves2_eat_all,PHYCUV,proto_probe,fenetre,0.3404616011479913,0.6422229127924449,984,18535
esp_aves2_eat_all,PHYCUV,logistic,minute,0.3194290171273385,0.4894351901416342,184,1579
esp_aves2_eat_all,PHYCUV,logistic+R37=glmm,minute,0.3233056656239317,0.47847801640892546,184,1579
esp_aves2_eat_all,PHYCUV,lda_shrunk,minute,0.45519306716972163,0.47677232812334874,184,1579
esp_aves2_eat_all,PHYCUV,simple_prototype,minute,0.1243294552026841,0.2620643876276642,184,1579
esp_aves2_eat_all,PHYCUV,attentive,minute,0.39995974792303185,0.5074522187174438,184,1579
esp_aves2_eat_all,PHYCUV,logistic:max,minute,0.2332413688447511,0.40119465939875026,184,1579
esp_aves2_eat_all,PHYCUV,proto_probe,minute,0.5685168845843281,0.7998358731392113,184,1579
esp_aves2_eat_bio,PHYCUV,logistic,fenetre,0.2334800508215148,0.3063836118782057,984,18535
esp_aves2_eat_bio,PHYCUV,logistic+R37=glmm,fenetre,0.23576861968703933,0.29689533916478655,984,18535
esp_aves2_eat_bio,PHYCUV,lda_shrunk,fenetre,0.22799538744880415,0.30500815947669463,984,18535
esp_aves2_eat_bio,PHYCUV,simple_prototype,fenetre,0.07814355904130015,0.17135510663567025,984,18535
esp_aves2_eat_bio,PHYCUV,attentive,fenetre,0.3095835713123136,0.45278253502237265,984,18535
esp_aves2_eat_bio,PHYCUV,logistic:max,fenetre,0.13590757961682337,0.3138765164790675,984,18535
esp_aves2_eat_bio,PHYCUV,proto_probe,fenetre,0.30755984109021617,0.6190280799085839,984,18535
esp_aves2_eat_bio,PHYCUV,logistic,minute,0.3575224439477242,0.4516209319859242,184,1579
esp_aves2_eat_bio,PHYCUV,logistic+R37=glmm,minute,0.36146619733103313,0.4421680227000604,184,1579
esp_aves2_eat_bio,PHYCUV,lda_shrunk,minute,0.3453738370125074,0.4384088100142372,184,1579
esp_aves2_eat_bio,PHYCUV,simple_prototype,minute,0.1513518114792572,0.29855003315501544,184,1579
esp_aves2_eat_bio,PHYCUV,attentive,minute,0.43156981102380676,0.5510523364371578,184,1579
esp_aves2_eat_bio,PHYCUV,logistic:max,minute,0.25052543558683166,0.45339229431979916,184,1579
esp_aves2_eat_bio,PHYCUV,proto_probe,minute,0.48122897945548765,0.7513716755629097,184,1579
esp_aves2_effnetb0_all,PHYCUV,logistic,fenetre,0.2743536036690203,0.49657219038009326,984,18535
esp_aves2_effnetb0_all,PHYCUV,logistic+R37=glmm,fenetre,0.286239094635536,0.4875197685585042,984,18535
esp_aves2_effnetb0_all,PHYCUV,lda_shrunk,fenetre,0.323175019389096,0.3722672635880593,984,18535
esp_aves2_effnetb0_all,PHYCUV,simple_prototype,fenetre,0.04584298308060708,0.11881651647838337,984,18535
esp_aves2_effnetb0_all,PHYCUV,logistic,minute,0.4337768780947131,0.645051864482369,184,1579
esp_aves2_effnetb0_all,PHYCUV,logistic+R37=glmm,minute,0.4466175289882994,0.6362219470644698,184,1579
esp_aves2_effnetb0_all,PHYCUV,lda_shrunk,minute,0.46060570054531835,0.5190711942904931,184,1579
esp_aves2_effnetb0_all,PHYCUV,simple_prototype,minute,0.11381265234897114,0.2875126881963092,184,1579
esp_aves2_effnetb0_audioset,PHYCUV,logistic,fenetre,0.3391360445547148,0.34645037874137335,984,18535
esp_aves2_effnetb0_audioset,PHYCUV,logistic+R37=glmm,fenetre,0.31158864908658335,0.31530351942066426,984,18535
esp_aves2_effnetb0_audioset,PHYCUV,lda_shrunk,fenetre,0.3944731484101297,0.45382410703347525,984,18535
esp_aves2_effnetb0_audioset,PHYCUV,simple_prototype,fenetre,0.05151272813385113,0.08753372279084463,984,18535
esp_aves2_effnetb0_audioset,PHYCUV,logistic,minute,0.49624165511648666,0.5153489150216495,184,1579
esp_aves2_effnetb0_audioset,PHYCUV,logistic+R37=glmm,minute,0.47880701179488183,0.4954586465017899,184,1579
esp_aves2_effnetb0_audioset,PHYCUV,lda_shrunk,minute,0.5349182252178154,0.6183428503538971,184,1579
esp_aves2_effnetb0_audioset,PHYCUV,simple_prototype,minute,0.13185273604421874,0.210252126572858,184,1579
esp_aves2_effnetb0_bio,PHYCUV,logistic,fenetre,0.538899360558679,0.5327176563681287,984,18535
esp_aves2_effnetb0_bio,PHYCUV,logistic+R37=glmm,fenetre,0.5312383053507734,0.5266951189210576,984,18535
esp_aves2_effnetb0_bio,PHYCUV,lda_shrunk,fenetre,0.5401748052630454,0.5310452831261523,984,18535
esp_aves2_effnetb0_bio,PHYCUV,simple_prototype,fenetre,0.09255670598653876,0.26725528982941765,984,18535
esp_aves2_effnetb0_bio,PHYCUV,logistic,minute,0.6888838036012388,0.694513535832868,184,1579
esp_aves2_effnetb0_bio,PHYCUV,logistic+R37=glmm,minute,0.6845507984431057,0.6916447297067997,184,1579
esp_aves2_effnetb0_bio,PHYCUV,lda_shrunk,minute,0.6777658804435226,0.6714980218913794,184,1579
esp_aves2_effnetb0_bio,PHYCUV,simple_prototype,minute,0.1883884266360575,0.4503681940124913,184,1579
esp_aves2_sl_beats_all,PHYCUV,logistic,fenetre,0.7645370936379454,0.773133039101405,984,18535
esp_aves2_sl_beats_all,PHYCUV,logistic+R37=glmm,fenetre,0.7673113157264175,0.7718204458352357,984,18535
esp_aves2_sl_beats_all,PHYCUV,lda_shrunk,fenetre,0.7476437072196488,0.757897480642558,984,18535
esp_aves2_sl_beats_all,PHYCUV,simple_prototype,fenetre,0.0816423681760455,0.21443317125466885,984,18535
esp_aves2_sl_beats_all,PHYCUV,attentive,fenetre,0.6126038054138405,0.656669640896787,984,18535
esp_aves2_sl_beats_all,PHYCUV,logistic:max,fenetre,0.7399222284908771,0.7638778924912476,984,18535
esp_aves2_sl_beats_all,PHYCUV,proto_probe,fenetre,0.8195135599054699,0.8510732713468133,984,18535
esp_aves2_sl_beats_all,PHYCUV,logistic,minute,0.8439001988533987,0.8917971959721017,184,1579
esp_aves2_sl_beats_all,PHYCUV,logistic+R37=glmm,minute,0.8463983709139796,0.8911570272500687,184,1579
esp_aves2_sl_beats_all,PHYCUV,lda_shrunk,minute,0.8228634041491828,0.8757031383661239,184,1579
esp_aves2_sl_beats_all,PHYCUV,simple_prototype,minute,0.18413613269487972,0.3806745419571514,184,1579
esp_aves2_sl_beats_all,PHYCUV,attentive,minute,0.7277382046347719,0.7899966977425431,184,1579
esp_aves2_sl_beats_all,PHYCUV,logistic:max,minute,0.8341940961412161,0.8847492861150017,184,1579
esp_aves2_sl_beats_all,PHYCUV,proto_probe,minute,0.9114063852745133,0.9473144138577565,184,1579
esp_aves2_sl_beats_bio,PHYCUV,logistic,fenetre,0.4890296688279723,0.7122751327680286,984,18535
esp_aves2_sl_beats_bio,PHYCUV,logistic+R37=glmm,fenetre,0.4916724407711007,0.7111804161378853,984,18535
esp_aves2_sl_beats_bio,PHYCUV,lda_shrunk,fenetre,0.6778334529891481,0.7422228817393813,984,18535
esp_aves2_sl_beats_bio,PHYCUV,simple_prototype,fenetre,0.07460699717730625,0.33457784006685043,984,18535
esp_aves2_sl_beats_bio,PHYCUV,attentive,fenetre,0.5519136334150234,0.6604768073515701,984,18535
esp_aves2_sl_beats_bio,PHYCUV,logistic:max,fenetre,0.5017663769598564,0.7192559097411199,984,18535
esp_aves2_sl_beats_bio,PHYCUV,proto_probe,fenetre,0.6070578403521818,0.8081995620732473,984,18535
esp_aves2_sl_beats_bio,PHYCUV,logistic,minute,0.709765258265136,0.8687941842756673,184,1579
esp_aves2_sl_beats_bio,PHYCUV,logistic+R37=glmm,minute,0.7133581159366724,0.8682635129238795,184,1579
esp_aves2_sl_beats_bio,PHYCUV,lda_shrunk,minute,0.8353758600308036,0.8862301143882435,184,1579
esp_aves2_sl_beats_bio,PHYCUV,simple_prototype,minute,0.16105898491849277,0.5507227089391776,184,1579
esp_aves2_sl_beats_bio,PHYCUV,attentive,minute,0.7066311319536434,0.8021975323501617,184,1579
esp_aves2_sl_beats_bio,PHYCUV,logistic:max,minute,0.7185922881951722,0.8731222776327433,184,1579
esp_aves2_sl_beats_bio,PHYCUV,proto_probe,minute,0.8101538117498018,0.9209429600011215,184,1579
esp_aves2_sl_eat_all_ssl_all,PHYCUV,logistic,fenetre,0.24338651009382495,0.425863867538093,984,18535
esp_aves2_sl_eat_all_ssl_all,PHYCUV,logistic+R37=glmm,fenetre,0.2500898113316101,0.42234240695994724,984,18535
esp_aves2_sl_eat_all_ssl_all,PHYCUV,lda_shrunk,fenetre,0.5346813345642121,0.6235919250100357,984,18535
esp_aves2_sl_eat_all_ssl_all,PHYCUV,simple_prototype,fenetre,0.04676308015968115,0.0996989154420938,984,18535
esp_aves2_sl_eat_all_ssl_all,PHYCUV,attentive,fenetre,0.23178550072062554,0.3830400926071282,984,18535
esp_aves2_sl_eat_all_ssl_all,PHYCUV,logistic:max,fenetre,0.1345523538884435,0.2986776973708854,984,18535
esp_aves2_sl_eat_all_ssl_all,PHYCUV,proto_probe,fenetre,0.20966508167672343,0.46875419160380005,984,18535
esp_aves2_sl_eat_all_ssl_all,PHYCUV,logistic,minute,0.4127721605889922,0.6142361975974725,184,1579
esp_aves2_sl_eat_all_ssl_all,PHYCUV,logistic+R37=glmm,minute,0.4249734675019038,0.6136209258612817,184,1579
esp_aves2_sl_eat_all_ssl_all,PHYCUV,lda_shrunk,minute,0.6826784071615131,0.8068650248358055,184,1579
esp_aves2_sl_eat_all_ssl_all,PHYCUV,simple_prototype,minute,0.11155348896708558,0.22073200499054016,184,1579
esp_aves2_sl_eat_all_ssl_all,PHYCUV,attentive,minute,0.39402804133247976,0.5403273632966216,184,1579
esp_aves2_sl_eat_all_ssl_all,PHYCUV,logistic:max,minute,0.2508079245164589,0.4452564643733094,184,1579
esp_aves2_sl_eat_all_ssl_all,PHYCUV,proto_probe,minute,0.38271633887826756,0.6428040227902732,184,1579
esp_aves2_sl_eat_bio_ssl_all,PHYCUV,logistic,fenetre,0.5264246793643039,0.5739666282242599,984,18535
esp_aves2_sl_eat_bio_ssl_all,PHYCUV,logistic+R37=glmm,fenetre,0.5344204445600913,0.5741047782647295,984,18535
esp_aves2_sl_eat_bio_ssl_all,PHYCUV,lda_shrunk,fenetre,0.60735585919933,0.6232189871063994,984,18535
esp_aves2_sl_eat_bio_ssl_all,PHYCUV,simple_prototype,fenetre,0.11314106876447767,0.30558510851785514,984,18535
esp_aves2_sl_eat_bio_ssl_all,PHYCUV,attentive,fenetre,0.273602934406021,0.5497838164797245,984,18535
esp_aves2_sl_eat_bio_ssl_all,PHYCUV,logistic:max,fenetre,0.26647539977355483,0.5953825646206673,984,18535
esp_aves2_sl_eat_bio_ssl_all,PHYCUV,proto_probe,fenetre,0.5286763449111536,0.6929970517775584,984,18535
esp_aves2_sl_eat_bio_ssl_all,PHYCUV,logistic,minute,0.7023076033337813,0.7838557682571633,184,1579
esp_aves2_sl_eat_bio_ssl_all,PHYCUV,logistic+R37=glmm,minute,0.7168608482244729,0.7859813436130455,184,1579
esp_aves2_sl_eat_bio_ssl_all,PHYCUV,lda_shrunk,minute,0.7709603813126531,0.8090574786912565,184,1579
esp_aves2_sl_eat_bio_ssl_all,PHYCUV,simple_prototype,minute,0.23056985663474794,0.5299052726978836,184,1579
esp_aves2_sl_eat_bio_ssl_all,PHYCUV,attentive,minute,0.4591548027899374,0.7252867203043109,184,1579
esp_aves2_sl_eat_bio_ssl_all,PHYCUV,logistic:max,minute,0.4413941546721664,0.7734761612029787,184,1579
esp_aves2_sl_eat_bio_ssl_all,PHYCUV,proto_probe,minute,0.6795951853815332,0.8510239488834945,184,1579
insect459,PHYCUV,logistic,fenetre,0.11127753267982826,0.22058133243793784,940,17011
insect459,PHYCUV,logistic+R37=glmm,fenetre,0.11393425970124543,0.2202219458497343,940,17011
insect459,PHYCUV,lda_shrunk,fenetre,0.1939874831392606,0.3209884503678402,940,17011
insect459,PHYCUV,simple_prototype,fenetre,0.04576501350291852,0.0993101320565602,940,17011
insect459,PHYCUV,logistic,minute,0.2599647211416294,0.3655112852173678,184,1579
insect459,PHYCUV,logistic+R37=glmm,minute,0.26442774722372353,0.36563770514950367,184,1579
insect459,PHYCUV,lda_shrunk,minute,0.33414061553146646,0.47199180234949695,184,1579
insect459,PHYCUV,simple_prototype,minute,0.09958953224294541,0.19475496771078635,184,1579
insect66,PHYCUV,logistic,fenetre,0.11848573106724807,0.23682352582714636,940,17011
insect66,PHYCUV,logistic+R37=glmm,fenetre,0.11947493521610089,0.23912257098640954,940,17011
insect66,PHYCUV,lda_shrunk,fenetre,0.23340269757300902,0.23188707025248298,940,17011
insect66,PHYCUV,simple_prototype,fenetre,0.050256701991480114,0.10124430931830612,940,17011
insect66,PHYCUV,logistic,minute,0.2425233780878973,0.3911994225242643,184,1579
insect66,PHYCUV,logistic+R37=glmm,minute,0.24577454238172916,0.39475956831459486,184,1579
insect66,PHYCUV,lda_shrunk,minute,0.39112658347446977,0.4072518971171384,184,1579
insect66,PHYCUV,simple_prototype,minute,0.11482497820112429,0.20303699147804785,184,1579
naturebeats,PHYCUV,logistic,fenetre,0.4493806521730896,0.7055456725137536,984,18535
naturebeats,PHYCUV,logistic+R37=glmm,fenetre,0.46372493044182983,0.7079758635339216,984,18535
naturebeats,PHYCUV,lda_shrunk,fenetre,0.5872280128540022,0.7071959514029879,984,18535
naturebeats,PHYCUV,simple_prototype,fenetre,0.06729531757761202,0.27217967684144806,984,18535
naturebeats,PHYCUV,attentive,fenetre,0.39226039284702474,0.6114692246323437,984,18535
naturebeats,PHYCUV,logistic:max,fenetre,0.39187057959491256,0.6857485065511284,984,18535
naturebeats,PHYCUV,proto_probe,fenetre,0.7920479940078529,0.908780528220106,984,18535
naturebeats,PHYCUV,logistic,minute,0.6114904269427013,0.8625003873671157,184,1579
naturebeats,PHYCUV,logistic+R37=glmm,minute,0.6261707028759705,0.8673219285917447,184,1579
naturebeats,PHYCUV,lda_shrunk,minute,0.7616310717326197,0.855535967048162,184,1579
naturebeats,PHYCUV,simple_prototype,minute,0.17054180732092786,0.4634346471411821,184,1579
naturebeats,PHYCUV,attentive,minute,0.5544931593492703,0.7595450206013035,184,1579
naturebeats,PHYCUV,logistic:max,minute,0.5404655455460485,0.8464124210269351,184,1579
naturebeats,PHYCUV,proto_probe,minute,0.9127143997563993,0.9834467993052999,184,1579
perch_bird,PHYCUV,logistic,fenetre,0.7985025525608804,0.7988788677967378,984,18535
perch_bird,PHYCUV,logistic+R37=glmm,fenetre,0.7977955164368881,0.797843187983902,984,18535
perch_bird,PHYCUV,lda_shrunk,fenetre,0.7960325071435149,0.7605045338459493,984,18535
perch_bird,PHYCUV,logistic,minute,0.9128099941882212,0.9315894292788641,184,1579
perch_bird,PHYCUV,logistic+R37=glmm,minute,0.912465014838141,0.9309245942568082,184,1579
perch_bird,PHYCUV,lda_shrunk,minute,0.8991779430004676,0.8955633689785358,184,1579
perch_v2,PHYCUV,logistic,fenetre,0.8686671510959048,0.8759325648486214,984,18535
perch_v2,PHYCUV,logistic+R37=glmm,fenetre,0.8679272636698091,0.8752645763302742,984,18535
perch_v2,PHYCUV,lda_shrunk,fenetre,0.8754720329101717,0.8391570069944505,984,18535
perch_v2,PHYCUV,simple_prototype,fenetre,0.11659715341776111,0.48692177053989844,984,18535
perch_v2,PHYCUV,attentive,fenetre,0.8358527209505515,0.835430956330801,984,18535
perch_v2,PHYCUV,logistic:max,fenetre,0.7563836188107091,0.7615834972333743,984,18535
perch_v2,PHYCUV,proto_probe,fenetre,0.8290241474594492,0.8514279033947255,984,18535
perch_v2,PHYCUV,logistic,minute,0.9463680209607417,0.9601843754145462,184,1579
perch_v2,PHYCUV,logistic+R37=glmm,minute,0.945680433865936,0.9600363521534533,184,1579
perch_v2,PHYCUV,lda_shrunk,minute,0.956083369480054,0.9419568389696611,184,1579
perch_v2,PHYCUV,simple_prototype,minute,0.21858287509118016,0.6165962439948839,184,1579
perch_v2,PHYCUV,attentive,minute,0.9099214165636388,0.9430101343190908,184,1579
perch_v2,PHYCUV,logistic:max,minute,0.8416071011336994,0.8999639867030408,184,1579
perch_v2,PHYCUV,proto_probe,minute,0.9000923429435866,0.9532164384477638,184,1579
protoclr,PHYCUV,logistic,fenetre,0.06406322756989338,0.19082621366295424,831,15415
protoclr,PHYCUV,logistic+R37=glmm,fenetre,0.07783342614254773,0.1999609986302541,831,15415
protoclr,PHYCUV,lda_shrunk,fenetre,0.20468229828358134,0.2604341865916518,831,15415
protoclr,PHYCUV,logistic,minute,0.149211092753832,0.2925646113472656,184,1579
protoclr,PHYCUV,logistic+R37=glmm,minute,0.16644104729949882,0.302322601970666,184,1579
protoclr,PHYCUV,lda_shrunk,minute,0.2890852339385642,0.3860475300066761,184,1579
rcl_fs_bsed,PHYCUV,logistic,fenetre,0.12143131771142106,0.19595507849461327,27210,472224
rcl_fs_bsed,PHYCUV,logistic+R37=glmm,fenetre,0.11033868933339934,0.18377142047684605,27210,472224
rcl_fs_bsed,PHYCUV,lda_shrunk,fenetre,0.11457970216643082,0.241001927634829,27210,472224
rcl_fs_bsed,PHYCUV,simple_prototype,fenetre,0.03862536922520846,0.08375917303860814,27210,472224
rcl_fs_bsed,PHYCUV,logistic,minute,0.25264138673678016,0.4179249726546355,184,1579
rcl_fs_bsed,PHYCUV,logistic+R37=glmm,minute,0.24764028044559722,0.40488603424931696,184,1579
rcl_fs_bsed,PHYCUV,lda_shrunk,minute,0.24991399370198114,0.48205536651123326,184,1579
rcl_fs_bsed,PHYCUV,simple_prototype,minute,0.08050537066413949,0.16538538277796225,184,1579
audioprotopnet,LEPLAT,logistic,fenetre,0.47574716993069943,0.7671940743519725,1555,18804
audioprotopnet,LEPLAT,logistic+R37=glmm,fenetre,0.3824236560866509,0.7676286015365663,1555,18804
audioprotopnet,LEPLAT,lda_shrunk,fenetre,0.6331933203658852,0.6292157817748361,1555,18804
audioprotopnet,LEPLAT,simple_prototype,fenetre,0.10981868531697786,0.21872454544276396,1555,18804
audioprotopnet,LEPLAT,logistic,minute,0.4949790345409445,0.858669804876814,188,1587
audioprotopnet,LEPLAT,logistic+R37=glmm,minute,0.38694080731901753,0.856975393400969,188,1587
audioprotopnet,LEPLAT,lda_shrunk,minute,0.8175269834261875,0.7659046276959915,188,1587
audioprotopnet,LEPLAT,simple_prototype,minute,0.14598637468073727,0.30902259520322506,188,1587
beats,LEPLAT,logistic,fenetre,0.07067701241952573,0.34933864294288874,1555,18804
beats,LEPLAT,logistic+R37=glmm,fenetre,0.0672954263514963,0.3867804308101491,1555,18804
beats,LEPLAT,lda_shrunk,fenetre,0.05412119610286683,0.27509205414094323,1555,18804
beats,LEPLAT,simple_prototype,fenetre,0.0754044454466906,0.176588527763818,1555,18804
beats,LEPLAT,attentive,fenetre,0.08760541522978718,0.23707923358672234,1555,18804
beats,LEPLAT,logistic:max,fenetre,0.07264198128593272,0.3870138228152446,1555,18804
beats,LEPLAT,proto_probe,fenetre,0.07687959373752504,0.5322008014882478,1555,18804
beats,LEPLAT,logistic,minute,0.09691618064886365,0.49132535446493286,188,1587
beats,LEPLAT,logistic+R37=glmm,minute,0.09351788621002476,0.5288851373994811,188,1587
beats,LEPLAT,lda_shrunk,minute,0.09596818657858605,0.3727362657940427,188,1587
beats,LEPLAT,simple_prototype,minute,0.10538892662560093,0.24323217183399465,188,1587
beats,LEPLAT,attentive,minute,0.11532458766520819,0.3493910683314876,188,1587
beats,LEPLAT,logistic:max,minute,0.09844879715475482,0.514625468887631,188,1587
beats,LEPLAT,proto_probe,minute,0.1098822143212334,0.6607154819934158,188,1587
birdmae_base,LEPLAT,logistic,fenetre,0.0806258134028095,0.3434467282583786,1555,18804
birdmae_base,LEPLAT,logistic+R37=glmm,fenetre,0.0915469906640042,0.3488075509419025,1555,18804
birdmae_base,LEPLAT,lda_shrunk,fenetre,0.21606240320033412,0.4743273954393926,1555,18804
birdmae_base,LEPLAT,simple_prototype,fenetre,0.12854405898653432,0.24322513889529399,1555,18804
birdmae_base,LEPLAT,attentive,fenetre,0.1319837061154453,0.45704051125515066,1555,18804
birdmae_base,LEPLAT,logistic:max,fenetre,0.07451002870375692,0.30073207445703326,1555,18804
birdmae_base,LEPLAT,proto_probe,fenetre,0.15824936080343455,0.6925748438933258,1555,18804
birdmae_base,LEPLAT,logistic,minute,0.10437614658967112,0.44497382114085016,188,1587
birdmae_base,LEPLAT,logistic+R37=glmm,minute,0.11860575676580032,0.43909994499882377,188,1587
birdmae_base,LEPLAT,lda_shrunk,minute,0.34008666029504686,0.6061718062284308,188,1587
birdmae_base,LEPLAT,simple_prototype,minute,0.16331034713412673,0.31215598688410484,188,1587
birdmae_base,LEPLAT,attentive,minute,0.16662037411238376,0.5520167369607851,188,1587
birdmae_base,LEPLAT,logistic:max,minute,0.09675855900432623,0.4273507668010423,188,1587
birdmae_base,LEPLAT,proto_probe,minute,0.2001540403575409,0.741846588922326,188,1587
birdmae_huge,LEPLAT,logistic,fenetre,0.07445715136826282,0.2625113974040794,1555,18804
birdmae_huge,LEPLAT,logistic+R37=glmm,fenetre,0.09404538577738299,0.26801004240417303,1555,18804
birdmae_huge,LEPLAT,lda_shrunk,fenetre,0.22189114319329423,0.34435331299636074,1555,18804
birdmae_huge,LEPLAT,logistic,minute,0.09730541267632262,0.33180456843545014,188,1587
birdmae_huge,LEPLAT,logistic+R37=glmm,minute,0.11930739613319753,0.335834715675582,188,1587
birdmae_huge,LEPLAT,lda_shrunk,minute,0.3915447112259477,0.4119082386611973,188,1587
birdmae_large,LEPLAT,logistic,fenetre,0.06153489922333621,0.2513059268809288,1555,18804
birdmae_large,LEPLAT,logistic+R37=glmm,fenetre,0.06331667347348227,0.2647150357000963,1555,18804
birdmae_large,LEPLAT,lda_shrunk,fenetre,0.08890592838692449,0.3534769771892106,1555,18804
birdmae_large,LEPLAT,simple_prototype,fenetre,0.1608949793300859,0.25335088840978714,1555,18804
birdmae_large,LEPLAT,attentive,fenetre,0.05684867191290916,0.21457130815512213,1555,18804
birdmae_large,LEPLAT,logistic:max,fenetre,0.07058737285593072,0.27343273848314614,1555,18804
birdmae_large,LEPLAT,proto_probe,fenetre,0.07390690676071243,0.46762684278519406,1555,18804
birdmae_large,LEPLAT,logistic,minute,0.0854127094311369,0.35860124736877885,188,1587
birdmae_large,LEPLAT,logistic+R37=glmm,minute,0.08867169604256385,0.3728274289944444,188,1587
birdmae_large,LEPLAT,lda_shrunk,minute,0.19480269918651863,0.4239382454795228,188,1587
birdmae_large,LEPLAT,simple_prototype,minute,0.2010807966727587,0.3186567198470961,188,1587
birdmae_large,LEPLAT,attentive,minute,0.07955837827796032,0.3160978051240752,188,1587
birdmae_large,LEPLAT,logistic:max,minute,0.09036933612868372,0.36508907577828176,188,1587
birdmae_large,LEPLAT,proto_probe,minute,0.1022683155480693,0.5785641412040711,188,1587
birdnet,LEPLAT,logistic,fenetre,0.08036353923568132,0.28096053638204316,2243,31229
birdnet,LEPLAT,logistic+R37=glmm,fenetre,0.08939445469362413,0.28455829358484586,2243,31229
birdnet,LEPLAT,lda_shrunk,fenetre,0.0825217551770781,0.23392357325844504,2243,31229
birdnet,LEPLAT,logistic,minute,0.11419474589765197,0.4785573476660191,188,1587
birdnet,LEPLAT,logistic+R37=glmm,minute,0.12372369487954532,0.48180183837579943,188,1587
birdnet,LEPLAT,lda_shrunk,minute,0.2831987234398274,0.3232539743400561,188,1587
birdnet_v3,LEPLAT,logistic,fenetre,0.283426737204834,0.6344487082394323,2243,31229
birdnet_v3,LEPLAT,logistic+R37=glmm,fenetre,0.2909258315378728,0.633435699323162,2243,31229
birdnet_v3,LEPLAT,lda_shrunk,fenetre,0.18386469679429987,0.44216017711531364,2243,31229
birdnet_v3,LEPLAT,simple_prototype,fenetre,0.0777636800459769,0.2545213750284932,2243,31229
birdnet_v3,LEPLAT,classifieur_origine,fenetre,0.14125873537675127,0.49813645156394715,2243,31229
birdnet_v3,LEPLAT,logistic,minute,0.3901382317280365,0.828779974958462,188,1587
birdnet_v3,LEPLAT,logistic+R37=glmm,minute,0.39968439878357104,0.8270855623305307,188,1587
birdnet_v3,LEPLAT,lda_shrunk,minute,0.5265124076527087,0.6566847460978547,188,1587
birdnet_v3,LEPLAT,simple_prototype,minute,0.11301933350714907,0.4409155894150155,188,1587
birdnet_v3,LEPLAT,classifieur_origine,minute,0.2589631090266556,0.6979844011851978,188,1587
convnext_birdset,LEPLAT,logistic,fenetre,0.5906367397324985,0.7854658810740442,1555,18804
convnext_birdset,LEPLAT,logistic+R37=glmm,fenetre,0.5786601256988289,0.7853858233842743,1555,18804
convnext_birdset,LEPLAT,lda_shrunk,fenetre,0.14343268276435073,0.553091520554931,1555,18804
convnext_birdset,LEPLAT,simple_prototype,fenetre,0.24192935732005721,0.48497022720270766,1555,18804
convnext_birdset,LEPLAT,logistic,minute,0.6032708235127324,0.8299110856947176,188,1587
convnext_birdset,LEPLAT,logistic+R37=glmm,minute,0.5909712531712878,0.8296803791705366,188,1587
convnext_birdset,LEPLAT,lda_shrunk,minute,0.3337844306945126,0.6653574913962064,188,1587
convnext_birdset,LEPLAT,simple_prototype,minute,0.28461734460483384,0.5630385295391711,188,1587
esp_aves2_eat_all,LEPLAT,logistic,fenetre,0.06776623433467967,0.20339663987462772,1555,18804
esp_aves2_eat_all,LEPLAT,logistic+R37=glmm,fenetre,0.06278421499359135,0.23102622674112044,1555,18804
esp_aves2_eat_all,LEPLAT,lda_shrunk,fenetre,0.047551744018738414,0.18030220252739027,1555,18804
esp_aves2_eat_all,LEPLAT,simple_prototype,fenetre,0.06788627164129733,0.18411068808105827,1555,18804
esp_aves2_eat_all,LEPLAT,attentive,fenetre,0.05305356020496539,0.2721400996790586,1555,18804
esp_aves2_eat_all,LEPLAT,logistic:max,fenetre,0.07406679918324854,0.360367484627729,1555,18804
esp_aves2_eat_all,LEPLAT,proto_probe,fenetre,0.08131400467643747,0.5044357933352716,1555,18804
esp_aves2_eat_all,LEPLAT,logistic,minute,0.08802101283223257,0.26906859804843597,188,1587
esp_aves2_eat_all,LEPLAT,logistic+R37=glmm,minute,0.08701874194029893,0.2989260743820294,188,1587
esp_aves2_eat_all,LEPLAT,lda_shrunk,minute,0.0745949441624995,0.2790561422182255,188,1587
esp_aves2_eat_all,LEPLAT,simple_prototype,minute,0.09068991625718387,0.22666173345705243,188,1587
esp_aves2_eat_all,LEPLAT,attentive,minute,0.07731390977236967,0.4106237353063946,188,1587
esp_aves2_eat_all,LEPLAT,logistic:max,minute,0.10085311447492093,0.4516406968855512,188,1587
esp_aves2_eat_all,LEPLAT,proto_probe,minute,0.10239147607440233,0.5933880442197405,188,1587
esp_aves2_eat_bio,LEPLAT,logistic,fenetre,0.07814639903575994,0.4269899210715267,1555,18804
esp_aves2_eat_bio,LEPLAT,logistic+R37=glmm,fenetre,0.07310521140435249,0.46294346409791487,1555,18804
esp_aves2_eat_bio,LEPLAT,lda_shrunk,fenetre,0.05181457308311088,0.19205991448259638,1555,18804
esp_aves2_eat_bio,LEPLAT,simple_prototype,fenetre,0.16541321907116638,0.3123640043555149,1555,18804
esp_aves2_eat_bio,LEPLAT,attentive,fenetre,0.05847876825641686,0.267709822694255,1555,18804
esp_aves2_eat_bio,LEPLAT,logistic:max,fenetre,0.07127911199582104,0.36011004997055274,1555,18804
esp_aves2_eat_bio,LEPLAT,proto_probe,fenetre,0.07020298296388619,0.44780319602168905,1555,18804
esp_aves2_eat_bio,LEPLAT,logistic,minute,0.10406560130523711,0.5239094275728957,188,1587
esp_aves2_eat_bio,LEPLAT,logistic+R37=glmm,minute,0.10050948202174112,0.559492140524791,188,1587
esp_aves2_eat_bio,LEPLAT,lda_shrunk,minute,0.08526454843344994,0.2378692577260451,188,1587
esp_aves2_eat_bio,LEPLAT,simple_prototype,minute,0.1993088790269424,0.392955171389174,188,1587
esp_aves2_eat_bio,LEPLAT,attentive,minute,0.08318067303965607,0.359618008932832,188,1587
esp_aves2_eat_bio,LEPLAT,logistic:max,minute,0.09751079661017971,0.46511110315671456,188,1587
esp_aves2_eat_bio,LEPLAT,proto_probe,minute,0.09647502270827943,0.5991631750714583,188,1587
esp_aves2_effnetb0_all,LEPLAT,logistic,fenetre,0.1892820612472039,0.4102215393052998,1555,18804
esp_aves2_effnetb0_all,LEPLAT,logistic+R37=glmm,fenetre,0.09292872087648663,0.4226791570667116,1555,18804
esp_aves2_effnetb0_all,LEPLAT,lda_shrunk,fenetre,0.07380123197762165,0.22634224443742393,1555,18804
esp_aves2_effnetb0_all,LEPLAT,simple_prototype,fenetre,0.1385330948091655,0.2336588154735085,1555,18804
esp_aves2_effnetb0_all,LEPLAT,logistic,minute,0.2263248015080885,0.5793417103317854,188,1587
esp_aves2_effnetb0_all,LEPLAT,logistic+R37=glmm,minute,0.11587682648176373,0.5854484560697607,188,1587
esp_aves2_effnetb0_all,LEPLAT,lda_shrunk,minute,0.22569158119184154,0.3337654240770232,188,1587
esp_aves2_effnetb0_all,LEPLAT,simple_prototype,minute,0.18542605722249084,0.3503908896181759,188,1587
esp_aves2_effnetb0_audioset,LEPLAT,logistic,fenetre,0.08128692351355879,0.3661334578993774,1555,18804
esp_aves2_effnetb0_audioset,LEPLAT,logistic+R37=glmm,fenetre,0.06686069215773606,0.3893069894698482,1555,18804
esp_aves2_effnetb0_audioset,LEPLAT,lda_shrunk,fenetre,0.057861604367599295,0.2634840068954905,1555,18804
esp_aves2_effnetb0_audioset,LEPLAT,simple_prototype,fenetre,0.07348681087353741,0.14276708091600335,1555,18804
esp_aves2_effnetb0_audioset,LEPLAT,logistic,minute,0.10662755047664256,0.4923274685711452,188,1587
esp_aves2_effnetb0_audioset,LEPLAT,logistic+R37=glmm,minute,0.09292840563116607,0.5092055289067265,188,1587
esp_aves2_effnetb0_audioset,LEPLAT,lda_shrunk,minute,0.11978257976182291,0.39787085395470667,188,1587
esp_aves2_effnetb0_audioset,LEPLAT,simple_prototype,minute,0.10054155542712241,0.19341891997487642,188,1587
esp_aves2_effnetb0_bio,LEPLAT,logistic,fenetre,0.08870493822497724,0.2753946156208885,1555,18804
esp_aves2_effnetb0_bio,LEPLAT,logistic+R37=glmm,fenetre,0.05782054122669906,0.2904060261077718,1555,18804
esp_aves2_effnetb0_bio,LEPLAT,lda_shrunk,fenetre,0.05210369684017304,0.21647806443498993,1555,18804
esp_aves2_effnetb0_bio,LEPLAT,simple_prototype,fenetre,0.07718302057602766,0.17394242590946196,1555,18804
esp_aves2_effnetb0_bio,LEPLAT,logistic,minute,0.10622824617932256,0.37322697428471663,188,1587
esp_aves2_effnetb0_bio,LEPLAT,logistic+R37=glmm,minute,0.07880577852432806,0.3804873512226489,188,1587
esp_aves2_effnetb0_bio,LEPLAT,lda_shrunk,minute,0.10044341100779797,0.3028466706797218,188,1587
esp_aves2_effnetb0_bio,LEPLAT,simple_prototype,minute,0.10106748496622162,0.24030410805263044,188,1587
esp_aves2_sl_beats_all,LEPLAT,logistic,fenetre,0.2785680159483318,0.7361031632323806,1555,18804
esp_aves2_sl_beats_all,LEPLAT,logistic+R37=glmm,fenetre,0.11894856347232828,0.7352004887805739,1555,18804
esp_aves2_sl_beats_all,LEPLAT,lda_shrunk,fenetre,0.10382810706628136,0.5243690199980486,1555,18804
esp_aves2_sl_beats_all,LEPLAT,simple_prototype,fenetre,0.10409589632503034,0.36392281461891146,1555,18804
esp_aves2_sl_beats_all,LEPLAT,attentive,fenetre,0.27241159717942276,0.4484826788832965,1555,18804
esp_aves2_sl_beats_all,LEPLAT,logistic:max,fenetre,0.24648899909316407,0.7307067723245191,1555,18804
esp_aves2_sl_beats_all,LEPLAT,proto_probe,fenetre,0.2989748746088333,0.7694757566252723,1555,18804
esp_aves2_sl_beats_all,LEPLAT,logistic,minute,0.2808597231511335,0.8035009867844096,188,1587
esp_aves2_sl_beats_all,LEPLAT,logistic+R37=glmm,minute,0.1396394928094506,0.7990869713534555,188,1587
esp_aves2_sl_beats_all,LEPLAT,lda_shrunk,minute,0.2756789084141239,0.6408312848623676,188,1587
esp_aves2_sl_beats_all,LEPLAT,simple_prototype,minute,0.13243036623650414,0.4500004447033597,188,1587
esp_aves2_sl_beats_all,LEPLAT,attentive,minute,0.3025668475906019,0.5623069550969731,188,1587
esp_aves2_sl_beats_all,LEPLAT,logistic:max,minute,0.26200087201604183,0.8176522166842444,188,1587
esp_aves2_sl_beats_all,LEPLAT,proto_probe,minute,0.37774262172487616,0.8828980546465797,188,1587
esp_aves2_sl_beats_bio,LEPLAT,logistic,fenetre,0.30434769890395297,0.7439990742705695,1555,18804
esp_aves2_sl_beats_bio,LEPLAT,logistic+R37=glmm,fenetre,0.11634955836943794,0.7465177922740237,1555,18804
esp_aves2_sl_beats_bio,LEPLAT,lda_shrunk,fenetre,0.42962631446223576,0.6293050387811505,1555,18804
esp_aves2_sl_beats_bio,LEPLAT,simple_prototype,fenetre,0.13982773116904879,0.3911347891129897,1555,18804
esp_aves2_sl_beats_bio,LEPLAT,attentive,fenetre,0.1922872420657908,0.5528754580173145,1555,18804
esp_aves2_sl_beats_bio,LEPLAT,logistic:max,fenetre,0.30657872553713045,0.7498578131651672,1555,18804
esp_aves2_sl_beats_bio,LEPLAT,proto_probe,fenetre,0.34198152174173335,0.773632468263344,1555,18804
esp_aves2_sl_beats_bio,LEPLAT,logistic,minute,0.3260719727918364,0.8217095098371239,188,1587
esp_aves2_sl_beats_bio,LEPLAT,logistic+R37=glmm,minute,0.13978006054174338,0.8222683297605851,188,1587
esp_aves2_sl_beats_bio,LEPLAT,lda_shrunk,minute,0.6730867710730384,0.7845817038213485,188,1587
esp_aves2_sl_beats_bio,LEPLAT,simple_prototype,minute,0.17706207948213393,0.4973548559847204,188,1587
esp_aves2_sl_beats_bio,LEPLAT,attentive,minute,0.2243141759563164,0.6896021214850947,188,1587
esp_aves2_sl_beats_bio,LEPLAT,logistic:max,minute,0.3281804559934093,0.8287489929062115,188,1587
esp_aves2_sl_beats_bio,LEPLAT,proto_probe,minute,0.39980449044937155,0.8458039027063897,188,1587
esp_aves2_sl_eat_all_ssl_all,LEPLAT,logistic,fenetre,0.092839349939394,0.4770158428994494,1555,18804
esp_aves2_sl_eat_all_ssl_all,LEPLAT,logistic+R37=glmm,fenetre,0.07454330071361288,0.46417229017052425,1555,18804
esp_aves2_sl_eat_all_ssl_all,LEPLAT,lda_shrunk,fenetre,0.05886718925687102,0.411509661446397,1555,18804
esp_aves2_sl_eat_all_ssl_all,LEPLAT,simple_prototype,fenetre,0.09269968635747942,0.18209269143735057,1555,18804
esp_aves2_sl_eat_all_ssl_all,LEPLAT,attentive,fenetre,0.08263701089185843,0.3062199812574797,1555,18804
esp_aves2_sl_eat_all_ssl_all,LEPLAT,logistic:max,fenetre,0.09374705338963031,0.19848431608883388,1555,18804
esp_aves2_sl_eat_all_ssl_all,LEPLAT,proto_probe,fenetre,0.07707065869739335,0.31979907436885474,1555,18804
esp_aves2_sl_eat_all_ssl_all,LEPLAT,logistic,minute,0.11530754282490943,0.6718974930940436,188,1587
esp_aves2_sl_eat_all_ssl_all,LEPLAT,logistic+R37=glmm,minute,0.09903308667499114,0.6304370114925192,188,1587
esp_aves2_sl_eat_all_ssl_all,LEPLAT,lda_shrunk,minute,0.09521009668441527,0.46864254097864344,188,1587
esp_aves2_sl_eat_all_ssl_all,LEPLAT,simple_prototype,minute,0.10766054821025522,0.22328935817588597,188,1587
esp_aves2_sl_eat_all_ssl_all,LEPLAT,attentive,minute,0.11937207771777739,0.3969661707385024,188,1587
esp_aves2_sl_eat_all_ssl_all,LEPLAT,logistic:max,minute,0.0931266009413173,0.2745547978849761,188,1587
esp_aves2_sl_eat_all_ssl_all,LEPLAT,proto_probe,minute,0.10630984350254045,0.4334837220238389,188,1587
esp_aves2_sl_eat_bio_ssl_all,LEPLAT,logistic,fenetre,0.2141572155764236,0.5754137966968587,1555,18804
esp_aves2_sl_eat_bio_ssl_all,LEPLAT,logistic+R37=glmm,fenetre,0.11953584979839543,0.5883477531463195,1555,18804
esp_aves2_sl_eat_bio_ssl_all,LEPLAT,lda_shrunk,fenetre,0.31420818628865443,0.43995841876385355,1555,18804
esp_aves2_sl_eat_bio_ssl_all,LEPLAT,simple_prototype,fenetre,0.10325135626945317,0.2876447087419628,1555,18804
esp_aves2_sl_eat_bio_ssl_all,LEPLAT,attentive,fenetre,0.08398360930823752,0.2445498688491493,1555,18804
esp_aves2_sl_eat_bio_ssl_all,LEPLAT,logistic:max,fenetre,0.13986735934835645,0.45497727704043356,1555,18804
esp_aves2_sl_eat_bio_ssl_all,LEPLAT,proto_probe,fenetre,0.1891590200310905,0.5964322042679403,1555,18804
esp_aves2_sl_eat_bio_ssl_all,LEPLAT,logistic,minute,0.2741801668852752,0.7119270255533838,188,1587
esp_aves2_sl_eat_bio_ssl_all,LEPLAT,logistic+R37=glmm,minute,0.15276490088383554,0.7198248115877058,188,1587
esp_aves2_sl_eat_bio_ssl_all,LEPLAT,lda_shrunk,minute,0.563776709686206,0.5987466709748764,188,1587
esp_aves2_sl_eat_bio_ssl_all,LEPLAT,simple_prototype,minute,0.15496322525536577,0.4026287550079824,188,1587
esp_aves2_sl_eat_bio_ssl_all,LEPLAT,attentive,minute,0.13305664567536515,0.3538769019710595,188,1587
esp_aves2_sl_eat_bio_ssl_all,LEPLAT,logistic:max,minute,0.160658350066032,0.5912034314628234,188,1587
esp_aves2_sl_eat_bio_ssl_all,LEPLAT,proto_probe,minute,0.24633757383341776,0.7108952132852608,188,1587
insect459,LEPLAT,logistic,fenetre,0.058100966261599565,0.11488474839030469,1480,17262
insect459,LEPLAT,logistic+R37=glmm,fenetre,0.056051106367866844,0.11759902780435462,1480,17262
insect459,LEPLAT,lda_shrunk,fenetre,0.04692358471992606,0.12030672048946145,1480,17262
insect459,LEPLAT,simple_prototype,fenetre,0.0669771873100052,0.12364384894832199,1480,17262
insect459,LEPLAT,logistic,minute,0.07650562337504582,0.15442698093776905,188,1587
insect459,LEPLAT,logistic+R37=glmm,minute,0.07403675536557043,0.15771203664065891,188,1587
insect459,LEPLAT,lda_shrunk,minute,0.06613106602986472,0.1750373540416219,188,1587
insect459,LEPLAT,simple_prototype,minute,0.09001790981606102,0.16651194198476166,188,1587
insect66,LEPLAT,logistic,fenetre,0.056166890495802,0.12780687477793165,1480,17262
insect66,LEPLAT,logistic+R37=glmm,fenetre,0.055510642552629955,0.13107897847227507,1480,17262
insect66,LEPLAT,lda_shrunk,fenetre,0.04681076130366956,0.12326783918716681,1480,17262
insect66,LEPLAT,simple_prototype,fenetre,0.07494896229530515,0.14036148878216867,1480,17262
insect66,LEPLAT,logistic,minute,0.07377070492741107,0.16843024569246734,188,1587
insect66,LEPLAT,logistic+R37=glmm,minute,0.07294338317773394,0.17107266679377042,188,1587
insect66,LEPLAT,lda_shrunk,minute,0.0655185216922598,0.16642998171977677,188,1587
insect66,LEPLAT,simple_prototype,minute,0.10063877189984899,0.18595046246705832,188,1587
naturebeats,LEPLAT,logistic,fenetre,0.17392372290169314,0.7658990984995218,1555,18804
naturebeats,LEPLAT,logistic+R37=glmm,fenetre,0.11033266940134924,0.7820370763857658,1555,18804
naturebeats,LEPLAT,lda_shrunk,fenetre,0.36191652265484703,0.7370717652538301,1555,18804
naturebeats,LEPLAT,simple_prototype,fenetre,0.09542002724782053,0.18550946325873327,1555,18804
naturebeats,LEPLAT,attentive,fenetre,0.4295132471330163,0.6382072167314052,1555,18804
naturebeats,LEPLAT,logistic:max,fenetre,0.18607755627378125,0.7840007544720518,1555,18804
naturebeats,LEPLAT,proto_probe,fenetre,0.3999472944096772,0.852887252028699,1555,18804
naturebeats,LEPLAT,logistic,minute,0.16549243000305427,0.8274086191601451,188,1587
naturebeats,LEPLAT,logistic+R37=glmm,minute,0.12494281096327119,0.8397552856903807,188,1587
naturebeats,LEPLAT,lda_shrunk,minute,0.5842146826219637,0.8430486829387916,188,1587
naturebeats,LEPLAT,simple_prototype,minute,0.1245348479171415,0.2358192521269252,188,1587
naturebeats,LEPLAT,attentive,minute,0.512905226968927,0.7060451884028818,188,1587
naturebeats,LEPLAT,logistic:max,minute,0.1645876224084897,0.8656201382352109,188,1587
naturebeats,LEPLAT,proto_probe,minute,0.4824503111850573,0.9293447616194119,188,1587
perch_bird,LEPLAT,logistic,fenetre,0.18955906710027753,0.725335412903195,1555,18804
perch_bird,LEPLAT,logistic+R37=glmm,fenetre,0.18288539486154196,0.7256374605486641,1555,18804
perch_bird,LEPLAT,lda_shrunk,fenetre,0.06098891681388591,0.4462764429289845,1555,18804
perch_bird,LEPLAT,logistic,minute,0.21841189777859155,0.7856562085467457,188,1587
perch_bird,LEPLAT,logistic+R37=glmm,minute,0.21165564227826517,0.785634619271663,188,1587
perch_bird,LEPLAT,lda_shrunk,minute,0.12898746272888711,0.5770616035768728,188,1587
perch_v2,LEPLAT,logistic,fenetre,0.20946646459017898,0.729705728568729,1555,18804
perch_v2,LEPLAT,logistic+R37=glmm,fenetre,0.20562962061519874,0.730409217459011,1555,18804
perch_v2,LEPLAT,lda_shrunk,fenetre,0.06922542003333723,0.6014357123545229,1555,18804
perch_v2,LEPLAT,simple_prototype,fenetre,0.11241396810283374,0.23757412506855322,1555,18804
perch_v2,LEPLAT,attentive,fenetre,0.18407685745213476,0.5034342064804269,1555,18804
perch_v2,LEPLAT,logistic:max,fenetre,0.2820662859184425,0.6881464221654366,1555,18804
perch_v2,LEPLAT,proto_probe,fenetre,0.15555876634134527,0.644307849926797,1555,18804
perch_v2,LEPLAT,logistic,minute,0.2528931903916259,0.8241393650493306,188,1587
perch_v2,LEPLAT,logistic+R37=glmm,minute,0.2483388250451401,0.8240811532643945,188,1587
perch_v2,LEPLAT,lda_shrunk,minute,0.17507435480401895,0.7347843053864258,188,1587
perch_v2,LEPLAT,simple_prototype,minute,0.14921143425677316,0.3257042338294375,188,1587
perch_v2,LEPLAT,attentive,minute,0.27579234022983096,0.7171821191293,188,1587
perch_v2,LEPLAT,logistic:max,minute,0.3565194081125785,0.8378358803967656,188,1587
perch_v2,LEPLAT,proto_probe,minute,0.23490903959584597,0.7856062091277471,188,1587
protoclr,LEPLAT,logistic,fenetre,0.1066667296439472,0.2087159580270135,1345,15672
protoclr,LEPLAT,logistic+R37=glmm,fenetre,0.09722135052806237,0.24031294201214473,1345,15672
protoclr,LEPLAT,lda_shrunk,fenetre,0.04941988058025864,0.18128165321768805,1345,15672
protoclr,LEPLAT,logistic,minute,0.1329074894371969,0.27190820426813833,188,1587
protoclr,LEPLAT,logistic+R37=glmm,minute,0.12375780242087966,0.29985878965516033,188,1587
protoclr,LEPLAT,lda_shrunk,minute,0.06891483891295881,0.257536084930488,188,1587
rcl_fs_bsed,LEPLAT,logistic,fenetre,0.06611812232949507,0.2264670847005661,26381,473298
rcl_fs_bsed,LEPLAT,logistic+R37=glmm,fenetre,0.05148737388202462,0.252232976696114,26381,473298
rcl_fs_bsed,LEPLAT,lda_shrunk,fenetre,0.03238947778730001,0.1761725840192263,26381,473298
rcl_fs_bsed,LEPLAT,simple_prototype,fenetre,0.039662001890438794,0.0991610140672955,26381,473298
rcl_fs_bsed,LEPLAT,logistic,minute,0.11160734322365268,0.4313808259885441,188,1587
rcl_fs_bsed,LEPLAT,logistic+R37=glmm,minute,0.09104451157386581,0.4502503165411004,188,1587
rcl_fs_bsed,LEPLAT,lda_shrunk,minute,0.12939098222600479,0.3797743154887827,188,1587
rcl_fs_bsed,LEPLAT,simple_prototype,minute,0.07527157221987556,0.17497152435249214,188,1587
audioprotopnet,BOAFAB,logistic,fenetre,0.9256267406719939,0.9802600057583641,1858,18876
audioprotopnet,BOAFAB,logistic+R37=glmm,fenetre,0.8750968041692193,0.9799064848891192,1858,18876
audioprotopnet,BOAFAB,lda_shrunk,fenetre,0.9055666413128785,0.9700925491462193,1858,18876
audioprotopnet,BOAFAB,simple_prototype,fenetre,0.46332495137551827,0.8483024046438268,1858,18876
audioprotopnet,BOAFAB,logistic,minute,0.9402327000215563,0.9901051213515804,193,1593
audioprotopnet,BOAFAB,logistic+R37=glmm,minute,0.88795660951,0.9896475172665145,193,1593
audioprotopnet,BOAFAB,lda_shrunk,minute,0.9510619921578065,0.9862810835848794,193,1593
audioprotopnet,BOAFAB,simple_prototype,minute,0.5519237275529674,0.8704498085301053,193,1593
beats,BOAFAB,logistic,fenetre,0.7889906219963247,0.9111604928827627,1858,18876
beats,BOAFAB,logistic+R37=glmm,fenetre,0.5002175288437115,0.9070397028751649,1858,18876
beats,BOAFAB,lda_shrunk,fenetre,0.811689892471608,0.860048525201687,1858,18876
beats,BOAFAB,simple_prototype,fenetre,0.15488038745053723,0.3811440622624369,1858,18876
beats,BOAFAB,attentive,fenetre,0.8695884184245949,0.8952490744654045,1858,18876
beats,BOAFAB,logistic:max,fenetre,0.805056810379102,0.9162088862063857,1858,18876
beats,BOAFAB,proto_probe,fenetre,0.8616014844521498,0.9477589887991242,1858,18876
beats,BOAFAB,logistic,minute,0.8084279939617346,0.9395302644181475,193,1593
beats,BOAFAB,logistic+R37=glmm,minute,0.5352023418829348,0.9361767274640792,193,1593
beats,BOAFAB,lda_shrunk,minute,0.8834488742708982,0.91369223397622,193,1593
beats,BOAFAB,simple_prototype,minute,0.2365598105030154,0.5017741281716945,193,1593
beats,BOAFAB,attentive,minute,0.8999374289802795,0.9237547780052954,193,1593
beats,BOAFAB,logistic:max,minute,0.8276342283249387,0.943092815675471,193,1593
beats,BOAFAB,proto_probe,minute,0.8855205751034871,0.9719445833794745,193,1593
birdmae_base,BOAFAB,logistic,fenetre,0.832186238332175,0.9409386088189842,1858,18876
birdmae_base,BOAFAB,logistic+R37=glmm,fenetre,0.42800243301889984,0.9406663337149145,1858,18876
birdmae_base,BOAFAB,lda_shrunk,fenetre,0.919464257667766,0.9568075334451369,1858,18876
birdmae_base,BOAFAB,simple_prototype,fenetre,0.3032939474839596,0.6208222612842542,1858,18876
birdmae_base,BOAFAB,attentive,fenetre,0.8777636259130918,0.9535866845290983,1858,18876
birdmae_base,BOAFAB,logistic:max,fenetre,0.8212727951698143,0.9437431579333148,1858,18876
birdmae_base,BOAFAB,proto_probe,fenetre,0.9422729229715728,0.9780342201783627,1858,18876
birdmae_base,BOAFAB,logistic,minute,0.811474609781264,0.934089180785894,193,1593
birdmae_base,BOAFAB,logistic+R37=glmm,minute,0.40021026396247594,0.9329771366236237,193,1593
birdmae_base,BOAFAB,lda_shrunk,minute,0.919753480777459,0.9539929421834326,193,1593
birdmae_base,BOAFAB,simple_prototype,minute,0.3484546073392192,0.6694962983955755,193,1593
birdmae_base,BOAFAB,attentive,minute,0.8874052149096096,0.9538865708761001,193,1593
birdmae_base,BOAFAB,logistic:max,minute,0.7913492999748303,0.935442591316069,193,1593
birdmae_base,BOAFAB,proto_probe,minute,0.9380571873257869,0.9774594561125304,193,1593
birdmae_huge,BOAFAB,logistic,fenetre,0.8412000597839511,0.9442472269494098,1858,18876
birdmae_huge,BOAFAB,logistic+R37=glmm,fenetre,0.5661087793589386,0.9439127370485058,1858,18876
birdmae_huge,BOAFAB,lda_shrunk,fenetre,0.8201109965665158,0.9344930694257982,1858,18876
birdmae_huge,BOAFAB,logistic,minute,0.8363780395436908,0.939095328333079,193,1593
birdmae_huge,BOAFAB,logistic+R37=glmm,minute,0.56768571104123,0.9374475348848015,193,1593
birdmae_huge,BOAFAB,lda_shrunk,minute,0.8518199293577996,0.9413950603788386,193,1593
birdmae_large,BOAFAB,logistic,fenetre,0.7903871415990495,0.949357381407347,1858,18876
birdmae_large,BOAFAB,logistic+R37=glmm,fenetre,0.4449601677420801,0.9493714072466297,1858,18876
birdmae_large,BOAFAB,lda_shrunk,fenetre,0.7936868709025007,0.9479684506997912,1858,18876
birdmae_large,BOAFAB,simple_prototype,fenetre,0.3164480240306833,0.5802566951364161,1858,18876
birdmae_large,BOAFAB,attentive,fenetre,0.8053277626385825,0.9541549993413605,1858,18876
birdmae_large,BOAFAB,logistic:max,fenetre,0.7790040113419433,0.9449826623488453,1858,18876
birdmae_large,BOAFAB,proto_probe,fenetre,0.9418802745580356,0.9784080665741527,1858,18876
birdmae_large,BOAFAB,logistic,minute,0.758369905144725,0.9377431859542994,193,1593
birdmae_large,BOAFAB,logistic+R37=glmm,minute,0.4100441010921545,0.9370044186057449,193,1593
birdmae_large,BOAFAB,lda_shrunk,minute,0.8248772682753284,0.9477080676249428,193,1593
birdmae_large,BOAFAB,simple_prototype,minute,0.37276770585906677,0.6325383528638162,193,1593
birdmae_large,BOAFAB,attentive,minute,0.804185869443307,0.951493448514205,193,1593
birdmae_large,BOAFAB,logistic:max,minute,0.7594062336315246,0.9409795525532167,193,1593
birdmae_large,BOAFAB,proto_probe,minute,0.943984445946751,0.9788879048812121,193,1593
birdnet,BOAFAB,logistic,fenetre,0.9246474188056437,0.9627776140425366,3104,31531
birdnet,BOAFAB,logistic+R37=glmm,fenetre,0.857813266087499,0.9624807815545118,3104,31531
birdnet,BOAFAB,lda_shrunk,fenetre,0.9016407771557946,0.9459656457187252,3104,31531
birdnet,BOAFAB,logistic,minute,0.9299203178964396,0.972910729099431,193,1593
birdnet,BOAFAB,logistic+R37=glmm,minute,0.8684301243948724,0.9731901629623508,193,1593
birdnet,BOAFAB,lda_shrunk,minute,0.9409548205010035,0.9632407631603582,193,1593
birdnet_v3,BOAFAB,logistic,fenetre,0.8641396831255995,0.956954874780394,3104,31531
birdnet_v3,BOAFAB,logistic+R37=glmm,fenetre,0.8489154140114914,0.9566302582639157,3104,31531
birdnet_v3,BOAFAB,lda_shrunk,fenetre,0.8463703365502021,0.9315004857236802,3104,31531
birdnet_v3,BOAFAB,simple_prototype,fenetre,0.5137488999150619,0.8483621955123966,3104,31531
birdnet_v3,BOAFAB,classifieur_origine,fenetre,0.9234699353133495,0.9701926021372742,3104,31531
birdnet_v3,BOAFAB,logistic,minute,0.8987343210382427,0.9843650537224468,193,1593
birdnet_v3,BOAFAB,logistic+R37=glmm,minute,0.8772781440542619,0.9841936778062328,193,1593
birdnet_v3,BOAFAB,lda_shrunk,minute,0.932352436312641,0.9625915086552422,193,1593
birdnet_v3,BOAFAB,simple_prototype,minute,0.6943298637738651,0.9220677761378052,193,1593
birdnet_v3,BOAFAB,classifieur_origine,minute,0.9589666539963366,0.9867543628351085,193,1593
convnext_birdset,BOAFAB,logistic,fenetre,0.9561033399610008,0.9746457703628078,1858,18876
convnext_birdset,BOAFAB,logistic+R37=glmm,fenetre,0.9541887197922824,0.9746198881421047,1858,18876
convnext_birdset,BOAFAB,lda_shrunk,fenetre,0.9305553191662609,0.9554203926236993,1858,18876
convnext_birdset,BOAFAB,simple_prototype,fenetre,0.8484591353621466,0.9370189424029769,1858,18876
convnext_birdset,BOAFAB,logistic,minute,0.9624710346698965,0.9810359925502813,193,1593
convnext_birdset,BOAFAB,logistic+R37=glmm,minute,0.9605060528985562,0.9809919328364102,193,1593
convnext_birdset,BOAFAB,lda_shrunk,minute,0.9532768411897354,0.9683058369018136,193,1593
convnext_birdset,BOAFAB,simple_prototype,minute,0.8574300650145751,0.9403794670270516,193,1593
esp_aves2_eat_all,BOAFAB,logistic,fenetre,0.7578565656155303,0.9192718902087241,1858,18876
esp_aves2_eat_all,BOAFAB,logistic+R37=glmm,fenetre,0.424762284321728,0.920172987052243,1858,18876
esp_aves2_eat_all,BOAFAB,lda_shrunk,fenetre,0.8879989821220214,0.939669072755122,1858,18876
esp_aves2_eat_all,BOAFAB,simple_prototype,fenetre,0.262052440266881,0.7152084925164863,1858,18876
esp_aves2_eat_all,BOAFAB,attentive,fenetre,0.8410944694210012,0.9198757711053109,1858,18876
esp_aves2_eat_all,BOAFAB,logistic:max,fenetre,0.419369232909346,0.9077446417110877,1858,18876
esp_aves2_eat_all,BOAFAB,proto_probe,fenetre,0.9361670289403287,0.9670197139171439,1858,18876
esp_aves2_eat_all,BOAFAB,logistic,minute,0.7469127475508934,0.9202320217323825,193,1593
esp_aves2_eat_all,BOAFAB,logistic+R37=glmm,minute,0.42402548622415653,0.9219403452947792,193,1593
esp_aves2_eat_all,BOAFAB,lda_shrunk,minute,0.8962295379237005,0.9407493223324862,193,1593
esp_aves2_eat_all,BOAFAB,simple_prototype,minute,0.2837369753805515,0.7031030489632564,193,1593
esp_aves2_eat_all,BOAFAB,attentive,minute,0.8436273541694288,0.9317993524102425,193,1593
esp_aves2_eat_all,BOAFAB,logistic:max,minute,0.25434309976779057,0.909868114154929,193,1593
esp_aves2_eat_all,BOAFAB,proto_probe,minute,0.938103762355726,0.97384155482231,193,1593
esp_aves2_eat_bio,BOAFAB,logistic,fenetre,0.8231282295038173,0.9010109907987435,1858,18876
esp_aves2_eat_bio,BOAFAB,logistic+R37=glmm,fenetre,0.4356383284902544,0.9005205509093385,1858,18876
esp_aves2_eat_bio,BOAFAB,lda_shrunk,fenetre,0.7066309246237472,0.7453772289648365,1858,18876
esp_aves2_eat_bio,BOAFAB,simple_prototype,fenetre,0.6530359497850662,0.8362811520772448,1858,18876
esp_aves2_eat_bio,BOAFAB,attentive,fenetre,0.893788341093248,0.8953455182197985,1858,18876
esp_aves2_eat_bio,BOAFAB,logistic:max,fenetre,0.8886034501771235,0.9226449069451078,1858,18876
esp_aves2_eat_bio,BOAFAB,proto_probe,fenetre,0.9310430776391997,0.9675370216050077,1858,18876
esp_aves2_eat_bio,BOAFAB,logistic,minute,0.8055085701278978,0.8989922670366455,193,1593
esp_aves2_eat_bio,BOAFAB,logistic+R37=glmm,minute,0.42172632063087545,0.8959443801019866,193,1593
esp_aves2_eat_bio,BOAFAB,lda_shrunk,minute,0.6311327101633727,0.7209843193940063,193,1593
esp_aves2_eat_bio,BOAFAB,simple_prototype,minute,0.6459156714031103,0.8463166419200983,193,1593
esp_aves2_eat_bio,BOAFAB,attentive,minute,0.890240971480161,0.9121072018142278,193,1593
esp_aves2_eat_bio,BOAFAB,logistic:max,minute,0.8779785662442569,0.9215043627850203,193,1593
esp_aves2_eat_bio,BOAFAB,proto_probe,minute,0.9329870561447334,0.97687790407022,193,1593
esp_aves2_effnetb0_all,BOAFAB,logistic,fenetre,0.8718443068561946,0.9532584942975761,1858,18876
esp_aves2_effnetb0_all,BOAFAB,logistic+R37=glmm,fenetre,0.7129897706885618,0.9517870648833573,1858,18876
esp_aves2_effnetb0_all,BOAFAB,lda_shrunk,fenetre,0.8855592455951873,0.920498333336229,1858,18876
esp_aves2_effnetb0_all,BOAFAB,simple_prototype,fenetre,0.677064122111684,0.8326508087013942,1858,18876
esp_aves2_effnetb0_all,BOAFAB,logistic,minute,0.8795198934956169,0.9715460874233374,193,1593
esp_aves2_effnetb0_all,BOAFAB,logistic+R37=glmm,minute,0.7124134279783593,0.970000498804398,193,1593
esp_aves2_effnetb0_all,BOAFAB,lda_shrunk,minute,0.9290766351459149,0.9558948087900967,193,1593
esp_aves2_effnetb0_all,BOAFAB,simple_prototype,minute,0.7196248753557011,0.8734424636496634,193,1593
esp_aves2_effnetb0_audioset,BOAFAB,logistic,fenetre,0.5550813974304475,0.9018926877491373,1858,18876
esp_aves2_effnetb0_audioset,BOAFAB,logistic+R37=glmm,fenetre,0.2485785332228142,0.9026320866709995,1858,18876
esp_aves2_effnetb0_audioset,BOAFAB,lda_shrunk,fenetre,0.709007157771478,0.8908768693735967,1858,18876
esp_aves2_effnetb0_audioset,BOAFAB,simple_prototype,fenetre,0.09679945621921635,0.28729791444341857,1858,18876
esp_aves2_effnetb0_audioset,BOAFAB,logistic,minute,0.6266656307148696,0.9236257078027381,193,1593
esp_aves2_effnetb0_audioset,BOAFAB,logistic+R37=glmm,minute,0.30883428627074394,0.9241909108392403,193,1593
esp_aves2_effnetb0_audioset,BOAFAB,lda_shrunk,minute,0.8052934294526095,0.9248754349177317,193,1593
esp_aves2_effnetb0_audioset,BOAFAB,simple_prototype,minute,0.12647058158561336,0.4022288899067211,193,1593
esp_aves2_effnetb0_bio,BOAFAB,logistic,fenetre,0.8568405231907588,0.9493031672376937,1858,18876
esp_aves2_effnetb0_bio,BOAFAB,logistic+R37=glmm,fenetre,0.706651888944214,0.9483951608372385,1858,18876
esp_aves2_effnetb0_bio,BOAFAB,lda_shrunk,fenetre,0.7132942517569426,0.8488507791523636,1858,18876
esp_aves2_effnetb0_bio,BOAFAB,simple_prototype,fenetre,0.8490816702459959,0.9439526885923116,1858,18876
esp_aves2_effnetb0_bio,BOAFAB,logistic,minute,0.8646875112513623,0.964246072358661,193,1593
esp_aves2_effnetb0_bio,BOAFAB,logistic+R37=glmm,minute,0.6994541333227874,0.9640799220151246,193,1593
esp_aves2_effnetb0_bio,BOAFAB,lda_shrunk,minute,0.7239435741003135,0.8799627945714859,193,1593
esp_aves2_effnetb0_bio,BOAFAB,simple_prototype,minute,0.8376770589332049,0.9485871695121999,193,1593
esp_aves2_sl_beats_all,BOAFAB,logistic,fenetre,0.9032657879390446,0.9653878924505432,1858,18876
esp_aves2_sl_beats_all,BOAFAB,logistic+R37=glmm,fenetre,0.7473804643682915,0.9646342426764981,1858,18876
esp_aves2_sl_beats_all,BOAFAB,lda_shrunk,fenetre,0.916415704002802,0.9534973674712716,1858,18876
esp_aves2_sl_beats_all,BOAFAB,simple_prototype,fenetre,0.5525957595562162,0.8865569276731611,1858,18876
esp_aves2_sl_beats_all,BOAFAB,attentive,fenetre,0.9126029895916591,0.9431899597325306,1858,18876
esp_aves2_sl_beats_all,BOAFAB,logistic:max,fenetre,0.9085094142408361,0.9691105168268448,1858,18876
esp_aves2_sl_beats_all,BOAFAB,proto_probe,fenetre,0.9462749516457355,0.9813123495293916,1858,18876
esp_aves2_sl_beats_all,BOAFAB,logistic,minute,0.9203800127674722,0.9864615782952927,193,1593
esp_aves2_sl_beats_all,BOAFAB,logistic+R37=glmm,minute,0.7526115132666694,0.9847111043874437,193,1593
esp_aves2_sl_beats_all,BOAFAB,lda_shrunk,minute,0.941917557176915,0.9727033442836994,193,1593
esp_aves2_sl_beats_all,BOAFAB,simple_prototype,minute,0.5959672066978713,0.9017732422244307,193,1593
esp_aves2_sl_beats_all,BOAFAB,attentive,minute,0.9323733799278773,0.9599103550114443,193,1593
esp_aves2_sl_beats_all,BOAFAB,logistic:max,minute,0.928266682137705,0.9894420221120068,193,1593
esp_aves2_sl_beats_all,BOAFAB,proto_probe,minute,0.9611491595826002,0.9935389387303701,193,1593
esp_aves2_sl_beats_bio,BOAFAB,logistic,fenetre,0.924354037450185,0.9745308620618918,1858,18876
esp_aves2_sl_beats_bio,BOAFAB,logistic+R37=glmm,fenetre,0.7889167651421785,0.9741641262533332,1858,18876
esp_aves2_sl_beats_bio,BOAFAB,lda_shrunk,fenetre,0.9408834531372366,0.9635195783858213,1858,18876
esp_aves2_sl_beats_bio,BOAFAB,simple_prototype,fenetre,0.8588267467190787,0.9508184429697374,1858,18876
esp_aves2_sl_beats_bio,BOAFAB,attentive,fenetre,0.9376071180921626,0.9546126437315454,1858,18876
esp_aves2_sl_beats_bio,BOAFAB,logistic:max,fenetre,0.9294004177922235,0.9777079504301149,1858,18876
esp_aves2_sl_beats_bio,BOAFAB,proto_probe,fenetre,0.9507968113661749,0.9837658326434839,1858,18876
esp_aves2_sl_beats_bio,BOAFAB,logistic,minute,0.9462636208326592,0.9894261534458403,193,1593
esp_aves2_sl_beats_bio,BOAFAB,logistic+R37=glmm,minute,0.8102135914269201,0.9892159187258754,193,1593
esp_aves2_sl_beats_bio,BOAFAB,lda_shrunk,minute,0.9518313889711155,0.9782848855031309,193,1593
esp_aves2_sl_beats_bio,BOAFAB,simple_prototype,minute,0.882898912963008,0.9689215173322123,193,1593
esp_aves2_sl_beats_bio,BOAFAB,attentive,minute,0.953054601461871,0.97199385132023,193,1593
esp_aves2_sl_beats_bio,BOAFAB,logistic:max,minute,0.9483794219175121,0.9908451325553521,193,1593
esp_aves2_sl_beats_bio,BOAFAB,proto_probe,minute,0.9634260459241838,0.9941894123753635,193,1593
esp_aves2_sl_eat_all_ssl_all,BOAFAB,logistic,fenetre,0.8318613261481049,0.9424114661437467,1858,18876
esp_aves2_sl_eat_all_ssl_all,BOAFAB,logistic+R37=glmm,fenetre,0.6121040439211857,0.9409487561189807,1858,18876
esp_aves2_sl_eat_all_ssl_all,BOAFAB,lda_shrunk,fenetre,0.8260978878195698,0.9397573898480625,1858,18876
esp_aves2_sl_eat_all_ssl_all,BOAFAB,simple_prototype,fenetre,0.45080795484395686,0.6100936428505985,1858,18876
esp_aves2_sl_eat_all_ssl_all,BOAFAB,attentive,fenetre,0.8280453514925026,0.8806408560588316,1858,18876
esp_aves2_sl_eat_all_ssl_all,BOAFAB,logistic:max,fenetre,0.8100230615009059,0.9194941046526274,1858,18876
esp_aves2_sl_eat_all_ssl_all,BOAFAB,proto_probe,fenetre,0.853192770192113,0.9484392927714247,1858,18876
esp_aves2_sl_eat_all_ssl_all,BOAFAB,logistic,minute,0.8107752037148471,0.962765251192613,193,1593
esp_aves2_sl_eat_all_ssl_all,BOAFAB,logistic+R37=glmm,minute,0.58589133137739,0.9612433323961656,193,1593
esp_aves2_sl_eat_all_ssl_all,BOAFAB,lda_shrunk,minute,0.8554157562488846,0.964397344376909,193,1593
esp_aves2_sl_eat_all_ssl_all,BOAFAB,simple_prototype,minute,0.49887898194024394,0.7278789176732298,193,1593
esp_aves2_sl_eat_all_ssl_all,BOAFAB,attentive,minute,0.8660765241824291,0.9162232308651445,193,1593
esp_aves2_sl_eat_all_ssl_all,BOAFAB,logistic:max,minute,0.8056671340187794,0.9215519586840024,193,1593
esp_aves2_sl_eat_all_ssl_all,BOAFAB,proto_probe,minute,0.8549648974611006,0.9612341496457553,193,1593
esp_aves2_sl_eat_bio_ssl_all,BOAFAB,logistic,fenetre,0.8760234243842242,0.9564619425528313,1858,18876
esp_aves2_sl_eat_bio_ssl_all,BOAFAB,logistic+R37=glmm,fenetre,0.7550612417553506,0.9561778792687954,1858,18876
esp_aves2_sl_eat_bio_ssl_all,BOAFAB,lda_shrunk,fenetre,0.9041696247797174,0.9456494039245845,1858,18876
esp_aves2_sl_eat_bio_ssl_all,BOAFAB,simple_prototype,fenetre,0.7958667941774566,0.9209406745194542,1858,18876
esp_aves2_sl_eat_bio_ssl_all,BOAFAB,attentive,fenetre,0.8896404244527686,0.9233971730543356,1858,18876
esp_aves2_sl_eat_bio_ssl_all,BOAFAB,logistic:max,fenetre,0.8644352956499074,0.9603346856391656,1858,18876
esp_aves2_sl_eat_bio_ssl_all,BOAFAB,proto_probe,fenetre,0.9030439524706937,0.9662891491948181,1858,18876
esp_aves2_sl_eat_bio_ssl_all,BOAFAB,logistic,minute,0.9016097172828041,0.9795576282976404,193,1593
esp_aves2_sl_eat_bio_ssl_all,BOAFAB,logistic+R37=glmm,minute,0.7567491182843358,0.9799310857808017,193,1593
esp_aves2_sl_eat_bio_ssl_all,BOAFAB,lda_shrunk,minute,0.9397139562757406,0.968716481870744,193,1593
esp_aves2_sl_eat_bio_ssl_all,BOAFAB,simple_prototype,minute,0.8352950207235773,0.9542063627557833,193,1593
esp_aves2_sl_eat_bio_ssl_all,BOAFAB,attentive,minute,0.8930428878633369,0.9407635440534121,193,1593
esp_aves2_sl_eat_bio_ssl_all,BOAFAB,logistic:max,minute,0.8725051066928816,0.9691777082546924,193,1593
esp_aves2_sl_eat_bio_ssl_all,BOAFAB,proto_probe,minute,0.9137738465425388,0.9742073183294109,193,1593
insect459,BOAFAB,logistic,fenetre,0.751903311975155,0.8129106149195576,1789,17380
insect459,BOAFAB,logistic+R37=glmm,fenetre,0.6910402979100887,0.8088679810223107,1789,17380
insect459,BOAFAB,lda_shrunk,fenetre,0.5353954304680486,0.568852910554988,1789,17380
insect459,BOAFAB,simple_prototype,fenetre,0.132452592451779,0.44253403091089805,1789,17380
insect459,BOAFAB,logistic,minute,0.785086222821194,0.8634279502515035,193,1593
insect459,BOAFAB,logistic+R37=glmm,minute,0.7299909318092299,0.8597267858780234,193,1593
insect459,BOAFAB,lda_shrunk,minute,0.6489136405359952,0.670177396642758,193,1593
insect459,BOAFAB,simple_prototype,minute,0.16400916711396407,0.4717689563627093,193,1593
insect66,BOAFAB,logistic,fenetre,0.7926735806402705,0.9091017182164538,1789,17380
insect66,BOAFAB,logistic+R37=glmm,fenetre,0.7047430074795225,0.9068032526020844,1789,17380
insect66,BOAFAB,lda_shrunk,fenetre,0.7775949154628161,0.7993354786241582,1789,17380
insect66,BOAFAB,simple_prototype,fenetre,0.3335478717410753,0.7496175806575579,1789,17380
insect66,BOAFAB,logistic,minute,0.7930192755629177,0.9157777186874506,193,1593
insect66,BOAFAB,logistic+R37=glmm,minute,0.7102777442776462,0.9153891950781317,193,1593
insect66,BOAFAB,lda_shrunk,minute,0.8184948875584982,0.8399871083323496,193,1593
insect66,BOAFAB,simple_prototype,minute,0.3651342498458928,0.7704762206627495,193,1593
naturebeats,BOAFAB,logistic,fenetre,0.8844802932435687,0.9527646903412088,1858,18876
naturebeats,BOAFAB,logistic+R37=glmm,fenetre,0.6602854814848178,0.9508764089102055,1858,18876
naturebeats,BOAFAB,lda_shrunk,fenetre,0.8817630725562476,0.9541611523703618,1858,18876
naturebeats,BOAFAB,simple_prototype,fenetre,0.35042219601734703,0.8656479616761157,1858,18876
naturebeats,BOAFAB,attentive,fenetre,0.8785612301727671,0.9316357816540043,1858,18876
naturebeats,BOAFAB,logistic:max,fenetre,0.914591502013064,0.9626088360142151,1858,18876
naturebeats,BOAFAB,proto_probe,fenetre,0.9701531362843676,0.9796531085378384,1858,18876
naturebeats,BOAFAB,logistic,minute,0.8938209620477673,0.9622813532653165,193,1593
naturebeats,BOAFAB,logistic+R37=glmm,minute,0.6769260554661901,0.9604068288972174,193,1593
naturebeats,BOAFAB,lda_shrunk,minute,0.9125179925124164,0.9624974565411624,193,1593
naturebeats,BOAFAB,simple_prototype,minute,0.36778663697606695,0.87814129055198,193,1593
naturebeats,BOAFAB,attentive,minute,0.9082101101716207,0.950161805416431,193,1593
naturebeats,BOAFAB,logistic:max,minute,0.9298346272458616,0.9731420286626846,193,1593
naturebeats,BOAFAB,proto_probe,minute,0.9810281161670289,0.9886035916293343,193,1593
perch_bird,BOAFAB,logistic,fenetre,0.9442866349601186,0.9788436101188132,1858,18876
perch_bird,BOAFAB,logistic+R37=glmm,fenetre,0.8796325469060582,0.9786911756878847,1858,18876
perch_bird,BOAFAB,lda_shrunk,fenetre,0.9434898422655081,0.9685590980384543,1858,18876
perch_bird,BOAFAB,logistic,minute,0.9496044636313504,0.9851840794600107,193,1593
perch_bird,BOAFAB,logistic+R37=glmm,minute,0.8935819543633586,0.9850771309608974,193,1593
perch_bird,BOAFAB,lda_shrunk,minute,0.9566588827291145,0.9729520803379531,193,1593
perch_v2,BOAFAB,logistic,fenetre,0.952576132201746,0.9682718859120178,1858,18876
perch_v2,BOAFAB,logistic+R37=glmm,fenetre,0.889021720255262,0.9676956277745757,1858,18876
perch_v2,BOAFAB,lda_shrunk,fenetre,0.9529854846417748,0.9632167069724213,1858,18876
perch_v2,BOAFAB,simple_prototype,fenetre,0.8071254417420745,0.9621564279375259,1858,18876
perch_v2,BOAFAB,attentive,fenetre,0.9399941533474452,0.9580236671072331,1858,18876
perch_v2,BOAFAB,logistic:max,fenetre,0.8387280421263893,0.9228162121164618,1858,18876
perch_v2,BOAFAB,proto_probe,fenetre,0.9549852663117213,0.9750710291663225,1858,18876
perch_v2,BOAFAB,logistic,minute,0.9635500264498258,0.9846300482585348,193,1593
perch_v2,BOAFAB,logistic+R37=glmm,minute,0.8986373531381655,0.9847482438311905,193,1593
perch_v2,BOAFAB,lda_shrunk,minute,0.9693747799056135,0.9741478824530687,193,1593
perch_v2,BOAFAB,simple_prototype,minute,0.7949044939859247,0.95950580936854,193,1593
perch_v2,BOAFAB,attentive,minute,0.9563977373753442,0.9734377805867156,193,1593
perch_v2,BOAFAB,logistic:max,minute,0.771565946204512,0.9569527885460507,193,1593
perch_v2,BOAFAB,proto_probe,minute,0.9633593388870638,0.9844742716855697,193,1593
protoclr,BOAFAB,logistic,fenetre,0.6906599972024292,0.8544691409211247,1539,15707
protoclr,BOAFAB,logistic+R37=glmm,fenetre,0.523363012661415,0.8497522061191249,1539,15707
protoclr,BOAFAB,lda_shrunk,fenetre,0.785650487705455,0.8705820252096694,1539,15707
protoclr,BOAFAB,logistic,minute,0.6310010451649527,0.8492207838022009,193,1593
protoclr,BOAFAB,logistic+R37=glmm,minute,0.4751248013241435,0.8455370226648267,193,1593
protoclr,BOAFAB,lda_shrunk,minute,0.7825730818989258,0.8776230236778007,193,1593
rcl_fs_bsed,BOAFAB,logistic,fenetre,0.48394034259197716,0.6771758788190088,45969,476300
rcl_fs_bsed,BOAFAB,logistic+R37=glmm,fenetre,0.4812473480495339,0.6768339794931467,45969,476300
rcl_fs_bsed,BOAFAB,lda_shrunk,fenetre,0.4120308378512015,0.6247096847123019,45969,476300
rcl_fs_bsed,BOAFAB,simple_prototype,fenetre,0.11687469834635233,0.15524111088315906,45969,476300
rcl_fs_bsed,BOAFAB,logistic,minute,0.4744478687271887,0.7182544228534202,193,1593
rcl_fs_bsed,BOAFAB,logistic+R37=glmm,minute,0.47015039109864887,0.71830718988389,193,1593
rcl_fs_bsed,BOAFAB,lda_shrunk,minute,0.40365348379318877,0.6242927165738116,193,1593
rcl_fs_bsed,BOAFAB,simple_prototype,minute,0.1974620304563905,0.2698455889853135,193,1593
