encoder,species,head,level,site,n_pos,ap
audioprotopnet,DENMIN,logistic,fenetre,INCT17,1756,0.9424801470420779
audioprotopnet,DENMIN,logistic,fenetre,INCT20955,240,0.5571976676797892
audioprotopnet,DENMIN,logistic,fenetre,INCT4,6,0.2883387509110432
audioprotopnet,DENMIN,logistic,fenetre,INCT41,0,
audioprotopnet,DENMIN,logistic+R37=glmm,fenetre,INCT17,1756,0.9415808560949914
audioprotopnet,DENMIN,logistic+R37=glmm,fenetre,INCT20955,240,0.5581844855096911
audioprotopnet,DENMIN,logistic+R37=glmm,fenetre,INCT4,6,0.24737041015236502
audioprotopnet,DENMIN,logistic+R37=glmm,fenetre,INCT41,0,
audioprotopnet,DENMIN,lda_shrunk,fenetre,INCT17,1756,0.9714814551381097
audioprotopnet,DENMIN,lda_shrunk,fenetre,INCT20955,240,0.3841303062189656
audioprotopnet,DENMIN,lda_shrunk,fenetre,INCT4,6,0.24682826105495403
audioprotopnet,DENMIN,lda_shrunk,fenetre,INCT41,0,
audioprotopnet,DENMIN,simple_prototype,fenetre,INCT17,1756,0.6665004756755049
audioprotopnet,DENMIN,simple_prototype,fenetre,INCT20955,240,0.1760453055902727
audioprotopnet,DENMIN,simple_prototype,fenetre,INCT4,6,0.0164791882888006
audioprotopnet,DENMIN,simple_prototype,fenetre,INCT41,0,
audioprotopnet,DENMIN,logistic,minute,INCT17,228,0.9813198232507312
audioprotopnet,DENMIN,logistic,minute,INCT20955,36,0.5906744525432106
audioprotopnet,DENMIN,logistic,minute,INCT4,2,0.5909090909090909
audioprotopnet,DENMIN,logistic,minute,INCT41,0,
audioprotopnet,DENMIN,logistic+R37=glmm,minute,INCT17,228,0.9811518548460763
audioprotopnet,DENMIN,logistic+R37=glmm,minute,INCT20955,36,0.5896477848589166
audioprotopnet,DENMIN,logistic+R37=glmm,minute,INCT4,2,0.5666666666666667
audioprotopnet,DENMIN,logistic+R37=glmm,minute,INCT41,0,
audioprotopnet,DENMIN,lda_shrunk,minute,INCT17,228,0.9905364241676502
audioprotopnet,DENMIN,lda_shrunk,minute,INCT20955,36,0.5095377453372318
audioprotopnet,DENMIN,lda_shrunk,minute,INCT4,2,0.6
audioprotopnet,DENMIN,lda_shrunk,minute,INCT41,0,
audioprotopnet,DENMIN,simple_prototype,minute,INCT17,228,0.8591826108676843
audioprotopnet,DENMIN,simple_prototype,minute,INCT20955,36,0.25614108524979756
audioprotopnet,DENMIN,simple_prototype,minute,INCT4,2,0.057870370370370364
audioprotopnet,DENMIN,simple_prototype,minute,INCT41,0,
beats,DENMIN,logistic,fenetre,INCT17,1756,0.778339561258016
beats,DENMIN,logistic,fenetre,INCT20955,240,0.05262212954318367
beats,DENMIN,logistic,fenetre,INCT4,6,0.004667231479546948
beats,DENMIN,logistic,fenetre,INCT41,0,
beats,DENMIN,logistic+R37=glmm,fenetre,INCT17,1756,0.7794794826427238
beats,DENMIN,logistic+R37=glmm,fenetre,INCT20955,240,0.052609158186118464
beats,DENMIN,logistic+R37=glmm,fenetre,INCT4,6,0.004969637290753902
beats,DENMIN,logistic+R37=glmm,fenetre,INCT41,0,
beats,DENMIN,lda_shrunk,fenetre,INCT17,1756,0.6560058680998548
beats,DENMIN,lda_shrunk,fenetre,INCT20955,240,0.07413086644030212
beats,DENMIN,lda_shrunk,fenetre,INCT4,6,0.007695343377292082
beats,DENMIN,lda_shrunk,fenetre,INCT41,0,
beats,DENMIN,simple_prototype,fenetre,INCT17,1756,0.6171428878702259
beats,DENMIN,simple_prototype,fenetre,INCT20955,240,0.046237762438487595
beats,DENMIN,simple_prototype,fenetre,INCT4,6,0.00245960921991793
beats,DENMIN,simple_prototype,fenetre,INCT41,0,
beats,DENMIN,attentive,fenetre,INCT17,1756,0.7105603651118592
beats,DENMIN,attentive,fenetre,INCT20955,240,0.05469984480194692
beats,DENMIN,attentive,fenetre,INCT4,6,0.006471703858174573
beats,DENMIN,attentive,fenetre,INCT41,0,
beats,DENMIN,logistic:max,fenetre,INCT17,1756,0.7654240882919165
beats,DENMIN,logistic:max,fenetre,INCT20955,240,0.06309103665939278
beats,DENMIN,logistic:max,fenetre,INCT4,6,0.005804311546552179
beats,DENMIN,logistic:max,fenetre,INCT41,0,
beats,DENMIN,proto_probe,fenetre,INCT17,1756,0.8028794155389486
beats,DENMIN,proto_probe,fenetre,INCT20955,240,0.07111700017566182
beats,DENMIN,proto_probe,fenetre,INCT4,6,0.02987178592648409
beats,DENMIN,proto_probe,fenetre,INCT41,0,
beats,DENMIN,logistic,minute,INCT17,228,0.8974143472968071
beats,DENMIN,logistic,minute,INCT20955,36,0.08704151456901937
beats,DENMIN,logistic,minute,INCT4,2,0.016001024065540194
beats,DENMIN,logistic,minute,INCT41,0,
beats,DENMIN,logistic+R37=glmm,minute,INCT17,228,0.8980046734797178
beats,DENMIN,logistic+R37=glmm,minute,INCT20955,36,0.0869366470932603
beats,DENMIN,logistic+R37=glmm,minute,INCT4,2,0.017046278833599306
beats,DENMIN,logistic+R37=glmm,minute,INCT41,0,
beats,DENMIN,lda_shrunk,minute,INCT17,228,0.7895794363991455
beats,DENMIN,lda_shrunk,minute,INCT20955,36,0.11232162643528595
beats,DENMIN,lda_shrunk,minute,INCT4,2,0.01755702280912365
beats,DENMIN,lda_shrunk,minute,INCT41,0,
beats,DENMIN,simple_prototype,minute,INCT17,228,0.8771665890497711
beats,DENMIN,simple_prototype,minute,INCT20955,36,0.07866065904692862
beats,DENMIN,simple_prototype,minute,INCT4,2,0.01471825063078217
beats,DENMIN,simple_prototype,minute,INCT41,0,
beats,DENMIN,attentive,minute,INCT17,228,0.8457708210948115
beats,DENMIN,attentive,minute,INCT20955,36,0.10289231662265626
beats,DENMIN,attentive,minute,INCT4,2,0.017347386912604304
beats,DENMIN,attentive,minute,INCT41,0,
beats,DENMIN,logistic:max,minute,INCT17,228,0.8917418290274506
beats,DENMIN,logistic:max,minute,INCT20955,36,0.0952845591742856
beats,DENMIN,logistic:max,minute,INCT4,2,0.018963675213675216
beats,DENMIN,logistic:max,minute,INCT41,0,
beats,DENMIN,proto_probe,minute,INCT17,228,0.9209492385441131
beats,DENMIN,proto_probe,minute,INCT20955,36,0.09331827398426178
beats,DENMIN,proto_probe,minute,INCT4,2,0.09316770186335403
beats,DENMIN,proto_probe,minute,INCT41,0,
birdmae_base,DENMIN,logistic,fenetre,INCT17,1756,0.778455135838751
birdmae_base,DENMIN,logistic,fenetre,INCT20955,240,0.04982357689096749
birdmae_base,DENMIN,logistic,fenetre,INCT4,6,0.0018022630341595941
birdmae_base,DENMIN,logistic,fenetre,INCT41,0,
birdmae_base,DENMIN,logistic+R37=glmm,fenetre,INCT17,1756,0.7923497559060506
birdmae_base,DENMIN,logistic+R37=glmm,fenetre,INCT20955,240,0.04973106679612934
birdmae_base,DENMIN,logistic+R37=glmm,fenetre,INCT4,6,0.0019291479041580746
birdmae_base,DENMIN,logistic+R37=glmm,fenetre,INCT41,0,
birdmae_base,DENMIN,lda_shrunk,fenetre,INCT17,1756,0.8111445829152469
birdmae_base,DENMIN,lda_shrunk,fenetre,INCT20955,240,0.08803107034936272
birdmae_base,DENMIN,lda_shrunk,fenetre,INCT4,6,0.040079941691574396
birdmae_base,DENMIN,lda_shrunk,fenetre,INCT41,0,
birdmae_base,DENMIN,simple_prototype,fenetre,INCT17,1756,0.611388754392685
birdmae_base,DENMIN,simple_prototype,fenetre,INCT20955,240,0.1287426824659323
birdmae_base,DENMIN,simple_prototype,fenetre,INCT4,6,0.0012541205479472664
birdmae_base,DENMIN,simple_prototype,fenetre,INCT41,0,
birdmae_base,DENMIN,attentive,fenetre,INCT17,1756,0.9360336173484743
birdmae_base,DENMIN,attentive,fenetre,INCT20955,240,0.04489915304679942
birdmae_base,DENMIN,attentive,fenetre,INCT4,6,0.1017315790851176
birdmae_base,DENMIN,attentive,fenetre,INCT41,0,
birdmae_base,DENMIN,logistic:max,fenetre,INCT17,1756,0.7445904221495347
birdmae_base,DENMIN,logistic:max,fenetre,INCT20955,240,0.05414691265762397
birdmae_base,DENMIN,logistic:max,fenetre,INCT4,6,0.0019537396094447194
birdmae_base,DENMIN,logistic:max,fenetre,INCT41,0,
birdmae_base,DENMIN,proto_probe,fenetre,INCT17,1756,0.8555500938360631
birdmae_base,DENMIN,proto_probe,fenetre,INCT20955,240,0.14222735635568284
birdmae_base,DENMIN,proto_probe,fenetre,INCT4,6,0.6570512820512819
birdmae_base,DENMIN,proto_probe,fenetre,INCT41,0,
birdmae_base,DENMIN,logistic,minute,INCT17,228,0.881726176575778
birdmae_base,DENMIN,logistic,minute,INCT20955,36,0.07703004271649051
birdmae_base,DENMIN,logistic,minute,INCT4,2,0.00916530278232406
birdmae_base,DENMIN,logistic,minute,INCT41,0,
birdmae_base,DENMIN,logistic+R37=glmm,minute,INCT17,228,0.8989909630636722
birdmae_base,DENMIN,logistic+R37=glmm,minute,INCT20955,36,0.07666554847768177
birdmae_base,DENMIN,logistic+R37=glmm,minute,INCT4,2,0.009492563429571305
birdmae_base,DENMIN,logistic+R37=glmm,minute,INCT41,0,
birdmae_base,DENMIN,lda_shrunk,minute,INCT17,228,0.927760587777709
birdmae_base,DENMIN,lda_shrunk,minute,INCT20955,36,0.12901646289586888
birdmae_base,DENMIN,lda_shrunk,minute,INCT4,2,0.18018018018018017
birdmae_base,DENMIN,lda_shrunk,minute,INCT41,0,
birdmae_base,DENMIN,simple_prototype,minute,INCT17,228,0.8485281565336873
birdmae_base,DENMIN,simple_prototype,minute,INCT20955,36,0.20390108120676692
birdmae_base,DENMIN,simple_prototype,minute,INCT4,2,0.0055093879403256
birdmae_base,DENMIN,simple_prototype,minute,INCT41,0,
birdmae_base,DENMIN,attentive,minute,INCT17,228,0.9845028718852107
birdmae_base,DENMIN,attentive,minute,INCT20955,36,0.0774717573767372
birdmae_base,DENMIN,attentive,minute,INCT4,2,0.2692307692307692
birdmae_base,DENMIN,attentive,minute,INCT41,0,
birdmae_base,DENMIN,logistic:max,minute,INCT17,228,0.9032360427578947
birdmae_base,DENMIN,logistic:max,minute,INCT20955,36,0.08735726714067547
birdmae_base,DENMIN,logistic:max,minute,INCT4,2,0.009263157894736841
birdmae_base,DENMIN,logistic:max,minute,INCT41,0,
birdmae_base,DENMIN,proto_probe,minute,INCT17,228,0.9467564544132236
birdmae_base,DENMIN,proto_probe,minute,INCT20955,36,0.2153944978556147
birdmae_base,DENMIN,proto_probe,minute,INCT4,2,1.0
birdmae_base,DENMIN,proto_probe,minute,INCT41,0,
birdmae_huge,DENMIN,logistic,fenetre,INCT17,1756,0.7834908619547696
birdmae_huge,DENMIN,logistic,fenetre,INCT20955,240,0.0510390008822649
birdmae_huge,DENMIN,logistic,fenetre,INCT4,6,0.002097401101295613
birdmae_huge,DENMIN,logistic,fenetre,INCT41,0,
birdmae_huge,DENMIN,logistic+R37=glmm,fenetre,INCT17,1756,0.7862172026518008
birdmae_huge,DENMIN,logistic+R37=glmm,fenetre,INCT20955,240,0.05070483742334325
birdmae_huge,DENMIN,logistic+R37=glmm,fenetre,INCT4,6,0.0030049036204508996
birdmae_huge,DENMIN,logistic+R37=glmm,fenetre,INCT41,0,
birdmae_huge,DENMIN,lda_shrunk,fenetre,INCT17,1756,0.8175624490653066
birdmae_huge,DENMIN,lda_shrunk,fenetre,INCT20955,240,0.20431256895322217
birdmae_huge,DENMIN,lda_shrunk,fenetre,INCT4,6,0.029390168133638764
birdmae_huge,DENMIN,lda_shrunk,fenetre,INCT41,0,
birdmae_huge,DENMIN,logistic,minute,INCT17,228,0.9068699275444871
birdmae_huge,DENMIN,logistic,minute,INCT20955,36,0.07971927313861984
birdmae_huge,DENMIN,logistic,minute,INCT4,2,0.011403508771929825
birdmae_huge,DENMIN,logistic,minute,INCT41,0,
birdmae_huge,DENMIN,logistic+R37=glmm,minute,INCT17,228,0.9091881334540342
birdmae_huge,DENMIN,logistic+R37=glmm,minute,INCT20955,36,0.07915066225202744
birdmae_huge,DENMIN,logistic+R37=glmm,minute,INCT4,2,0.0154524089306698
birdmae_huge,DENMIN,logistic+R37=glmm,minute,INCT41,0,
birdmae_huge,DENMIN,lda_shrunk,minute,INCT17,228,0.9126905366296549
birdmae_huge,DENMIN,lda_shrunk,minute,INCT20955,36,0.2833368545059485
birdmae_huge,DENMIN,lda_shrunk,minute,INCT4,2,0.11030927835051547
birdmae_huge,DENMIN,lda_shrunk,minute,INCT41,0,
birdmae_large,DENMIN,logistic,fenetre,INCT17,1756,0.8004197202580989
birdmae_large,DENMIN,logistic,fenetre,INCT20955,240,0.057514650334791056
birdmae_large,DENMIN,logistic,fenetre,INCT4,6,0.0023477773429464105
birdmae_large,DENMIN,logistic,fenetre,INCT41,0,
birdmae_large,DENMIN,logistic+R37=glmm,fenetre,INCT17,1756,0.802201829731002
birdmae_large,DENMIN,logistic+R37=glmm,fenetre,INCT20955,240,0.05713224080193263
birdmae_large,DENMIN,logistic+R37=glmm,fenetre,INCT4,6,0.0025203598197868523
birdmae_large,DENMIN,logistic+R37=glmm,fenetre,INCT41,0,
birdmae_large,DENMIN,lda_shrunk,fenetre,INCT17,1756,0.8747553453722489
birdmae_large,DENMIN,lda_shrunk,fenetre,INCT20955,240,0.11454027374424776
birdmae_large,DENMIN,lda_shrunk,fenetre,INCT4,6,0.008521289229842166
birdmae_large,DENMIN,lda_shrunk,fenetre,INCT41,0,
birdmae_large,DENMIN,simple_prototype,fenetre,INCT17,1756,0.6333029839507027
birdmae_large,DENMIN,simple_prototype,fenetre,INCT20955,240,0.12571053585392028
birdmae_large,DENMIN,simple_prototype,fenetre,INCT4,6,0.0009758068573517326
birdmae_large,DENMIN,simple_prototype,fenetre,INCT41,0,
birdmae_large,DENMIN,attentive,fenetre,INCT17,1756,0.9026344563585174
birdmae_large,DENMIN,attentive,fenetre,INCT20955,240,0.045496534327588885
birdmae_large,DENMIN,attentive,fenetre,INCT4,6,0.0382344917105381
birdmae_large,DENMIN,attentive,fenetre,INCT41,0,
birdmae_large,DENMIN,logistic:max,fenetre,INCT17,1756,0.7326406946058165
birdmae_large,DENMIN,logistic:max,fenetre,INCT20955,240,0.058361031497666825
birdmae_large,DENMIN,logistic:max,fenetre,INCT4,6,0.0014937680644843065
birdmae_large,DENMIN,logistic:max,fenetre,INCT41,0,
birdmae_large,DENMIN,proto_probe,fenetre,INCT17,1756,0.9164916503171386
birdmae_large,DENMIN,proto_probe,fenetre,INCT20955,240,0.16405126492777436
birdmae_large,DENMIN,proto_probe,fenetre,INCT4,6,0.5418564055859137
birdmae_large,DENMIN,proto_probe,fenetre,INCT41,0,
birdmae_large,DENMIN,logistic,minute,INCT17,228,0.9161054480620553
birdmae_large,DENMIN,logistic,minute,INCT20955,36,0.08996342150768626
birdmae_large,DENMIN,logistic,minute,INCT4,2,0.009223562575135763
birdmae_large,DENMIN,logistic,minute,INCT41,0,
birdmae_large,DENMIN,logistic+R37=glmm,minute,INCT17,228,0.9220785855385971
birdmae_large,DENMIN,logistic+R37=glmm,minute,INCT20955,36,0.0893057172028504
birdmae_large,DENMIN,logistic+R37=glmm,minute,INCT4,2,0.009525686506372356
birdmae_large,DENMIN,logistic+R37=glmm,minute,INCT41,0,
birdmae_large,DENMIN,lda_shrunk,minute,INCT17,228,0.9439738090499525
birdmae_large,DENMIN,lda_shrunk,minute,INCT20955,36,0.17393677962014814
birdmae_large,DENMIN,lda_shrunk,minute,INCT4,2,0.025062266500622665
birdmae_large,DENMIN,lda_shrunk,minute,INCT41,0,
birdmae_large,DENMIN,simple_prototype,minute,INCT17,228,0.8218213421049763
birdmae_large,DENMIN,simple_prototype,minute,INCT20955,36,0.23409940993993114
birdmae_large,DENMIN,simple_prototype,minute,INCT4,2,0.004812377500629606
birdmae_large,DENMIN,simple_prototype,minute,INCT41,0,
birdmae_large,DENMIN,attentive,minute,INCT17,228,0.9722184059116585
birdmae_large,DENMIN,attentive,minute,INCT20955,36,0.07386526906778024
birdmae_large,DENMIN,attentive,minute,INCT4,2,0.10892857142857143
birdmae_large,DENMIN,attentive,minute,INCT41,0,
birdmae_large,DENMIN,logistic:max,minute,INCT17,228,0.8891306177263982
birdmae_large,DENMIN,logistic:max,minute,INCT20955,36,0.09180573354751198
birdmae_large,DENMIN,logistic:max,minute,INCT4,2,0.008801001620268081
birdmae_large,DENMIN,logistic:max,minute,INCT41,0,
birdmae_large,DENMIN,proto_probe,minute,INCT17,228,0.9703383027708337
birdmae_large,DENMIN,proto_probe,minute,INCT20955,36,0.2911489071417209
birdmae_large,DENMIN,proto_probe,minute,INCT4,2,0.7
birdmae_large,DENMIN,proto_probe,minute,INCT41,0,
birdnet,DENMIN,logistic,fenetre,INCT17,2439,0.9674623826659005
birdnet,DENMIN,logistic,fenetre,INCT20955,272,0.16083782411662106
birdnet,DENMIN,logistic,fenetre,INCT4,6,0.3684369384546271
birdnet,DENMIN,logistic,fenetre,INCT41,0,
birdnet,DENMIN,logistic+R37=glmm,fenetre,INCT17,2439,0.9653145866081758
birdnet,DENMIN,logistic+R37=glmm,fenetre,INCT20955,272,0.1603896947663968
birdnet,DENMIN,logistic+R37=glmm,fenetre,INCT4,6,0.3569621435591804
birdnet,DENMIN,logistic+R37=glmm,fenetre,INCT41,0,
birdnet,DENMIN,lda_shrunk,fenetre,INCT17,2439,0.9345540396066597
birdnet,DENMIN,lda_shrunk,fenetre,INCT20955,272,0.09089919384059317
birdnet,DENMIN,lda_shrunk,fenetre,INCT4,6,0.43509003991460127
birdnet,DENMIN,lda_shrunk,fenetre,INCT41,0,
birdnet,DENMIN,logistic,minute,INCT17,228,0.9876627703013836
birdnet,DENMIN,logistic,minute,INCT20955,36,0.25812976633742246
birdnet,DENMIN,logistic,minute,INCT4,2,0.5526315789473684
birdnet,DENMIN,logistic,minute,INCT41,0,
birdnet,DENMIN,logistic+R37=glmm,minute,INCT17,228,0.986498262186014
birdnet,DENMIN,logistic+R37=glmm,minute,INCT20955,36,0.2594831097685413
birdnet,DENMIN,logistic+R37=glmm,minute,INCT4,2,0.54
birdnet,DENMIN,logistic+R37=glmm,minute,INCT41,0,
birdnet,DENMIN,lda_shrunk,minute,INCT17,228,0.9802914980205251
birdnet,DENMIN,lda_shrunk,minute,INCT20955,36,0.1858958958418524
birdnet,DENMIN,lda_shrunk,minute,INCT4,2,0.5714285714285714
birdnet,DENMIN,lda_shrunk,minute,INCT41,0,
birdnet_v3,DENMIN,logistic,fenetre,INCT17,2439,0.9181304945212472
birdnet_v3,DENMIN,logistic,fenetre,INCT20955,272,0.11092875779748394
birdnet_v3,DENMIN,logistic,fenetre,INCT4,6,0.005453005276656076
birdnet_v3,DENMIN,logistic,fenetre,INCT41,0,
birdnet_v3,DENMIN,logistic+R37=glmm,fenetre,INCT17,2439,0.9181865224303454
birdnet_v3,DENMIN,logistic+R37=glmm,fenetre,INCT20955,272,0.11063009535392031
birdnet_v3,DENMIN,logistic+R37=glmm,fenetre,INCT4,6,0.0026141157764809036
birdnet_v3,DENMIN,logistic+R37=glmm,fenetre,INCT41,0,
birdnet_v3,DENMIN,lda_shrunk,fenetre,INCT17,2439,0.9098455500254528
birdnet_v3,DENMIN,lda_shrunk,fenetre,INCT20955,272,0.10151293874768702
birdnet_v3,DENMIN,lda_shrunk,fenetre,INCT4,6,0.03017570120608632
birdnet_v3,DENMIN,lda_shrunk,fenetre,INCT41,0,
birdnet_v3,DENMIN,simple_prototype,fenetre,INCT17,2439,0.6564203260973662
birdnet_v3,DENMIN,simple_prototype,fenetre,INCT20955,272,0.07895367303064496
birdnet_v3,DENMIN,simple_prototype,fenetre,INCT4,6,0.001472087515025303
birdnet_v3,DENMIN,simple_prototype,fenetre,INCT41,0,
birdnet_v3,DENMIN,classifieur_origine,fenetre,INCT17,2439,0.9627166221012319
birdnet_v3,DENMIN,classifieur_origine,fenetre,INCT20955,272,0.13323092268932912
birdnet_v3,DENMIN,classifieur_origine,fenetre,INCT4,6,0.2414127045805776
birdnet_v3,DENMIN,classifieur_origine,fenetre,INCT41,0,
birdnet_v3,DENMIN,logistic,minute,INCT17,228,0.9738876979509467
birdnet_v3,DENMIN,logistic,minute,INCT20955,36,0.21637110031517653
birdnet_v3,DENMIN,logistic,minute,INCT4,2,0.029803646563814866
birdnet_v3,DENMIN,logistic,minute,INCT41,0,
birdnet_v3,DENMIN,logistic+R37=glmm,minute,INCT17,228,0.9738563807777016
birdnet_v3,DENMIN,logistic+R37=glmm,minute,INCT20955,36,0.21642681074831652
birdnet_v3,DENMIN,logistic+R37=glmm,minute,INCT4,2,0.017195767195767195
birdnet_v3,DENMIN,logistic+R37=glmm,minute,INCT41,0,
birdnet_v3,DENMIN,lda_shrunk,minute,INCT17,228,0.9617657839330667
birdnet_v3,DENMIN,lda_shrunk,minute,INCT20955,36,0.17709405145468743
birdnet_v3,DENMIN,lda_shrunk,minute,INCT4,2,0.06432246998284734
birdnet_v3,DENMIN,lda_shrunk,minute,INCT41,0,
birdnet_v3,DENMIN,simple_prototype,minute,INCT17,228,0.8666425636744275
birdnet_v3,DENMIN,simple_prototype,minute,INCT20955,36,0.19566131158532335
birdnet_v3,DENMIN,simple_prototype,minute,INCT4,2,0.008015631250192314
birdnet_v3,DENMIN,simple_prototype,minute,INCT41,0,
birdnet_v3,DENMIN,classifieur_origine,minute,INCT17,228,0.9872218144900485
birdnet_v3,DENMIN,classifieur_origine,minute,INCT20955,36,0.253316611149884
birdnet_v3,DENMIN,classifieur_origine,minute,INCT4,2,0.6
birdnet_v3,DENMIN,classifieur_origine,minute,INCT41,0,
convnext_birdset,DENMIN,logistic,fenetre,INCT17,1756,0.9586676277210908
convnext_birdset,DENMIN,logistic,fenetre,INCT20955,240,0.3957625241169486
convnext_birdset,DENMIN,logistic,fenetre,INCT4,6,0.42074008853669864
convnext_birdset,DENMIN,logistic,fenetre,INCT41,0,
convnext_birdset,DENMIN,logistic+R37=glmm,fenetre,INCT17,1756,0.9604581762419895
convnext_birdset,DENMIN,logistic+R37=glmm,fenetre,INCT20955,240,0.399035892703984
convnext_birdset,DENMIN,logistic+R37=glmm,fenetre,INCT4,6,0.29966342137394764
convnext_birdset,DENMIN,logistic+R37=glmm,fenetre,INCT41,0,
convnext_birdset,DENMIN,lda_shrunk,fenetre,INCT17,1756,0.9678738941184779
convnext_birdset,DENMIN,lda_shrunk,fenetre,INCT20955,240,0.3754487999161376
convnext_birdset,DENMIN,lda_shrunk,fenetre,INCT4,6,0.7645760743321719
convnext_birdset,DENMIN,lda_shrunk,fenetre,INCT41,0,
convnext_birdset,DENMIN,simple_prototype,fenetre,INCT17,1756,0.5888557817504753
convnext_birdset,DENMIN,simple_prototype,fenetre,INCT20955,240,0.04133408817797404
convnext_birdset,DENMIN,simple_prototype,fenetre,INCT4,6,0.566729534775991
convnext_birdset,DENMIN,simple_prototype,fenetre,INCT41,0,
convnext_birdset,DENMIN,logistic,minute,INCT17,228,0.9845510467575558
convnext_birdset,DENMIN,logistic,minute,INCT20955,36,0.5125613362090028
convnext_birdset,DENMIN,logistic,minute,INCT4,2,0.7
convnext_birdset,DENMIN,logistic,minute,INCT41,0,
convnext_birdset,DENMIN,logistic+R37=glmm,minute,INCT17,228,0.9845779234472296
convnext_birdset,DENMIN,logistic+R37=glmm,minute,INCT20955,36,0.5120841967440682
convnext_birdset,DENMIN,logistic+R37=glmm,minute,INCT4,2,0.625
convnext_birdset,DENMIN,logistic+R37=glmm,minute,INCT41,0,
convnext_birdset,DENMIN,lda_shrunk,minute,INCT17,228,0.9871268835014324
convnext_birdset,DENMIN,lda_shrunk,minute,INCT20955,36,0.4977542554927955
convnext_birdset,DENMIN,lda_shrunk,minute,INCT4,2,1.0
convnext_birdset,DENMIN,lda_shrunk,minute,INCT41,0,
convnext_birdset,DENMIN,simple_prototype,minute,INCT17,228,0.8252143661947904
convnext_birdset,DENMIN,simple_prototype,minute,INCT20955,36,0.07687489117182719
convnext_birdset,DENMIN,simple_prototype,minute,INCT4,2,1.0
convnext_birdset,DENMIN,simple_prototype,minute,INCT41,0,
esp_aves2_eat_all,DENMIN,logistic,fenetre,INCT17,1756,0.7498039616568768
esp_aves2_eat_all,DENMIN,logistic,fenetre,INCT20955,240,0.05229186477826372
esp_aves2_eat_all,DENMIN,logistic,fenetre,INCT4,6,0.0033173046268913705
esp_aves2_eat_all,DENMIN,logistic,fenetre,INCT41,0,
esp_aves2_eat_all,DENMIN,logistic+R37=glmm,fenetre,INCT17,1756,0.7496845747764361
esp_aves2_eat_all,DENMIN,logistic+R37=glmm,fenetre,INCT20955,240,0.052121334447601864
esp_aves2_eat_all,DENMIN,logistic+R37=glmm,fenetre,INCT4,6,0.0022213727499248276
esp_aves2_eat_all,DENMIN,logistic+R37=glmm,fenetre,INCT41,0,
esp_aves2_eat_all,DENMIN,lda_shrunk,fenetre,INCT17,1756,0.7030286625269571
esp_aves2_eat_all,DENMIN,lda_shrunk,fenetre,INCT20955,240,0.04724379475986955
esp_aves2_eat_all,DENMIN,lda_shrunk,fenetre,INCT4,6,0.003834601554219417
esp_aves2_eat_all,DENMIN,lda_shrunk,fenetre,INCT41,0,
esp_aves2_eat_all,DENMIN,simple_prototype,fenetre,INCT17,1756,0.6178457552383588
esp_aves2_eat_all,DENMIN,simple_prototype,fenetre,INCT20955,240,0.09900488282961326
esp_aves2_eat_all,DENMIN,simple_prototype,fenetre,INCT4,6,0.001442118698926994
esp_aves2_eat_all,DENMIN,simple_prototype,fenetre,INCT41,0,
esp_aves2_eat_all,DENMIN,attentive,fenetre,INCT17,1756,0.6484996375774665
esp_aves2_eat_all,DENMIN,attentive,fenetre,INCT20955,240,0.03986517876405137
esp_aves2_eat_all,DENMIN,attentive,fenetre,INCT4,6,0.0023546691360659985
esp_aves2_eat_all,DENMIN,attentive,fenetre,INCT41,0,
esp_aves2_eat_all,DENMIN,logistic:max,fenetre,INCT17,1756,0.6578819099794766
esp_aves2_eat_all,DENMIN,logistic:max,fenetre,INCT20955,240,0.03871895276055736
esp_aves2_eat_all,DENMIN,logistic:max,fenetre,INCT4,6,0.0012586987402105623
esp_aves2_eat_all,DENMIN,logistic:max,fenetre,INCT41,0,
esp_aves2_eat_all,DENMIN,proto_probe,fenetre,INCT17,1756,0.6120770430277892
esp_aves2_eat_all,DENMIN,proto_probe,fenetre,INCT20955,240,0.054477559900277445
esp_aves2_eat_all,DENMIN,proto_probe,fenetre,INCT4,6,0.04450758162397012
esp_aves2_eat_all,DENMIN,proto_probe,fenetre,INCT41,0,
esp_aves2_eat_all,DENMIN,logistic,minute,INCT17,228,0.8412693395898077
esp_aves2_eat_all,DENMIN,logistic,minute,INCT20955,36,0.07919126566449299
esp_aves2_eat_all,DENMIN,logistic,minute,INCT4,2,0.012154258559766054
esp_aves2_eat_all,DENMIN,logistic,minute,INCT41,0,
esp_aves2_eat_all,DENMIN,logistic+R37=glmm,minute,INCT17,228,0.8421723892957237
esp_aves2_eat_all,DENMIN,logistic+R37=glmm,minute,INCT20955,36,0.07916237423247803
esp_aves2_eat_all,DENMIN,logistic+R37=glmm,minute,INCT4,2,0.009815765629719118
esp_aves2_eat_all,DENMIN,logistic+R37=glmm,minute,INCT41,0,
esp_aves2_eat_all,DENMIN,lda_shrunk,minute,INCT17,228,0.8246704334280681
esp_aves2_eat_all,DENMIN,lda_shrunk,minute,INCT20955,36,0.07401329086555554
esp_aves2_eat_all,DENMIN,lda_shrunk,minute,INCT4,2,0.013738738738738739
esp_aves2_eat_all,DENMIN,lda_shrunk,minute,INCT41,0,
esp_aves2_eat_all,DENMIN,simple_prototype,minute,INCT17,228,0.8541927585745335
esp_aves2_eat_all,DENMIN,simple_prototype,minute,INCT20955,36,0.15714765574272857
esp_aves2_eat_all,DENMIN,simple_prototype,minute,INCT4,2,0.005946108685834713
esp_aves2_eat_all,DENMIN,simple_prototype,minute,INCT41,0,
esp_aves2_eat_all,DENMIN,attentive,minute,INCT17,228,0.7767163031120252
esp_aves2_eat_all,DENMIN,attentive,minute,INCT20955,36,0.06918769917431856
esp_aves2_eat_all,DENMIN,attentive,minute,INCT4,2,0.01162654483687694
esp_aves2_eat_all,DENMIN,attentive,minute,INCT41,0,
esp_aves2_eat_all,DENMIN,logistic:max,minute,INCT17,228,0.8112801991985656
esp_aves2_eat_all,DENMIN,logistic:max,minute,INCT20955,36,0.06389695762106978
esp_aves2_eat_all,DENMIN,logistic:max,minute,INCT4,2,0.007214584017643471
esp_aves2_eat_all,DENMIN,logistic:max,minute,INCT41,0,
esp_aves2_eat_all,DENMIN,proto_probe,minute,INCT17,228,0.7604404345974353
esp_aves2_eat_all,DENMIN,proto_probe,minute,INCT20955,36,0.10667853221404999
esp_aves2_eat_all,DENMIN,proto_probe,minute,INCT4,2,0.1108695652173913
esp_aves2_eat_all,DENMIN,proto_probe,minute,INCT41,0,
esp_aves2_eat_bio,DENMIN,logistic,fenetre,INCT17,1756,0.5288113989285659
esp_aves2_eat_bio,DENMIN,logistic,fenetre,INCT20955,240,0.04866899843777709
esp_aves2_eat_bio,DENMIN,logistic,fenetre,INCT4,6,0.001102606385045409
esp_aves2_eat_bio,DENMIN,logistic,fenetre,INCT41,0,
esp_aves2_eat_bio,DENMIN,logistic+R37=glmm,fenetre,INCT17,1756,0.5416988377880878
esp_aves2_eat_bio,DENMIN,logistic+R37=glmm,fenetre,INCT20955,240,0.04660000713929036
esp_aves2_eat_bio,DENMIN,logistic+R37=glmm,fenetre,INCT4,6,0.0012489011328175109
esp_aves2_eat_bio,DENMIN,logistic+R37=glmm,fenetre,INCT41,0,
esp_aves2_eat_bio,DENMIN,lda_shrunk,fenetre,INCT17,1756,0.531050732978651
esp_aves2_eat_bio,DENMIN,lda_shrunk,fenetre,INCT20955,240,0.07591369545126422
esp_aves2_eat_bio,DENMIN,lda_shrunk,fenetre,INCT4,6,0.003856716965902219
esp_aves2_eat_bio,DENMIN,lda_shrunk,fenetre,INCT41,0,
esp_aves2_eat_bio,DENMIN,simple_prototype,fenetre,INCT17,1756,0.6107258089186429
esp_aves2_eat_bio,DENMIN,simple_prototype,fenetre,INCT20955,240,0.13194784591700384
esp_aves2_eat_bio,DENMIN,simple_prototype,fenetre,INCT4,6,0.0010953547157698106
esp_aves2_eat_bio,DENMIN,simple_prototype,fenetre,INCT41,0,
esp_aves2_eat_bio,DENMIN,attentive,fenetre,INCT17,1756,0.46907161028727207
esp_aves2_eat_bio,DENMIN,attentive,fenetre,INCT20955,240,0.047483321567849734
esp_aves2_eat_bio,DENMIN,attentive,fenetre,INCT4,6,0.0013959559591539827
esp_aves2_eat_bio,DENMIN,attentive,fenetre,INCT41,0,
esp_aves2_eat_bio,DENMIN,logistic:max,fenetre,INCT17,1756,0.5833186296368691
esp_aves2_eat_bio,DENMIN,logistic:max,fenetre,INCT20955,240,0.03892053253010266
esp_aves2_eat_bio,DENMIN,logistic:max,fenetre,INCT4,6,0.0018846183901725275
esp_aves2_eat_bio,DENMIN,logistic:max,fenetre,INCT41,0,
esp_aves2_eat_bio,DENMIN,proto_probe,fenetre,INCT17,1756,0.590365034793867
esp_aves2_eat_bio,DENMIN,proto_probe,fenetre,INCT20955,240,0.0466302704484833
esp_aves2_eat_bio,DENMIN,proto_probe,fenetre,INCT4,6,0.003307650448598193
esp_aves2_eat_bio,DENMIN,proto_probe,fenetre,INCT41,0,
esp_aves2_eat_bio,DENMIN,logistic,minute,INCT17,228,0.6795561668594283
esp_aves2_eat_bio,DENMIN,logistic,minute,INCT20955,36,0.07981165866377526
esp_aves2_eat_bio,DENMIN,logistic,minute,INCT4,2,0.004584047719269427
esp_aves2_eat_bio,DENMIN,logistic,minute,INCT41,0,
esp_aves2_eat_bio,DENMIN,logistic+R37=glmm,minute,INCT17,228,0.6900957836031363
esp_aves2_eat_bio,DENMIN,logistic+R37=glmm,minute,INCT20955,36,0.07809629029750291
esp_aves2_eat_bio,DENMIN,logistic+R37=glmm,minute,INCT4,2,0.0050396104551417905
esp_aves2_eat_bio,DENMIN,logistic+R37=glmm,minute,INCT41,0,
esp_aves2_eat_bio,DENMIN,lda_shrunk,minute,INCT17,228,0.6779428152173084
esp_aves2_eat_bio,DENMIN,lda_shrunk,minute,INCT20955,36,0.1037923456403338
esp_aves2_eat_bio,DENMIN,lda_shrunk,minute,INCT4,2,0.011268410360589131
esp_aves2_eat_bio,DENMIN,lda_shrunk,minute,INCT41,0,
esp_aves2_eat_bio,DENMIN,simple_prototype,minute,INCT17,228,0.8002732751062178
esp_aves2_eat_bio,DENMIN,simple_prototype,minute,INCT20955,36,0.17547168340303276
esp_aves2_eat_bio,DENMIN,simple_prototype,minute,INCT4,2,0.004803024591942798
esp_aves2_eat_bio,DENMIN,simple_prototype,minute,INCT41,0,
esp_aves2_eat_bio,DENMIN,attentive,minute,INCT17,228,0.6370033621895524
esp_aves2_eat_bio,DENMIN,attentive,minute,INCT20955,36,0.09660581612582134
esp_aves2_eat_bio,DENMIN,attentive,minute,INCT4,2,0.00850655368727658
esp_aves2_eat_bio,DENMIN,attentive,minute,INCT41,0,
esp_aves2_eat_bio,DENMIN,logistic:max,minute,INCT17,228,0.7954153931778076
esp_aves2_eat_bio,DENMIN,logistic:max,minute,INCT20955,36,0.06876676693014974
esp_aves2_eat_bio,DENMIN,logistic:max,minute,INCT4,2,0.007548309178743961
esp_aves2_eat_bio,DENMIN,logistic:max,minute,INCT41,0,
esp_aves2_eat_bio,DENMIN,proto_probe,minute,INCT17,228,0.7627808032631997
esp_aves2_eat_bio,DENMIN,proto_probe,minute,INCT20955,36,0.08248816086830288
esp_aves2_eat_bio,DENMIN,proto_probe,minute,INCT4,2,0.014035087719298244
esp_aves2_eat_bio,DENMIN,proto_probe,minute,INCT41,0,
esp_aves2_effnetb0_all,DENMIN,logistic,fenetre,INCT17,1756,0.8290993987866753
esp_aves2_effnetb0_all,DENMIN,logistic,fenetre,INCT20955,240,0.06371041001080079
esp_aves2_effnetb0_all,DENMIN,logistic,fenetre,INCT4,6,0.002099400173017494
esp_aves2_effnetb0_all,DENMIN,logistic,fenetre,INCT41,0,
esp_aves2_effnetb0_all,DENMIN,logistic+R37=glmm,fenetre,INCT17,1756,0.8286291972809555
esp_aves2_effnetb0_all,DENMIN,logistic+R37=glmm,fenetre,INCT20955,240,0.06377785771654575
esp_aves2_effnetb0_all,DENMIN,logistic+R37=glmm,fenetre,INCT4,6,0.001656447277780171
esp_aves2_effnetb0_all,DENMIN,logistic+R37=glmm,fenetre,INCT41,0,
esp_aves2_effnetb0_all,DENMIN,lda_shrunk,fenetre,INCT17,1756,0.7426712179723709
esp_aves2_effnetb0_all,DENMIN,lda_shrunk,fenetre,INCT20955,240,0.07030954908979882
esp_aves2_effnetb0_all,DENMIN,lda_shrunk,fenetre,INCT4,6,0.0025984744014369157
esp_aves2_effnetb0_all,DENMIN,lda_shrunk,fenetre,INCT41,0,
esp_aves2_effnetb0_all,DENMIN,simple_prototype,fenetre,INCT17,1756,0.5894433301682153
esp_aves2_effnetb0_all,DENMIN,simple_prototype,fenetre,INCT20955,240,0.03497603217304338
esp_aves2_effnetb0_all,DENMIN,simple_prototype,fenetre,INCT4,6,0.004425285698660163
esp_aves2_effnetb0_all,DENMIN,simple_prototype,fenetre,INCT41,0,
esp_aves2_effnetb0_all,DENMIN,logistic,minute,INCT17,228,0.9550799661241387
esp_aves2_effnetb0_all,DENMIN,logistic,minute,INCT20955,36,0.10027873826799295
esp_aves2_effnetb0_all,DENMIN,logistic,minute,INCT4,2,0.010046620046620047
esp_aves2_effnetb0_all,DENMIN,logistic,minute,INCT41,0,
esp_aves2_effnetb0_all,DENMIN,logistic+R37=glmm,minute,INCT17,228,0.954921503884002
esp_aves2_effnetb0_all,DENMIN,logistic+R37=glmm,minute,INCT20955,36,0.10030604782862303
esp_aves2_effnetb0_all,DENMIN,logistic+R37=glmm,minute,INCT4,2,0.008865248226950354
esp_aves2_effnetb0_all,DENMIN,logistic+R37=glmm,minute,INCT41,0,
esp_aves2_effnetb0_all,DENMIN,lda_shrunk,minute,INCT17,228,0.8691416400026566
esp_aves2_effnetb0_all,DENMIN,lda_shrunk,minute,INCT20955,36,0.14129743939906964
esp_aves2_effnetb0_all,DENMIN,lda_shrunk,minute,INCT4,2,0.012962962962962963
esp_aves2_effnetb0_all,DENMIN,lda_shrunk,minute,INCT41,0,
esp_aves2_effnetb0_all,DENMIN,simple_prototype,minute,INCT17,228,0.8155165279496911
esp_aves2_effnetb0_all,DENMIN,simple_prototype,minute,INCT20955,36,0.0649672617424153
esp_aves2_effnetb0_all,DENMIN,simple_prototype,minute,INCT4,2,0.018077601410934743
esp_aves2_effnetb0_all,DENMIN,simple_prototype,minute,INCT41,0,
esp_aves2_effnetb0_audioset,DENMIN,logistic,fenetre,INCT17,1756,0.617299693720234
esp_aves2_effnetb0_audioset,DENMIN,logistic,fenetre,INCT20955,240,0.10032768974095943
esp_aves2_effnetb0_audioset,DENMIN,logistic,fenetre,INCT4,6,0.0016403003884344648
esp_aves2_effnetb0_audioset,DENMIN,logistic,fenetre,INCT41,0,
esp_aves2_effnetb0_audioset,DENMIN,logistic+R37=glmm,fenetre,INCT17,1756,0.6273227987206282
esp_aves2_effnetb0_audioset,DENMIN,logistic+R37=glmm,fenetre,INCT20955,240,0.10585864438022713
esp_aves2_effnetb0_audioset,DENMIN,logistic+R37=glmm,fenetre,INCT4,6,0.001636963452147366
esp_aves2_effnetb0_audioset,DENMIN,logistic+R37=glmm,fenetre,INCT41,0,
esp_aves2_effnetb0_audioset,DENMIN,lda_shrunk,fenetre,INCT17,1756,0.5742599258453989
esp_aves2_effnetb0_audioset,DENMIN,lda_shrunk,fenetre,INCT20955,240,0.06835974005436182
esp_aves2_effnetb0_audioset,DENMIN,lda_shrunk,fenetre,INCT4,6,0.0026523291795515283
esp_aves2_effnetb0_audioset,DENMIN,lda_shrunk,fenetre,INCT41,0,
esp_aves2_effnetb0_audioset,DENMIN,simple_prototype,fenetre,INCT17,1756,0.6216984360311939
esp_aves2_effnetb0_audioset,DENMIN,simple_prototype,fenetre,INCT20955,240,0.03680134040864874
esp_aves2_effnetb0_audioset,DENMIN,simple_prototype,fenetre,INCT4,6,0.0014684042866341417
esp_aves2_effnetb0_audioset,DENMIN,simple_prototype,fenetre,INCT41,0,
esp_aves2_effnetb0_audioset,DENMIN,logistic,minute,INCT17,228,0.7856887678501026
esp_aves2_effnetb0_audioset,DENMIN,logistic,minute,INCT20955,36,0.16613486521113893
esp_aves2_effnetb0_audioset,DENMIN,logistic,minute,INCT4,2,0.005406826384744366
esp_aves2_effnetb0_audioset,DENMIN,logistic,minute,INCT41,0,
esp_aves2_effnetb0_audioset,DENMIN,logistic+R37=glmm,minute,INCT17,228,0.7937741291229206
esp_aves2_effnetb0_audioset,DENMIN,logistic+R37=glmm,minute,INCT20955,36,0.17387072690895145
esp_aves2_effnetb0_audioset,DENMIN,logistic+R37=glmm,minute,INCT4,2,0.006117724867724867
esp_aves2_effnetb0_audioset,DENMIN,logistic+R37=glmm,minute,INCT41,0,
esp_aves2_effnetb0_audioset,DENMIN,lda_shrunk,minute,INCT17,228,0.7253101626129158
esp_aves2_effnetb0_audioset,DENMIN,lda_shrunk,minute,INCT20955,36,0.10546290701925254
esp_aves2_effnetb0_audioset,DENMIN,lda_shrunk,minute,INCT4,2,0.0077470378972745715
esp_aves2_effnetb0_audioset,DENMIN,lda_shrunk,minute,INCT41,0,
esp_aves2_effnetb0_audioset,DENMIN,simple_prototype,minute,INCT17,228,0.8298539801913365
esp_aves2_effnetb0_audioset,DENMIN,simple_prototype,minute,INCT20955,36,0.0680924242198176
esp_aves2_effnetb0_audioset,DENMIN,simple_prototype,minute,INCT4,2,0.005469267574530732
esp_aves2_effnetb0_audioset,DENMIN,simple_prototype,minute,INCT41,0,
esp_aves2_effnetb0_bio,DENMIN,logistic,fenetre,INCT17,1756,0.8872780901958516
esp_aves2_effnetb0_bio,DENMIN,logistic,fenetre,INCT20955,240,0.20600988197604084
esp_aves2_effnetb0_bio,DENMIN,logistic,fenetre,INCT4,6,0.004912779288683231
esp_aves2_effnetb0_bio,DENMIN,logistic,fenetre,INCT41,0,
esp_aves2_effnetb0_bio,DENMIN,logistic+R37=glmm,fenetre,INCT17,1756,0.88557141588787
esp_aves2_effnetb0_bio,DENMIN,logistic+R37=glmm,fenetre,INCT20955,240,0.20580788465583727
esp_aves2_effnetb0_bio,DENMIN,logistic+R37=glmm,fenetre,INCT4,6,0.004375283859308534
esp_aves2_effnetb0_bio,DENMIN,logistic+R37=glmm,fenetre,INCT41,0,
esp_aves2_effnetb0_bio,DENMIN,lda_shrunk,fenetre,INCT17,1756,0.7058420368855165
esp_aves2_effnetb0_bio,DENMIN,lda_shrunk,fenetre,INCT20955,240,0.12057962831401459
esp_aves2_effnetb0_bio,DENMIN,lda_shrunk,fenetre,INCT4,6,0.008440700096090048
esp_aves2_effnetb0_bio,DENMIN,lda_shrunk,fenetre,INCT41,0,
esp_aves2_effnetb0_bio,DENMIN,simple_prototype,fenetre,INCT17,1756,0.5486139097456698
esp_aves2_effnetb0_bio,DENMIN,simple_prototype,fenetre,INCT20955,240,0.0978058594876807
esp_aves2_effnetb0_bio,DENMIN,simple_prototype,fenetre,INCT4,6,0.0030240266365645363
esp_aves2_effnetb0_bio,DENMIN,simple_prototype,fenetre,INCT41,0,
esp_aves2_effnetb0_bio,DENMIN,logistic,minute,INCT17,228,0.9550582187562076
esp_aves2_effnetb0_bio,DENMIN,logistic,minute,INCT20955,36,0.2648467072265323
esp_aves2_effnetb0_bio,DENMIN,logistic,minute,INCT4,2,0.02976952624839949
esp_aves2_effnetb0_bio,DENMIN,logistic,minute,INCT41,0,
esp_aves2_effnetb0_bio,DENMIN,logistic+R37=glmm,minute,INCT17,228,0.9578746885460436
esp_aves2_effnetb0_bio,DENMIN,logistic+R37=glmm,minute,INCT20955,36,0.2659996882407747
esp_aves2_effnetb0_bio,DENMIN,logistic+R37=glmm,minute,INCT4,2,0.02543859649122807
esp_aves2_effnetb0_bio,DENMIN,logistic+R37=glmm,minute,INCT41,0,
esp_aves2_effnetb0_bio,DENMIN,lda_shrunk,minute,INCT17,228,0.8210706101518386
esp_aves2_effnetb0_bio,DENMIN,lda_shrunk,minute,INCT20955,36,0.1653489564773051
esp_aves2_effnetb0_bio,DENMIN,lda_shrunk,minute,INCT4,2,0.0351921115266916
esp_aves2_effnetb0_bio,DENMIN,lda_shrunk,minute,INCT41,0,
esp_aves2_effnetb0_bio,DENMIN,simple_prototype,minute,INCT17,228,0.8111914141736674
esp_aves2_effnetb0_bio,DENMIN,simple_prototype,minute,INCT20955,36,0.18096940571331488
esp_aves2_effnetb0_bio,DENMIN,simple_prototype,minute,INCT4,2,0.01319670858562335
esp_aves2_effnetb0_bio,DENMIN,simple_prototype,minute,INCT41,0,
esp_aves2_sl_beats_all,DENMIN,logistic,fenetre,INCT17,1756,0.8029956922004194
esp_aves2_sl_beats_all,DENMIN,logistic,fenetre,INCT20955,240,0.05677977612339033
esp_aves2_sl_beats_all,DENMIN,logistic,fenetre,INCT4,6,0.21390279956736985
esp_aves2_sl_beats_all,DENMIN,logistic,fenetre,INCT41,0,
esp_aves2_sl_beats_all,DENMIN,logistic+R37=glmm,fenetre,INCT17,1756,0.8024603757147345
esp_aves2_sl_beats_all,DENMIN,logistic+R37=glmm,fenetre,INCT20955,240,0.05664935826295112
esp_aves2_sl_beats_all,DENMIN,logistic+R37=glmm,fenetre,INCT4,6,0.21791054012772515
esp_aves2_sl_beats_all,DENMIN,logistic+R37=glmm,fenetre,INCT41,0,
esp_aves2_sl_beats_all,DENMIN,lda_shrunk,fenetre,INCT17,1756,0.8667014427469266
esp_aves2_sl_beats_all,DENMIN,lda_shrunk,fenetre,INCT20955,240,0.04814483413689123
esp_aves2_sl_beats_all,DENMIN,lda_shrunk,fenetre,INCT4,6,0.3178119604747135
esp_aves2_sl_beats_all,DENMIN,lda_shrunk,fenetre,INCT41,0,
esp_aves2_sl_beats_all,DENMIN,simple_prototype,fenetre,INCT17,1756,0.6501966352869226
esp_aves2_sl_beats_all,DENMIN,simple_prototype,fenetre,INCT20955,240,0.04102885551779105
esp_aves2_sl_beats_all,DENMIN,simple_prototype,fenetre,INCT4,6,0.005469034733113081
esp_aves2_sl_beats_all,DENMIN,simple_prototype,fenetre,INCT41,0,
esp_aves2_sl_beats_all,DENMIN,attentive,fenetre,INCT17,1756,0.8308032565333625
esp_aves2_sl_beats_all,DENMIN,attentive,fenetre,INCT20955,240,0.03646932191150762
esp_aves2_sl_beats_all,DENMIN,attentive,fenetre,INCT4,6,0.27042669989800766
esp_aves2_sl_beats_all,DENMIN,attentive,fenetre,INCT41,0,
esp_aves2_sl_beats_all,DENMIN,logistic:max,fenetre,INCT17,1756,0.8126352043461212
esp_aves2_sl_beats_all,DENMIN,logistic:max,fenetre,INCT20955,240,0.0601410021623675
esp_aves2_sl_beats_all,DENMIN,logistic:max,fenetre,INCT4,6,0.26977077803508454
esp_aves2_sl_beats_all,DENMIN,logistic:max,fenetre,INCT41,0,
esp_aves2_sl_beats_all,DENMIN,proto_probe,fenetre,INCT17,1756,0.8857051506254568
esp_aves2_sl_beats_all,DENMIN,proto_probe,fenetre,INCT20955,240,0.10159755581420948
esp_aves2_sl_beats_all,DENMIN,proto_probe,fenetre,INCT4,6,0.5108011056860161
esp_aves2_sl_beats_all,DENMIN,proto_probe,fenetre,INCT41,0,
esp_aves2_sl_beats_all,DENMIN,logistic,minute,INCT17,228,0.9289047126207901
esp_aves2_sl_beats_all,DENMIN,logistic,minute,INCT20955,36,0.08195011643197121
esp_aves2_sl_beats_all,DENMIN,logistic,minute,INCT4,2,0.5769230769230769
esp_aves2_sl_beats_all,DENMIN,logistic,minute,INCT41,0,
esp_aves2_sl_beats_all,DENMIN,logistic+R37=glmm,minute,INCT17,228,0.9288590445126103
esp_aves2_sl_beats_all,DENMIN,logistic+R37=glmm,minute,INCT20955,36,0.08176581657344686
esp_aves2_sl_beats_all,DENMIN,logistic+R37=glmm,minute,INCT4,2,0.5588235294117647
esp_aves2_sl_beats_all,DENMIN,logistic+R37=glmm,minute,INCT41,0,
esp_aves2_sl_beats_all,DENMIN,lda_shrunk,minute,INCT17,228,0.9420122307875808
esp_aves2_sl_beats_all,DENMIN,lda_shrunk,minute,INCT20955,36,0.07458206334978647
esp_aves2_sl_beats_all,DENMIN,lda_shrunk,minute,INCT4,2,0.7
esp_aves2_sl_beats_all,DENMIN,lda_shrunk,minute,INCT41,0,
esp_aves2_sl_beats_all,DENMIN,simple_prototype,minute,INCT17,228,0.876635915013478
esp_aves2_sl_beats_all,DENMIN,simple_prototype,minute,INCT20955,36,0.07185266131264487
esp_aves2_sl_beats_all,DENMIN,simple_prototype,minute,INCT4,2,0.01861402095084609
esp_aves2_sl_beats_all,DENMIN,simple_prototype,minute,INCT41,0,
esp_aves2_sl_beats_all,DENMIN,attentive,minute,INCT17,228,0.9338128381991028
esp_aves2_sl_beats_all,DENMIN,attentive,minute,INCT20955,36,0.06260984939827409
esp_aves2_sl_beats_all,DENMIN,attentive,minute,INCT4,2,0.625
esp_aves2_sl_beats_all,DENMIN,attentive,minute,INCT41,0,
esp_aves2_sl_beats_all,DENMIN,logistic:max,minute,INCT17,228,0.9329029316155062
esp_aves2_sl_beats_all,DENMIN,logistic:max,minute,INCT20955,36,0.09341447736052276
esp_aves2_sl_beats_all,DENMIN,logistic:max,minute,INCT4,2,0.5555555555555556
esp_aves2_sl_beats_all,DENMIN,logistic:max,minute,INCT41,0,
esp_aves2_sl_beats_all,DENMIN,proto_probe,minute,INCT17,228,0.9626441095345397
esp_aves2_sl_beats_all,DENMIN,proto_probe,minute,INCT20955,36,0.1487579825900395
esp_aves2_sl_beats_all,DENMIN,proto_probe,minute,INCT4,2,0.75
esp_aves2_sl_beats_all,DENMIN,proto_probe,minute,INCT41,0,
esp_aves2_sl_beats_bio,DENMIN,logistic,fenetre,INCT17,1756,0.9149062070605286
esp_aves2_sl_beats_bio,DENMIN,logistic,fenetre,INCT20955,240,0.1692680714522942
esp_aves2_sl_beats_bio,DENMIN,logistic,fenetre,INCT4,6,0.4342360976566518
esp_aves2_sl_beats_bio,DENMIN,logistic,fenetre,INCT41,0,
esp_aves2_sl_beats_bio,DENMIN,logistic+R37=glmm,fenetre,INCT17,1756,0.9115289810459741
esp_aves2_sl_beats_bio,DENMIN,logistic+R37=glmm,fenetre,INCT20955,240,0.1699189940249841
esp_aves2_sl_beats_bio,DENMIN,logistic+R37=glmm,fenetre,INCT4,6,0.35181273039906974
esp_aves2_sl_beats_bio,DENMIN,logistic+R37=glmm,fenetre,INCT41,0,
esp_aves2_sl_beats_bio,DENMIN,lda_shrunk,fenetre,INCT17,1756,0.9403442639756854
esp_aves2_sl_beats_bio,DENMIN,lda_shrunk,fenetre,INCT20955,240,0.11908139858182809
esp_aves2_sl_beats_bio,DENMIN,lda_shrunk,fenetre,INCT4,6,0.16611350482253365
esp_aves2_sl_beats_bio,DENMIN,lda_shrunk,fenetre,INCT41,0,
esp_aves2_sl_beats_bio,DENMIN,simple_prototype,fenetre,INCT17,1756,0.5247991723534386
esp_aves2_sl_beats_bio,DENMIN,simple_prototype,fenetre,INCT20955,240,0.045234266056607776
esp_aves2_sl_beats_bio,DENMIN,simple_prototype,fenetre,INCT4,6,0.02826503600889023
esp_aves2_sl_beats_bio,DENMIN,simple_prototype,fenetre,INCT41,0,
esp_aves2_sl_beats_bio,DENMIN,attentive,fenetre,INCT17,1756,0.8934823826289009
esp_aves2_sl_beats_bio,DENMIN,attentive,fenetre,INCT20955,240,0.08123377354064636
esp_aves2_sl_beats_bio,DENMIN,attentive,fenetre,INCT4,6,0.03276213597953726
esp_aves2_sl_beats_bio,DENMIN,attentive,fenetre,INCT41,0,
esp_aves2_sl_beats_bio,DENMIN,logistic:max,fenetre,INCT17,1756,0.9159464604544238
esp_aves2_sl_beats_bio,DENMIN,logistic:max,fenetre,INCT20955,240,0.14626749710658668
esp_aves2_sl_beats_bio,DENMIN,logistic:max,fenetre,INCT4,6,0.501257840157543
esp_aves2_sl_beats_bio,DENMIN,logistic:max,fenetre,INCT41,0,
esp_aves2_sl_beats_bio,DENMIN,proto_probe,fenetre,INCT17,1756,0.9271961437826595
esp_aves2_sl_beats_bio,DENMIN,proto_probe,fenetre,INCT20955,240,0.21853800905552928
esp_aves2_sl_beats_bio,DENMIN,proto_probe,fenetre,INCT4,6,0.6680322394896983
esp_aves2_sl_beats_bio,DENMIN,proto_probe,fenetre,INCT41,0,
esp_aves2_sl_beats_bio,DENMIN,logistic,minute,INCT17,228,0.9695231372971582
esp_aves2_sl_beats_bio,DENMIN,logistic,minute,INCT20955,36,0.22828246422730203
esp_aves2_sl_beats_bio,DENMIN,logistic,minute,INCT4,2,0.8333333333333333
esp_aves2_sl_beats_bio,DENMIN,logistic,minute,INCT41,0,
esp_aves2_sl_beats_bio,DENMIN,logistic+R37=glmm,minute,INCT17,228,0.9700017660150497
esp_aves2_sl_beats_bio,DENMIN,logistic+R37=glmm,minute,INCT20955,36,0.2311394315070791
esp_aves2_sl_beats_bio,DENMIN,logistic+R37=glmm,minute,INCT4,2,0.8333333333333333
esp_aves2_sl_beats_bio,DENMIN,logistic+R37=glmm,minute,INCT41,0,
esp_aves2_sl_beats_bio,DENMIN,lda_shrunk,minute,INCT17,228,0.9686496566731927
esp_aves2_sl_beats_bio,DENMIN,lda_shrunk,minute,INCT20955,36,0.2081221055463787
esp_aves2_sl_beats_bio,DENMIN,lda_shrunk,minute,INCT4,2,0.3088235294117647
esp_aves2_sl_beats_bio,DENMIN,lda_shrunk,minute,INCT41,0,
esp_aves2_sl_beats_bio,DENMIN,simple_prototype,minute,INCT17,228,0.7844397912780655
esp_aves2_sl_beats_bio,DENMIN,simple_prototype,minute,INCT20955,36,0.08077170388126732
esp_aves2_sl_beats_bio,DENMIN,simple_prototype,minute,INCT4,2,0.10087719298245613
esp_aves2_sl_beats_bio,DENMIN,simple_prototype,minute,INCT41,0,
esp_aves2_sl_beats_bio,DENMIN,attentive,minute,INCT17,228,0.9471347862483477
esp_aves2_sl_beats_bio,DENMIN,attentive,minute,INCT20955,36,0.13218978546728385
esp_aves2_sl_beats_bio,DENMIN,attentive,minute,INCT4,2,0.06060606060606061
esp_aves2_sl_beats_bio,DENMIN,attentive,minute,INCT41,0,
esp_aves2_sl_beats_bio,DENMIN,logistic:max,minute,INCT17,228,0.970739290065114
esp_aves2_sl_beats_bio,DENMIN,logistic:max,minute,INCT20955,36,0.18057842021759785
esp_aves2_sl_beats_bio,DENMIN,logistic:max,minute,INCT4,2,0.8333333333333333
esp_aves2_sl_beats_bio,DENMIN,logistic:max,minute,INCT41,0,
esp_aves2_sl_beats_bio,DENMIN,proto_probe,minute,INCT17,228,0.9751886442172959
esp_aves2_sl_beats_bio,DENMIN,proto_probe,minute,INCT20955,36,0.2622197572379233
esp_aves2_sl_beats_bio,DENMIN,proto_probe,minute,INCT4,2,1.0
esp_aves2_sl_beats_bio,DENMIN,proto_probe,minute,INCT41,0,
esp_aves2_sl_eat_all_ssl_all,DENMIN,logistic,fenetre,INCT17,1756,0.9209904858687054
esp_aves2_sl_eat_all_ssl_all,DENMIN,logistic,fenetre,INCT20955,240,0.10470969509551721
esp_aves2_sl_eat_all_ssl_all,DENMIN,logistic,fenetre,INCT4,6,0.003918780597162963
esp_aves2_sl_eat_all_ssl_all,DENMIN,logistic,fenetre,INCT41,0,
esp_aves2_sl_eat_all_ssl_all,DENMIN,logistic+R37=glmm,fenetre,INCT17,1756,0.9257172538013771
esp_aves2_sl_eat_all_ssl_all,DENMIN,logistic+R37=glmm,fenetre,INCT20955,240,0.10424801685172184
esp_aves2_sl_eat_all_ssl_all,DENMIN,logistic+R37=glmm,fenetre,INCT4,6,0.004928621922407655
esp_aves2_sl_eat_all_ssl_all,DENMIN,logistic+R37=glmm,fenetre,INCT41,0,
esp_aves2_sl_eat_all_ssl_all,DENMIN,lda_shrunk,fenetre,INCT17,1756,0.8889600593499567
esp_aves2_sl_eat_all_ssl_all,DENMIN,lda_shrunk,fenetre,INCT20955,240,0.06369896013467469
esp_aves2_sl_eat_all_ssl_all,DENMIN,lda_shrunk,fenetre,INCT4,6,0.05202537067985814
esp_aves2_sl_eat_all_ssl_all,DENMIN,lda_shrunk,fenetre,INCT41,0,
esp_aves2_sl_eat_all_ssl_all,DENMIN,simple_prototype,fenetre,INCT17,1756,0.6201026098963069
esp_aves2_sl_eat_all_ssl_all,DENMIN,simple_prototype,fenetre,INCT20955,240,0.07395963229942773
esp_aves2_sl_eat_all_ssl_all,DENMIN,simple_prototype,fenetre,INCT4,6,0.005891720727198502
esp_aves2_sl_eat_all_ssl_all,DENMIN,simple_prototype,fenetre,INCT41,0,
esp_aves2_sl_eat_all_ssl_all,DENMIN,attentive,fenetre,INCT17,1756,0.8223221483056552
esp_aves2_sl_eat_all_ssl_all,DENMIN,attentive,fenetre,INCT20955,240,0.054427804224086225
esp_aves2_sl_eat_all_ssl_all,DENMIN,attentive,fenetre,INCT4,6,0.006853532191882628
esp_aves2_sl_eat_all_ssl_all,DENMIN,attentive,fenetre,INCT41,0,
esp_aves2_sl_eat_all_ssl_all,DENMIN,logistic:max,fenetre,INCT17,1756,0.7620611501412204
esp_aves2_sl_eat_all_ssl_all,DENMIN,logistic:max,fenetre,INCT20955,240,0.04215701174520587
esp_aves2_sl_eat_all_ssl_all,DENMIN,logistic:max,fenetre,INCT4,6,0.0018679917615470787
esp_aves2_sl_eat_all_ssl_all,DENMIN,logistic:max,fenetre,INCT41,0,
esp_aves2_sl_eat_all_ssl_all,DENMIN,proto_probe,fenetre,INCT17,1756,0.7684903789676087
esp_aves2_sl_eat_all_ssl_all,DENMIN,proto_probe,fenetre,INCT20955,240,0.052935317321687
esp_aves2_sl_eat_all_ssl_all,DENMIN,proto_probe,fenetre,INCT4,6,0.009759545094125825
esp_aves2_sl_eat_all_ssl_all,DENMIN,proto_probe,fenetre,INCT41,0,
esp_aves2_sl_eat_all_ssl_all,DENMIN,logistic,minute,INCT17,228,0.9695440789297355
esp_aves2_sl_eat_all_ssl_all,DENMIN,logistic,minute,INCT20955,36,0.15825656499335664
esp_aves2_sl_eat_all_ssl_all,DENMIN,logistic,minute,INCT4,2,0.023423423423423424
esp_aves2_sl_eat_all_ssl_all,DENMIN,logistic,minute,INCT41,0,
esp_aves2_sl_eat_all_ssl_all,DENMIN,logistic+R37=glmm,minute,INCT17,228,0.9689339826204452
esp_aves2_sl_eat_all_ssl_all,DENMIN,logistic+R37=glmm,minute,INCT20955,36,0.1577070725857398
esp_aves2_sl_eat_all_ssl_all,DENMIN,logistic+R37=glmm,minute,INCT4,2,0.024068322981366456
esp_aves2_sl_eat_all_ssl_all,DENMIN,logistic+R37=glmm,minute,INCT41,0,
esp_aves2_sl_eat_all_ssl_all,DENMIN,lda_shrunk,minute,INCT17,228,0.9301665857829469
esp_aves2_sl_eat_all_ssl_all,DENMIN,lda_shrunk,minute,INCT20955,36,0.11066294418113726
esp_aves2_sl_eat_all_ssl_all,DENMIN,lda_shrunk,minute,INCT4,2,0.13010204081632654
esp_aves2_sl_eat_all_ssl_all,DENMIN,lda_shrunk,minute,INCT41,0,
esp_aves2_sl_eat_all_ssl_all,DENMIN,simple_prototype,minute,INCT17,228,0.8297657630984223
esp_aves2_sl_eat_all_ssl_all,DENMIN,simple_prototype,minute,INCT20955,36,0.12635068666335073
esp_aves2_sl_eat_all_ssl_all,DENMIN,simple_prototype,minute,INCT4,2,0.03021353930031804
esp_aves2_sl_eat_all_ssl_all,DENMIN,simple_prototype,minute,INCT41,0,
esp_aves2_sl_eat_all_ssl_all,DENMIN,attentive,minute,INCT17,228,0.9158514581556424
esp_aves2_sl_eat_all_ssl_all,DENMIN,attentive,minute,INCT20955,36,0.08961320641704604
esp_aves2_sl_eat_all_ssl_all,DENMIN,attentive,minute,INCT4,2,0.025151515151515154
esp_aves2_sl_eat_all_ssl_all,DENMIN,attentive,minute,INCT41,0,
esp_aves2_sl_eat_all_ssl_all,DENMIN,logistic:max,minute,INCT17,228,0.9084340645391936
esp_aves2_sl_eat_all_ssl_all,DENMIN,logistic:max,minute,INCT20955,36,0.07480902892513235
esp_aves2_sl_eat_all_ssl_all,DENMIN,logistic:max,minute,INCT4,2,0.009753258845437617
esp_aves2_sl_eat_all_ssl_all,DENMIN,logistic:max,minute,INCT41,0,
esp_aves2_sl_eat_all_ssl_all,DENMIN,proto_probe,minute,INCT17,228,0.8979667961918043
esp_aves2_sl_eat_all_ssl_all,DENMIN,proto_probe,minute,INCT20955,36,0.08691268400962276
esp_aves2_sl_eat_all_ssl_all,DENMIN,proto_probe,minute,INCT4,2,0.03311965811965812
esp_aves2_sl_eat_all_ssl_all,DENMIN,proto_probe,minute,INCT41,0,
esp_aves2_sl_eat_bio_ssl_all,DENMIN,logistic,fenetre,INCT17,1756,0.9175989141116107
esp_aves2_sl_eat_bio_ssl_all,DENMIN,logistic,fenetre,INCT20955,240,0.1171583682205931
esp_aves2_sl_eat_bio_ssl_all,DENMIN,logistic,fenetre,INCT4,6,0.5433906493894008
esp_aves2_sl_eat_bio_ssl_all,DENMIN,logistic,fenetre,INCT41,0,
esp_aves2_sl_eat_bio_ssl_all,DENMIN,logistic+R37=glmm,fenetre,INCT17,1756,0.914617475877418
esp_aves2_sl_eat_bio_ssl_all,DENMIN,logistic+R37=glmm,fenetre,INCT20955,240,0.1117978502399545
esp_aves2_sl_eat_bio_ssl_all,DENMIN,logistic+R37=glmm,fenetre,INCT4,6,0.3496063649614122
esp_aves2_sl_eat_bio_ssl_all,DENMIN,logistic+R37=glmm,fenetre,INCT41,0,
esp_aves2_sl_eat_bio_ssl_all,DENMIN,lda_shrunk,fenetre,INCT17,1756,0.9002427440998817
esp_aves2_sl_eat_bio_ssl_all,DENMIN,lda_shrunk,fenetre,INCT20955,240,0.050304380329520865
esp_aves2_sl_eat_bio_ssl_all,DENMIN,lda_shrunk,fenetre,INCT4,6,0.20164418534974596
esp_aves2_sl_eat_bio_ssl_all,DENMIN,lda_shrunk,fenetre,INCT41,0,
esp_aves2_sl_eat_bio_ssl_all,DENMIN,simple_prototype,fenetre,INCT17,1756,0.43811140798222836
esp_aves2_sl_eat_bio_ssl_all,DENMIN,simple_prototype,fenetre,INCT20955,240,0.1493872989374
esp_aves2_sl_eat_bio_ssl_all,DENMIN,simple_prototype,fenetre,INCT4,6,0.009625609568674033
esp_aves2_sl_eat_bio_ssl_all,DENMIN,simple_prototype,fenetre,INCT41,0,
esp_aves2_sl_eat_bio_ssl_all,DENMIN,attentive,fenetre,INCT17,1756,0.8900939615398097
esp_aves2_sl_eat_bio_ssl_all,DENMIN,attentive,fenetre,INCT20955,240,0.045959077807928836
esp_aves2_sl_eat_bio_ssl_all,DENMIN,attentive,fenetre,INCT4,6,0.034370976102081625
esp_aves2_sl_eat_bio_ssl_all,DENMIN,attentive,fenetre,INCT41,0,
esp_aves2_sl_eat_bio_ssl_all,DENMIN,logistic:max,fenetre,INCT17,1756,0.8958691593123935
esp_aves2_sl_eat_bio_ssl_all,DENMIN,logistic:max,fenetre,INCT20955,240,0.05402693214166939
esp_aves2_sl_eat_bio_ssl_all,DENMIN,logistic:max,fenetre,INCT4,6,0.1790001172275716
esp_aves2_sl_eat_bio_ssl_all,DENMIN,logistic:max,fenetre,INCT41,0,
esp_aves2_sl_eat_bio_ssl_all,DENMIN,proto_probe,fenetre,INCT17,1756,0.9196588545741986
esp_aves2_sl_eat_bio_ssl_all,DENMIN,proto_probe,fenetre,INCT20955,240,0.08355473896962526
esp_aves2_sl_eat_bio_ssl_all,DENMIN,proto_probe,fenetre,INCT4,6,0.17769425994840862
esp_aves2_sl_eat_bio_ssl_all,DENMIN,proto_probe,fenetre,INCT41,0,
esp_aves2_sl_eat_bio_ssl_all,DENMIN,logistic,minute,INCT17,228,0.9709458776404932
esp_aves2_sl_eat_bio_ssl_all,DENMIN,logistic,minute,INCT20955,36,0.16979669668419634
esp_aves2_sl_eat_bio_ssl_all,DENMIN,logistic,minute,INCT4,2,0.75
esp_aves2_sl_eat_bio_ssl_all,DENMIN,logistic,minute,INCT41,0,
esp_aves2_sl_eat_bio_ssl_all,DENMIN,logistic+R37=glmm,minute,INCT17,228,0.9702797424673989
esp_aves2_sl_eat_bio_ssl_all,DENMIN,logistic+R37=glmm,minute,INCT20955,36,0.16147636761606843
esp_aves2_sl_eat_bio_ssl_all,DENMIN,logistic+R37=glmm,minute,INCT4,2,0.5434782608695652
esp_aves2_sl_eat_bio_ssl_all,DENMIN,logistic+R37=glmm,minute,INCT41,0,
esp_aves2_sl_eat_bio_ssl_all,DENMIN,lda_shrunk,minute,INCT17,228,0.9493968775612652
esp_aves2_sl_eat_bio_ssl_all,DENMIN,lda_shrunk,minute,INCT20955,36,0.07380937794235555
esp_aves2_sl_eat_bio_ssl_all,DENMIN,lda_shrunk,minute,INCT4,2,0.26785714285714285
esp_aves2_sl_eat_bio_ssl_all,DENMIN,lda_shrunk,minute,INCT41,0,
esp_aves2_sl_eat_bio_ssl_all,DENMIN,simple_prototype,minute,INCT17,228,0.7458648066180958
esp_aves2_sl_eat_bio_ssl_all,DENMIN,simple_prototype,minute,INCT20955,36,0.265427918529134
esp_aves2_sl_eat_bio_ssl_all,DENMIN,simple_prototype,minute,INCT4,2,0.03434684684684684
esp_aves2_sl_eat_bio_ssl_all,DENMIN,simple_prototype,minute,INCT41,0,
esp_aves2_sl_eat_bio_ssl_all,DENMIN,attentive,minute,INCT17,228,0.945829267849369
esp_aves2_sl_eat_bio_ssl_all,DENMIN,attentive,minute,INCT20955,36,0.07381378176685088
esp_aves2_sl_eat_bio_ssl_all,DENMIN,attentive,minute,INCT4,2,0.10267857142857142
esp_aves2_sl_eat_bio_ssl_all,DENMIN,attentive,minute,INCT41,0,
esp_aves2_sl_eat_bio_ssl_all,DENMIN,logistic:max,minute,INCT17,228,0.9619209716539621
esp_aves2_sl_eat_bio_ssl_all,DENMIN,logistic:max,minute,INCT20955,36,0.0823654570622641
esp_aves2_sl_eat_bio_ssl_all,DENMIN,logistic:max,minute,INCT4,2,0.5196078431372549
esp_aves2_sl_eat_bio_ssl_all,DENMIN,logistic:max,minute,INCT41,0,
esp_aves2_sl_eat_bio_ssl_all,DENMIN,proto_probe,minute,INCT17,228,0.9734984167633953
esp_aves2_sl_eat_bio_ssl_all,DENMIN,proto_probe,minute,INCT20955,36,0.12453373835235397
esp_aves2_sl_eat_bio_ssl_all,DENMIN,proto_probe,minute,INCT4,2,0.5208333333333334
esp_aves2_sl_eat_bio_ssl_all,DENMIN,proto_probe,minute,INCT41,0,
insect459,DENMIN,logistic,fenetre,INCT17,1676,0.5983246737918049
insect459,DENMIN,logistic,fenetre,INCT20955,233,0.05295313186369634
insect459,DENMIN,logistic,fenetre,INCT4,7,0.0026550893223951082
insect459,DENMIN,logistic,fenetre,INCT41,0,
insect459,DENMIN,logistic+R37=glmm,fenetre,INCT17,1676,0.5981868656096947
insect459,DENMIN,logistic+R37=glmm,fenetre,INCT20955,233,0.05549789042922551
insect459,DENMIN,logistic+R37=glmm,fenetre,INCT4,7,0.002992976104157627
insect459,DENMIN,logistic+R37=glmm,fenetre,INCT41,0,
insect459,DENMIN,lda_shrunk,fenetre,INCT17,1676,0.4403239282006884
insect459,DENMIN,lda_shrunk,fenetre,INCT20955,233,0.06395999993347817
insect459,DENMIN,lda_shrunk,fenetre,INCT4,7,0.0015809719008796363
insect459,DENMIN,lda_shrunk,fenetre,INCT41,0,
insect459,DENMIN,simple_prototype,fenetre,INCT17,1676,0.5477656960209574
insect459,DENMIN,simple_prototype,fenetre,INCT20955,233,0.06828703399339506
insect459,DENMIN,simple_prototype,fenetre,INCT4,7,0.0012369417770908882
insect459,DENMIN,simple_prototype,fenetre,INCT41,0,
insect459,DENMIN,logistic,minute,INCT17,228,0.8084246368219926
insect459,DENMIN,logistic,minute,INCT20955,36,0.07197424970858987
insect459,DENMIN,logistic,minute,INCT4,2,0.009360849878091257
insect459,DENMIN,logistic,minute,INCT41,0,
insect459,DENMIN,logistic+R37=glmm,minute,INCT17,228,0.8083513407107039
insect459,DENMIN,logistic+R37=glmm,minute,INCT20955,36,0.07427291500001809
insect459,DENMIN,logistic+R37=glmm,minute,INCT4,2,0.010034013605442177
insect459,DENMIN,logistic+R37=glmm,minute,INCT41,0,
insect459,DENMIN,lda_shrunk,minute,INCT17,228,0.7082101230479309
insect459,DENMIN,lda_shrunk,minute,INCT20955,36,0.09061830229541382
insect459,DENMIN,lda_shrunk,minute,INCT4,2,0.004621955560075253
insect459,DENMIN,lda_shrunk,minute,INCT41,0,
insect459,DENMIN,simple_prototype,minute,INCT17,228,0.7507967977264862
insect459,DENMIN,simple_prototype,minute,INCT20955,36,0.10696759862943639
insect459,DENMIN,simple_prototype,minute,INCT4,2,0.005395213923132705
insect459,DENMIN,simple_prototype,minute,INCT41,0,
insect66,DENMIN,logistic,fenetre,INCT17,1676,0.6742643988386616
insect66,DENMIN,logistic,fenetre,INCT20955,233,0.05409456282862003
insect66,DENMIN,logistic,fenetre,INCT4,7,0.0022694241823256163
insect66,DENMIN,logistic,fenetre,INCT41,0,
insect66,DENMIN,logistic+R37=glmm,fenetre,INCT17,1676,0.6899625583254478
insect66,DENMIN,logistic+R37=glmm,fenetre,INCT20955,233,0.055152243020746235
insect66,DENMIN,logistic+R37=glmm,fenetre,INCT4,7,0.003224780399838148
insect66,DENMIN,logistic+R37=glmm,fenetre,INCT41,0,
insect66,DENMIN,lda_shrunk,fenetre,INCT17,1676,0.441723567362397
insect66,DENMIN,lda_shrunk,fenetre,INCT20955,233,0.05427446720350418
insect66,DENMIN,lda_shrunk,fenetre,INCT4,7,0.003636859156128631
insect66,DENMIN,lda_shrunk,fenetre,INCT41,0,
insect66,DENMIN,simple_prototype,fenetre,INCT17,1676,0.5542344055553318
insect66,DENMIN,simple_prototype,fenetre,INCT20955,233,0.05247991475646759
insect66,DENMIN,simple_prototype,fenetre,INCT4,7,0.001405212120637042
insect66,DENMIN,simple_prototype,fenetre,INCT41,0,
insect66,DENMIN,logistic,minute,INCT17,228,0.8153679129684828
insect66,DENMIN,logistic,minute,INCT20955,36,0.11325804314727443
insect66,DENMIN,logistic,minute,INCT4,2,0.012039903680770554
insect66,DENMIN,logistic,minute,INCT41,0,
insect66,DENMIN,logistic+R37=glmm,minute,INCT17,228,0.8289788852092022
insect66,DENMIN,logistic+R37=glmm,minute,INCT20955,36,0.11429699361875145
insect66,DENMIN,logistic+R37=glmm,minute,INCT4,2,0.016502376342193276
insect66,DENMIN,logistic+R37=glmm,minute,INCT41,0,
insect66,DENMIN,lda_shrunk,minute,INCT17,228,0.6469712993526215
insect66,DENMIN,lda_shrunk,minute,INCT20955,36,0.08389246808763715
insect66,DENMIN,lda_shrunk,minute,INCT4,2,0.013419101985175087
insect66,DENMIN,lda_shrunk,minute,INCT41,0,
insect66,DENMIN,simple_prototype,minute,INCT17,228,0.7811836362159259
insect66,DENMIN,simple_prototype,minute,INCT20955,36,0.0809330329179749
insect66,DENMIN,simple_prototype,minute,INCT4,2,0.005362834907963128
insect66,DENMIN,simple_prototype,minute,INCT41,0,
naturebeats,DENMIN,logistic,fenetre,INCT17,1756,0.8265565070283659
naturebeats,DENMIN,logistic,fenetre,INCT20955,240,0.3041135042076141
naturebeats,DENMIN,logistic,fenetre,INCT4,6,0.018745563613016436
naturebeats,DENMIN,logistic,fenetre,INCT41,0,
naturebeats,DENMIN,logistic+R37=glmm,fenetre,INCT17,1756,0.8261700996199366
naturebeats,DENMIN,logistic+R37=glmm,fenetre,INCT20955,240,0.3055217791609077
naturebeats,DENMIN,logistic+R37=glmm,fenetre,INCT4,6,0.013371413329079944
naturebeats,DENMIN,logistic+R37=glmm,fenetre,INCT41,0,
naturebeats,DENMIN,lda_shrunk,fenetre,INCT17,1756,0.8345325714103213
naturebeats,DENMIN,lda_shrunk,fenetre,INCT20955,240,0.33626863268541757
naturebeats,DENMIN,lda_shrunk,fenetre,INCT4,6,0.3952764670840887
naturebeats,DENMIN,lda_shrunk,fenetre,INCT41,0,
naturebeats,DENMIN,simple_prototype,fenetre,INCT17,1756,0.7250520617039242
naturebeats,DENMIN,simple_prototype,fenetre,INCT20955,240,0.09245198664532042
naturebeats,DENMIN,simple_prototype,fenetre,INCT4,6,0.0021083670301998824
naturebeats,DENMIN,simple_prototype,fenetre,INCT41,0,
naturebeats,DENMIN,attentive,fenetre,INCT17,1756,0.8397011017382922
naturebeats,DENMIN,attentive,fenetre,INCT20955,240,0.13611393224706003
naturebeats,DENMIN,attentive,fenetre,INCT4,6,0.22092407390224864
naturebeats,DENMIN,attentive,fenetre,INCT41,0,
naturebeats,DENMIN,logistic:max,fenetre,INCT17,1756,0.8896304771588748
naturebeats,DENMIN,logistic:max,fenetre,INCT20955,240,0.2762692002104715
naturebeats,DENMIN,logistic:max,fenetre,INCT4,6,0.008635234224301354
naturebeats,DENMIN,logistic:max,fenetre,INCT41,0,
naturebeats,DENMIN,proto_probe,fenetre,INCT17,1756,0.9569166010929029
naturebeats,DENMIN,proto_probe,fenetre,INCT20955,240,0.5246303672292827
naturebeats,DENMIN,proto_probe,fenetre,INCT4,6,0.6088501291989664
naturebeats,DENMIN,proto_probe,fenetre,INCT41,0,
naturebeats,DENMIN,logistic,minute,INCT17,228,0.9102700066673654
naturebeats,DENMIN,logistic,minute,INCT20955,36,0.3775034391735391
naturebeats,DENMIN,logistic,minute,INCT4,2,0.037868162692847124
naturebeats,DENMIN,logistic,minute,INCT41,0,
naturebeats,DENMIN,logistic+R37=glmm,minute,INCT17,228,0.9103471441187653
naturebeats,DENMIN,logistic+R37=glmm,minute,INCT20955,36,0.3786292659804491
naturebeats,DENMIN,logistic+R37=glmm,minute,INCT4,2,0.037698412698412696
naturebeats,DENMIN,logistic+R37=glmm,minute,INCT41,0,
naturebeats,DENMIN,lda_shrunk,minute,INCT17,228,0.905702440480676
naturebeats,DENMIN,lda_shrunk,minute,INCT20955,36,0.4317457986321075
naturebeats,DENMIN,lda_shrunk,minute,INCT4,2,0.5909090909090909
naturebeats,DENMIN,lda_shrunk,minute,INCT41,0,
naturebeats,DENMIN,simple_prototype,minute,INCT17,228,0.8877594170585942
naturebeats,DENMIN,simple_prototype,minute,INCT20955,36,0.17312028591515904
naturebeats,DENMIN,simple_prototype,minute,INCT4,2,0.008876065862981477
naturebeats,DENMIN,simple_prototype,minute,INCT41,0,
naturebeats,DENMIN,attentive,minute,INCT17,228,0.9274556083533877
naturebeats,DENMIN,attentive,minute,INCT20955,36,0.1730478075046471
naturebeats,DENMIN,attentive,minute,INCT4,2,0.5196078431372549
naturebeats,DENMIN,attentive,minute,INCT41,0,
naturebeats,DENMIN,logistic:max,minute,INCT17,228,0.9462665085417281
naturebeats,DENMIN,logistic:max,minute,INCT20955,36,0.34562324279601736
naturebeats,DENMIN,logistic:max,minute,INCT4,2,0.0384160756501182
naturebeats,DENMIN,logistic:max,minute,INCT41,0,
naturebeats,DENMIN,proto_probe,minute,INCT17,228,0.9645933556010061
naturebeats,DENMIN,proto_probe,minute,INCT20955,36,0.5962445846592758
naturebeats,DENMIN,proto_probe,minute,INCT4,2,0.8333333333333333
naturebeats,DENMIN,proto_probe,minute,INCT41,0,
perch_bird,DENMIN,logistic,fenetre,INCT17,1756,0.9771317261190167
perch_bird,DENMIN,logistic,fenetre,INCT20955,240,0.3187661422384787
perch_bird,DENMIN,logistic,fenetre,INCT4,6,0.16563300051203275
perch_bird,DENMIN,logistic,fenetre,INCT41,0,
perch_bird,DENMIN,logistic+R37=glmm,fenetre,INCT17,1756,0.9767023706174379
perch_bird,DENMIN,logistic+R37=glmm,fenetre,INCT20955,240,0.3185155842068215
perch_bird,DENMIN,logistic+R37=glmm,fenetre,INCT4,6,0.08023258807182111
perch_bird,DENMIN,logistic+R37=glmm,fenetre,INCT41,0,
perch_bird,DENMIN,lda_shrunk,fenetre,INCT17,1756,0.9643438500432276
perch_bird,DENMIN,lda_shrunk,fenetre,INCT20955,240,0.13120593728695945
perch_bird,DENMIN,lda_shrunk,fenetre,INCT4,6,0.1267613381812085
perch_bird,DENMIN,lda_shrunk,fenetre,INCT41,0,
perch_bird,DENMIN,logistic,minute,INCT17,228,0.9907805587598426
perch_bird,DENMIN,logistic,minute,INCT20955,36,0.4614286600987684
perch_bird,DENMIN,logistic,minute,INCT4,2,0.3333333333333333
perch_bird,DENMIN,logistic,minute,INCT41,0,
perch_bird,DENMIN,logistic+R37=glmm,minute,INCT17,228,0.9907517158685869
perch_bird,DENMIN,logistic+R37=glmm,minute,INCT20955,36,0.46160015803629506
perch_bird,DENMIN,logistic+R37=glmm,minute,INCT4,2,0.225
perch_bird,DENMIN,logistic+R37=glmm,minute,INCT41,0,
perch_bird,DENMIN,lda_shrunk,minute,INCT17,228,0.9842317818975213
perch_bird,DENMIN,lda_shrunk,minute,INCT20955,36,0.23608642661127993
perch_bird,DENMIN,lda_shrunk,minute,INCT4,2,0.22916666666666666
perch_bird,DENMIN,lda_shrunk,minute,INCT41,0,
perch_v2,DENMIN,logistic,fenetre,INCT17,1756,0.974312367451394
perch_v2,DENMIN,logistic,fenetre,INCT20955,240,0.14040054572370295
perch_v2,DENMIN,logistic,fenetre,INCT4,6,0.4550519814424881
perch_v2,DENMIN,logistic,fenetre,INCT41,0,
perch_v2,DENMIN,logistic+R37=glmm,fenetre,INCT17,1756,0.9742835823046583
perch_v2,DENMIN,logistic+R37=glmm,fenetre,INCT20955,240,0.1399941643176243
perch_v2,DENMIN,logistic+R37=glmm,fenetre,INCT4,6,0.34683465271887665
perch_v2,DENMIN,logistic+R37=glmm,fenetre,INCT41,0,
perch_v2,DENMIN,lda_shrunk,fenetre,INCT17,1756,0.9757133544210356
perch_v2,DENMIN,lda_shrunk,fenetre,INCT20955,240,0.15488642921515597
perch_v2,DENMIN,lda_shrunk,fenetre,INCT4,6,0.421355605726092
perch_v2,DENMIN,lda_shrunk,fenetre,INCT41,0,
perch_v2,DENMIN,simple_prototype,fenetre,INCT17,1756,0.5748449066841503
perch_v2,DENMIN,simple_prototype,fenetre,INCT20955,240,0.09274817998304241
perch_v2,DENMIN,simple_prototype,fenetre,INCT4,6,0.6729797979797979
perch_v2,DENMIN,simple_prototype,fenetre,INCT41,0,
perch_v2,DENMIN,attentive,fenetre,INCT17,1756,0.9706742060452801
perch_v2,DENMIN,attentive,fenetre,INCT20955,240,0.04998801515381304
perch_v2,DENMIN,attentive,fenetre,INCT4,6,0.3953602815890951
perch_v2,DENMIN,attentive,fenetre,INCT41,0,
perch_v2,DENMIN,logistic:max,fenetre,INCT17,1756,0.9418656523750171
perch_v2,DENMIN,logistic:max,fenetre,INCT20955,240,0.23660305499584205
perch_v2,DENMIN,logistic:max,fenetre,INCT4,6,1.0
perch_v2,DENMIN,logistic:max,fenetre,INCT41,0,
perch_v2,DENMIN,proto_probe,fenetre,INCT17,1756,0.97186171799056
perch_v2,DENMIN,proto_probe,fenetre,INCT20955,240,0.35149973508368426
perch_v2,DENMIN,proto_probe,fenetre,INCT4,6,0.7271825396825397
perch_v2,DENMIN,proto_probe,fenetre,INCT41,0,
perch_v2,DENMIN,logistic,minute,INCT17,228,0.9829017947864878
perch_v2,DENMIN,logistic,minute,INCT20955,36,0.18076705261399578
perch_v2,DENMIN,logistic,minute,INCT4,2,0.8333333333333333
perch_v2,DENMIN,logistic,minute,INCT41,0,
perch_v2,DENMIN,logistic+R37=glmm,minute,INCT17,228,0.982845684280667
perch_v2,DENMIN,logistic+R37=glmm,minute,INCT20955,36,0.18015632610326118
perch_v2,DENMIN,logistic+R37=glmm,minute,INCT4,2,0.6666666666666666
perch_v2,DENMIN,logistic+R37=glmm,minute,INCT41,0,
perch_v2,DENMIN,lda_shrunk,minute,INCT17,228,0.9860429438791721
perch_v2,DENMIN,lda_shrunk,minute,INCT20955,36,0.2914454298865879
perch_v2,DENMIN,lda_shrunk,minute,INCT4,2,0.7
perch_v2,DENMIN,lda_shrunk,minute,INCT41,0,
perch_v2,DENMIN,simple_prototype,minute,INCT17,228,0.8212964048751933
perch_v2,DENMIN,simple_prototype,minute,INCT20955,36,0.15426996398324028
perch_v2,DENMIN,simple_prototype,minute,INCT4,2,0.8333333333333333
perch_v2,DENMIN,simple_prototype,minute,INCT41,0,
perch_v2,DENMIN,attentive,minute,INCT17,228,0.9879273252501852
perch_v2,DENMIN,attentive,minute,INCT20955,36,0.07765978661961556
perch_v2,DENMIN,attentive,minute,INCT4,2,0.6111111111111112
perch_v2,DENMIN,attentive,minute,INCT41,0,
perch_v2,DENMIN,logistic:max,minute,INCT17,228,0.9809600659032125
perch_v2,DENMIN,logistic:max,minute,INCT20955,36,0.3023693042517695
perch_v2,DENMIN,logistic:max,minute,INCT4,2,1.0
perch_v2,DENMIN,logistic:max,minute,INCT41,0,
perch_v2,DENMIN,proto_probe,minute,INCT17,228,0.9863471794379265
perch_v2,DENMIN,proto_probe,minute,INCT20955,36,0.3780575148614897
perch_v2,DENMIN,proto_probe,minute,INCT4,2,0.8333333333333333
perch_v2,DENMIN,proto_probe,minute,INCT41,0,
protoclr,DENMIN,logistic,fenetre,INCT17,1541,0.7891614746529769
protoclr,DENMIN,logistic,fenetre,INCT20955,225,0.09933726571791393
protoclr,DENMIN,logistic,fenetre,INCT4,6,0.0010548308943292195
protoclr,DENMIN,logistic,fenetre,INCT41,0,
protoclr,DENMIN,logistic+R37=glmm,fenetre,INCT17,1541,0.7893281615875007
protoclr,DENMIN,logistic+R37=glmm,fenetre,INCT20955,225,0.10861324779336846
protoclr,DENMIN,logistic+R37=glmm,fenetre,INCT4,6,0.0009891843857391183
protoclr,DENMIN,logistic+R37=glmm,fenetre,INCT41,0,
protoclr,DENMIN,lda_shrunk,fenetre,INCT17,1541,0.5202156039927031
protoclr,DENMIN,lda_shrunk,fenetre,INCT20955,225,0.1776174627460607
protoclr,DENMIN,lda_shrunk,fenetre,INCT4,6,0.0010781602392160585
protoclr,DENMIN,lda_shrunk,fenetre,INCT41,0,
protoclr,DENMIN,logistic,minute,INCT17,228,0.8836247819285199
protoclr,DENMIN,logistic,minute,INCT20955,36,0.1430630894023005
protoclr,DENMIN,logistic,minute,INCT4,2,0.004943996145971336
protoclr,DENMIN,logistic,minute,INCT41,0,
protoclr,DENMIN,logistic+R37=glmm,minute,INCT17,228,0.8830418665317799
protoclr,DENMIN,logistic+R37=glmm,minute,INCT20955,36,0.15818117435350482
protoclr,DENMIN,logistic+R37=glmm,minute,INCT4,2,0.004700390794615719
protoclr,DENMIN,logistic+R37=glmm,minute,INCT41,0,
protoclr,DENMIN,lda_shrunk,minute,INCT17,228,0.639337360470398
protoclr,DENMIN,lda_shrunk,minute,INCT20955,36,0.23649451522416834
protoclr,DENMIN,lda_shrunk,minute,INCT4,2,0.004540904875159552
protoclr,DENMIN,lda_shrunk,minute,INCT41,0,
rcl_fs_bsed,DENMIN,logistic,fenetre,INCT17,24769,0.47005090435894753
rcl_fs_bsed,DENMIN,logistic,fenetre,INCT20955,1434,0.015545988449014253
rcl_fs_bsed,DENMIN,logistic,fenetre,INCT4,8,0.00022175392255192536
rcl_fs_bsed,DENMIN,logistic,fenetre,INCT41,0,
rcl_fs_bsed,DENMIN,logistic+R37=glmm,fenetre,INCT17,24769,0.471662253233367
rcl_fs_bsed,DENMIN,logistic+R37=glmm,fenetre,INCT20955,1434,0.01570537696677861
rcl_fs_bsed,DENMIN,logistic+R37=glmm,fenetre,INCT4,8,0.0003145579462794034
rcl_fs_bsed,DENMIN,logistic+R37=glmm,fenetre,INCT41,0,
rcl_fs_bsed,DENMIN,lda_shrunk,fenetre,INCT17,24769,0.46511639147208356
rcl_fs_bsed,DENMIN,lda_shrunk,fenetre,INCT20955,1434,0.016963545632851393
rcl_fs_bsed,DENMIN,lda_shrunk,fenetre,INCT4,8,0.00017828776862250848
rcl_fs_bsed,DENMIN,lda_shrunk,fenetre,INCT41,0,
rcl_fs_bsed,DENMIN,simple_prototype,fenetre,INCT17,24769,0.3051369378784326
rcl_fs_bsed,DENMIN,simple_prototype,fenetre,INCT20955,1434,0.0073349465438605245
rcl_fs_bsed,DENMIN,simple_prototype,fenetre,INCT4,8,0.0005243948748342633
rcl_fs_bsed,DENMIN,simple_prototype,fenetre,INCT41,0,
rcl_fs_bsed,DENMIN,logistic,minute,INCT17,228,0.9298214028966317
rcl_fs_bsed,DENMIN,logistic,minute,INCT20955,36,0.11822406933750113
rcl_fs_bsed,DENMIN,logistic,minute,INCT4,2,0.00797557196244645
rcl_fs_bsed,DENMIN,logistic,minute,INCT41,0,
rcl_fs_bsed,DENMIN,logistic+R37=glmm,minute,INCT17,228,0.9319839679463722
rcl_fs_bsed,DENMIN,logistic+R37=glmm,minute,INCT20955,36,0.11848064152855438
rcl_fs_bsed,DENMIN,logistic+R37=glmm,minute,INCT4,2,0.00965007215007215
rcl_fs_bsed,DENMIN,logistic+R37=glmm,minute,INCT41,0,
rcl_fs_bsed,DENMIN,lda_shrunk,minute,INCT17,228,0.8845353653856272
rcl_fs_bsed,DENMIN,lda_shrunk,minute,INCT20955,36,0.14420707337293892
rcl_fs_bsed,DENMIN,lda_shrunk,minute,INCT4,2,0.007123696730438304
rcl_fs_bsed,DENMIN,lda_shrunk,minute,INCT41,0,
rcl_fs_bsed,DENMIN,simple_prototype,minute,INCT17,228,0.7170286138927465
rcl_fs_bsed,DENMIN,simple_prototype,minute,INCT20955,36,0.07825547591232693
rcl_fs_bsed,DENMIN,simple_prototype,minute,INCT4,2,0.015316901408450705
rcl_fs_bsed,DENMIN,simple_prototype,minute,INCT41,0,
audioprotopnet,PITAZU,logistic,fenetre,INCT17,1445,0.6226804809547635
audioprotopnet,PITAZU,logistic,fenetre,INCT20955,0,
audioprotopnet,PITAZU,logistic,fenetre,INCT4,0,
audioprotopnet,PITAZU,logistic,fenetre,INCT41,30,0.07866820977841162
audioprotopnet,PITAZU,logistic+R37=glmm,fenetre,INCT17,1445,0.6446045509176498
audioprotopnet,PITAZU,logistic+R37=glmm,fenetre,INCT20955,0,
audioprotopnet,PITAZU,logistic+R37=glmm,fenetre,INCT4,0,
audioprotopnet,PITAZU,logistic+R37=glmm,fenetre,INCT41,30,0.0659432508827793
audioprotopnet,PITAZU,lda_shrunk,fenetre,INCT17,1445,0.6727784146569221
audioprotopnet,PITAZU,lda_shrunk,fenetre,INCT20955,0,
audioprotopnet,PITAZU,lda_shrunk,fenetre,INCT4,0,
audioprotopnet,PITAZU,lda_shrunk,fenetre,INCT41,30,0.050217634958587734
audioprotopnet,PITAZU,simple_prototype,fenetre,INCT17,1445,0.38617750840843185
audioprotopnet,PITAZU,simple_prototype,fenetre,INCT20955,0,
audioprotopnet,PITAZU,simple_prototype,fenetre,INCT4,0,
audioprotopnet,PITAZU,simple_prototype,fenetre,INCT41,30,0.08363890997616792
audioprotopnet,PITAZU,logistic,minute,INCT17,178,0.7747490869406084
audioprotopnet,PITAZU,logistic,minute,INCT20955,0,
audioprotopnet,PITAZU,logistic,minute,INCT4,0,
audioprotopnet,PITAZU,logistic,minute,INCT41,9,0.16844288994997783
audioprotopnet,PITAZU,logistic+R37=glmm,minute,INCT17,178,0.78388174458009
audioprotopnet,PITAZU,logistic+R37=glmm,minute,INCT20955,0,
audioprotopnet,PITAZU,logistic+R37=glmm,minute,INCT4,0,
audioprotopnet,PITAZU,logistic+R37=glmm,minute,INCT41,9,0.1512086604956461
audioprotopnet,PITAZU,lda_shrunk,minute,INCT17,178,0.8086682832952016
audioprotopnet,PITAZU,lda_shrunk,minute,INCT20955,0,
audioprotopnet,PITAZU,lda_shrunk,minute,INCT4,0,
audioprotopnet,PITAZU,lda_shrunk,minute,INCT41,9,0.12997490248343346
audioprotopnet,PITAZU,simple_prototype,minute,INCT17,178,0.5505993794277674
audioprotopnet,PITAZU,simple_prototype,minute,INCT20955,0,
audioprotopnet,PITAZU,simple_prototype,minute,INCT4,0,
audioprotopnet,PITAZU,simple_prototype,minute,INCT41,9,0.24563183064483138
beats,PITAZU,logistic,fenetre,INCT17,1445,0.32055612481422024
beats,PITAZU,logistic,fenetre,INCT20955,0,
beats,PITAZU,logistic,fenetre,INCT4,0,
beats,PITAZU,logistic,fenetre,INCT41,30,0.005855373139574425
beats,PITAZU,logistic+R37=glmm,fenetre,INCT17,1445,0.3210198453170614
beats,PITAZU,logistic+R37=glmm,fenetre,INCT20955,0,
beats,PITAZU,logistic+R37=glmm,fenetre,INCT4,0,
beats,PITAZU,logistic+R37=glmm,fenetre,INCT41,30,0.005895761592964147
beats,PITAZU,lda_shrunk,fenetre,INCT17,1445,0.3455071106136754
beats,PITAZU,lda_shrunk,fenetre,INCT20955,0,
beats,PITAZU,lda_shrunk,fenetre,INCT4,0,
beats,PITAZU,lda_shrunk,fenetre,INCT41,30,0.006017969807901662
beats,PITAZU,simple_prototype,fenetre,INCT17,1445,0.3485837605432176
beats,PITAZU,simple_prototype,fenetre,INCT20955,0,
beats,PITAZU,simple_prototype,fenetre,INCT4,0,
beats,PITAZU,simple_prototype,fenetre,INCT41,30,0.0065684209326012264
beats,PITAZU,attentive,fenetre,INCT17,1445,0.3607230043380294
beats,PITAZU,attentive,fenetre,INCT20955,0,
beats,PITAZU,attentive,fenetre,INCT4,0,
beats,PITAZU,attentive,fenetre,INCT41,30,0.005403086283717306
beats,PITAZU,logistic:max,fenetre,INCT17,1445,0.32963939029892847
beats,PITAZU,logistic:max,fenetre,INCT20955,0,
beats,PITAZU,logistic:max,fenetre,INCT4,0,
beats,PITAZU,logistic:max,fenetre,INCT41,30,0.00580670376300697
beats,PITAZU,proto_probe,fenetre,INCT17,1445,0.3691223833700392
beats,PITAZU,proto_probe,fenetre,INCT20955,0,
beats,PITAZU,proto_probe,fenetre,INCT4,0,
beats,PITAZU,proto_probe,fenetre,INCT41,30,0.006806608978078079
beats,PITAZU,logistic,minute,INCT17,178,0.47022733528141925
beats,PITAZU,logistic,minute,INCT20955,0,
beats,PITAZU,logistic,minute,INCT4,0,
beats,PITAZU,logistic,minute,INCT41,9,0.03552277725771265
beats,PITAZU,logistic+R37=glmm,minute,INCT17,178,0.47049099861086763
beats,PITAZU,logistic+R37=glmm,minute,INCT20955,0,
beats,PITAZU,logistic+R37=glmm,minute,INCT4,0,
beats,PITAZU,logistic+R37=glmm,minute,INCT41,9,0.034138150303546874
beats,PITAZU,lda_shrunk,minute,INCT17,178,0.4926524684717806
beats,PITAZU,lda_shrunk,minute,INCT20955,0,
beats,PITAZU,lda_shrunk,minute,INCT4,0,
beats,PITAZU,lda_shrunk,minute,INCT41,9,0.03886624914895842
beats,PITAZU,simple_prototype,minute,INCT17,178,0.5182938794688621
beats,PITAZU,simple_prototype,minute,INCT20955,0,
beats,PITAZU,simple_prototype,minute,INCT4,0,
beats,PITAZU,simple_prototype,minute,INCT41,9,0.027489811168412304
beats,PITAZU,attentive,minute,INCT17,178,0.5055356016221658
beats,PITAZU,attentive,minute,INCT20955,0,
beats,PITAZU,attentive,minute,INCT4,0,
beats,PITAZU,attentive,minute,INCT41,9,0.03576768614481617
beats,PITAZU,logistic:max,minute,INCT17,178,0.4865866471446635
beats,PITAZU,logistic:max,minute,INCT20955,0,
beats,PITAZU,logistic:max,minute,INCT4,0,
beats,PITAZU,logistic:max,minute,INCT41,9,0.033540164827822856
beats,PITAZU,proto_probe,minute,INCT17,178,0.5330996488010087
beats,PITAZU,proto_probe,minute,INCT20955,0,
beats,PITAZU,proto_probe,minute,INCT4,0,
beats,PITAZU,proto_probe,minute,INCT41,9,0.03502716659066301
birdmae_base,PITAZU,logistic,fenetre,INCT17,1445,0.4064332140404616
birdmae_base,PITAZU,logistic,fenetre,INCT20955,0,
birdmae_base,PITAZU,logistic,fenetre,INCT4,0,
birdmae_base,PITAZU,logistic,fenetre,INCT41,30,0.006335766804533981
birdmae_base,PITAZU,logistic+R37=glmm,fenetre,INCT17,1445,0.44271028950690183
birdmae_base,PITAZU,logistic+R37=glmm,fenetre,INCT20955,0,
birdmae_base,PITAZU,logistic+R37=glmm,fenetre,INCT4,0,
birdmae_base,PITAZU,logistic+R37=glmm,fenetre,INCT41,30,0.006457763477835925
birdmae_base,PITAZU,lda_shrunk,fenetre,INCT17,1445,0.5756250477523682
birdmae_base,PITAZU,lda_shrunk,fenetre,INCT20955,0,
birdmae_base,PITAZU,lda_shrunk,fenetre,INCT4,0,
birdmae_base,PITAZU,lda_shrunk,fenetre,INCT41,30,0.005235149670998977
birdmae_base,PITAZU,simple_prototype,fenetre,INCT17,1445,0.3655055658603729
birdmae_base,PITAZU,simple_prototype,fenetre,INCT20955,0,
birdmae_base,PITAZU,simple_prototype,fenetre,INCT4,0,
birdmae_base,PITAZU,simple_prototype,fenetre,INCT41,30,0.01118190829254326
birdmae_base,PITAZU,attentive,fenetre,INCT17,1445,0.5094548739490863
birdmae_base,PITAZU,attentive,fenetre,INCT20955,0,
birdmae_base,PITAZU,attentive,fenetre,INCT4,0,
birdmae_base,PITAZU,attentive,fenetre,INCT41,30,0.005912570251099748
birdmae_base,PITAZU,logistic:max,fenetre,INCT17,1445,0.4245954391043004
birdmae_base,PITAZU,logistic:max,fenetre,INCT20955,0,
birdmae_base,PITAZU,logistic:max,fenetre,INCT4,0,
birdmae_base,PITAZU,logistic:max,fenetre,INCT41,30,0.006925479666016344
birdmae_base,PITAZU,proto_probe,fenetre,INCT17,1445,0.37556020695035996
birdmae_base,PITAZU,proto_probe,fenetre,INCT20955,0,
birdmae_base,PITAZU,proto_probe,fenetre,INCT4,0,
birdmae_base,PITAZU,proto_probe,fenetre,INCT41,30,0.0656334618957923
birdmae_base,PITAZU,logistic,minute,INCT17,178,0.5486184743986898
birdmae_base,PITAZU,logistic,minute,INCT20955,0,
birdmae_base,PITAZU,logistic,minute,INCT4,0,
birdmae_base,PITAZU,logistic,minute,INCT41,9,0.02215272386059909
birdmae_base,PITAZU,logistic+R37=glmm,minute,INCT17,178,0.5721657309258686
birdmae_base,PITAZU,logistic+R37=glmm,minute,INCT20955,0,
birdmae_base,PITAZU,logistic+R37=glmm,minute,INCT4,0,
birdmae_base,PITAZU,logistic+R37=glmm,minute,INCT41,9,0.023027247732118825
birdmae_base,PITAZU,lda_shrunk,minute,INCT17,178,0.7583419248895554
birdmae_base,PITAZU,lda_shrunk,minute,INCT20955,0,
birdmae_base,PITAZU,lda_shrunk,minute,INCT4,0,
birdmae_base,PITAZU,lda_shrunk,minute,INCT41,9,0.022732348750176413
birdmae_base,PITAZU,simple_prototype,minute,INCT17,178,0.5258612194219298
birdmae_base,PITAZU,simple_prototype,minute,INCT20955,0,
birdmae_base,PITAZU,simple_prototype,minute,INCT4,0,
birdmae_base,PITAZU,simple_prototype,minute,INCT41,9,0.035604317337806946
birdmae_base,PITAZU,attentive,minute,INCT17,178,0.6966794559936926
birdmae_base,PITAZU,attentive,minute,INCT20955,0,
birdmae_base,PITAZU,attentive,minute,INCT4,0,
birdmae_base,PITAZU,attentive,minute,INCT41,9,0.019990079880772657
birdmae_base,PITAZU,logistic:max,minute,INCT17,178,0.513456500543547
birdmae_base,PITAZU,logistic:max,minute,INCT20955,0,
birdmae_base,PITAZU,logistic:max,minute,INCT4,0,
birdmae_base,PITAZU,logistic:max,minute,INCT41,9,0.023800242198614853
birdmae_base,PITAZU,proto_probe,minute,INCT17,178,0.5132096772971249
birdmae_base,PITAZU,proto_probe,minute,INCT20955,0,
birdmae_base,PITAZU,proto_probe,minute,INCT4,0,
birdmae_base,PITAZU,proto_probe,minute,INCT41,9,0.17401774787930857
birdmae_huge,PITAZU,logistic,fenetre,INCT17,1445,0.46447835306619695
birdmae_huge,PITAZU,logistic,fenetre,INCT20955,0,
birdmae_huge,PITAZU,logistic,fenetre,INCT4,0,
birdmae_huge,PITAZU,logistic,fenetre,INCT41,30,0.006938447091138607
birdmae_huge,PITAZU,logistic+R37=glmm,fenetre,INCT17,1445,0.488356841787378
birdmae_huge,PITAZU,logistic+R37=glmm,fenetre,INCT20955,0,
birdmae_huge,PITAZU,logistic+R37=glmm,fenetre,INCT4,0,
birdmae_huge,PITAZU,logistic+R37=glmm,fenetre,INCT41,30,0.006800824268417072
birdmae_huge,PITAZU,lda_shrunk,fenetre,INCT17,1445,0.38311444396000754
birdmae_huge,PITAZU,lda_shrunk,fenetre,INCT20955,0,
birdmae_huge,PITAZU,lda_shrunk,fenetre,INCT4,0,
birdmae_huge,PITAZU,lda_shrunk,fenetre,INCT41,30,0.005967002191237525
birdmae_huge,PITAZU,logistic,minute,INCT17,178,0.6084776188505814
birdmae_huge,PITAZU,logistic,minute,INCT20955,0,
birdmae_huge,PITAZU,logistic,minute,INCT4,0,
birdmae_huge,PITAZU,logistic,minute,INCT41,9,0.02494826787401211
birdmae_huge,PITAZU,logistic+R37=glmm,minute,INCT17,178,0.6170525691878972
birdmae_huge,PITAZU,logistic+R37=glmm,minute,INCT20955,0,
birdmae_huge,PITAZU,logistic+R37=glmm,minute,INCT4,0,
birdmae_huge,PITAZU,logistic+R37=glmm,minute,INCT41,9,0.026549220939621913
birdmae_huge,PITAZU,lda_shrunk,minute,INCT17,178,0.5700267536297465
birdmae_huge,PITAZU,lda_shrunk,minute,INCT20955,0,
birdmae_huge,PITAZU,lda_shrunk,minute,INCT4,0,
birdmae_huge,PITAZU,lda_shrunk,minute,INCT41,9,0.02435001403925922
birdmae_large,PITAZU,logistic,fenetre,INCT17,1445,0.4284191789751737
birdmae_large,PITAZU,logistic,fenetre,INCT20955,0,
birdmae_large,PITAZU,logistic,fenetre,INCT4,0,
birdmae_large,PITAZU,logistic,fenetre,INCT41,30,0.005794878184203179
birdmae_large,PITAZU,logistic+R37=glmm,fenetre,INCT17,1445,0.47478043107337675
birdmae_large,PITAZU,logistic+R37=glmm,fenetre,INCT20955,0,
birdmae_large,PITAZU,logistic+R37=glmm,fenetre,INCT4,0,
birdmae_large,PITAZU,logistic+R37=glmm,fenetre,INCT41,30,0.005823547573715704
birdmae_large,PITAZU,lda_shrunk,fenetre,INCT17,1445,0.37907663178030004
birdmae_large,PITAZU,lda_shrunk,fenetre,INCT20955,0,
birdmae_large,PITAZU,lda_shrunk,fenetre,INCT4,0,
birdmae_large,PITAZU,lda_shrunk,fenetre,INCT41,30,0.006151889774287556
birdmae_large,PITAZU,simple_prototype,fenetre,INCT17,1445,0.36523931656701125
birdmae_large,PITAZU,simple_prototype,fenetre,INCT20955,0,
birdmae_large,PITAZU,simple_prototype,fenetre,INCT4,0,
birdmae_large,PITAZU,simple_prototype,fenetre,INCT41,30,0.017474129636866075
birdmae_large,PITAZU,attentive,fenetre,INCT17,1445,0.5026989114991706
birdmae_large,PITAZU,attentive,fenetre,INCT20955,0,
birdmae_large,PITAZU,attentive,fenetre,INCT4,0,
birdmae_large,PITAZU,attentive,fenetre,INCT41,30,0.006717067982907927
birdmae_large,PITAZU,logistic:max,fenetre,INCT17,1445,0.387386574234991
birdmae_large,PITAZU,logistic:max,fenetre,INCT20955,0,
birdmae_large,PITAZU,logistic:max,fenetre,INCT4,0,
birdmae_large,PITAZU,logistic:max,fenetre,INCT41,30,0.006192237775996088
birdmae_large,PITAZU,proto_probe,fenetre,INCT17,1445,0.3954514515714084
birdmae_large,PITAZU,proto_probe,fenetre,INCT20955,0,
birdmae_large,PITAZU,proto_probe,fenetre,INCT4,0,
birdmae_large,PITAZU,proto_probe,fenetre,INCT41,30,0.05589625578439187
birdmae_large,PITAZU,logistic,minute,INCT17,178,0.5714458084437073
birdmae_large,PITAZU,logistic,minute,INCT20955,0,
birdmae_large,PITAZU,logistic,minute,INCT4,0,
birdmae_large,PITAZU,logistic,minute,INCT41,9,0.024678240532612614
birdmae_large,PITAZU,logistic+R37=glmm,minute,INCT17,178,0.5965706449958658
birdmae_large,PITAZU,logistic+R37=glmm,minute,INCT20955,0,
birdmae_large,PITAZU,logistic+R37=glmm,minute,INCT4,0,
birdmae_large,PITAZU,logistic+R37=glmm,minute,INCT41,9,0.02686847035612866
birdmae_large,PITAZU,lda_shrunk,minute,INCT17,178,0.5354845356784066
birdmae_large,PITAZU,lda_shrunk,minute,INCT20955,0,
birdmae_large,PITAZU,lda_shrunk,minute,INCT4,0,
birdmae_large,PITAZU,lda_shrunk,minute,INCT41,9,0.038298984123899524
birdmae_large,PITAZU,simple_prototype,minute,INCT17,178,0.5166458477131112
birdmae_large,PITAZU,simple_prototype,minute,INCT20955,0,
birdmae_large,PITAZU,simple_prototype,minute,INCT4,0,
birdmae_large,PITAZU,simple_prototype,minute,INCT41,9,0.05257567200848953
birdmae_large,PITAZU,attentive,minute,INCT17,178,0.6516973176180405
birdmae_large,PITAZU,attentive,minute,INCT20955,0,
birdmae_large,PITAZU,attentive,minute,INCT4,0,
birdmae_large,PITAZU,attentive,minute,INCT41,9,0.026228342662689638
birdmae_large,PITAZU,logistic:max,minute,INCT17,178,0.5204885455700752
birdmae_large,PITAZU,logistic:max,minute,INCT20955,0,
birdmae_large,PITAZU,logistic:max,minute,INCT4,0,
birdmae_large,PITAZU,logistic:max,minute,INCT41,9,0.05069025520893482
birdmae_large,PITAZU,proto_probe,minute,INCT17,178,0.5254025772262552
birdmae_large,PITAZU,proto_probe,minute,INCT20955,0,
birdmae_large,PITAZU,proto_probe,minute,INCT4,0,
birdmae_large,PITAZU,proto_probe,minute,INCT41,9,0.14230807844729385
birdnet,PITAZU,logistic,fenetre,INCT17,2291,0.7084996115165656
birdnet,PITAZU,logistic,fenetre,INCT20955,0,
birdnet,PITAZU,logistic,fenetre,INCT4,0,
birdnet,PITAZU,logistic,fenetre,INCT41,36,0.0852153076735715
birdnet,PITAZU,logistic+R37=glmm,fenetre,INCT17,2291,0.7472061536724072
birdnet,PITAZU,logistic+R37=glmm,fenetre,INCT20955,0,
birdnet,PITAZU,logistic+R37=glmm,fenetre,INCT4,0,
birdnet,PITAZU,logistic+R37=glmm,fenetre,INCT41,36,0.09482617779426288
birdnet,PITAZU,lda_shrunk,fenetre,INCT17,2291,0.6891856907877274
birdnet,PITAZU,lda_shrunk,fenetre,INCT20955,0,
birdnet,PITAZU,lda_shrunk,fenetre,INCT4,0,
birdnet,PITAZU,lda_shrunk,fenetre,INCT41,36,0.01593273074680938
birdnet,PITAZU,logistic,minute,INCT17,178,0.8680002399419908
birdnet,PITAZU,logistic,minute,INCT20955,0,
birdnet,PITAZU,logistic,minute,INCT4,0,
birdnet,PITAZU,logistic,minute,INCT41,9,0.2525741449193189
birdnet,PITAZU,logistic+R37=glmm,minute,INCT17,178,0.8895734917852607
birdnet,PITAZU,logistic+R37=glmm,minute,INCT20955,0,
birdnet,PITAZU,logistic+R37=glmm,minute,INCT4,0,
birdnet,PITAZU,logistic+R37=glmm,minute,INCT41,9,0.2687171433229265
birdnet,PITAZU,lda_shrunk,minute,INCT17,178,0.8547201641601374
birdnet,PITAZU,lda_shrunk,minute,INCT20955,0,
birdnet,PITAZU,lda_shrunk,minute,INCT4,0,
birdnet,PITAZU,lda_shrunk,minute,INCT41,9,0.07209040339555478
birdnet_v3,PITAZU,logistic,fenetre,INCT17,2291,0.6626741658223944
birdnet_v3,PITAZU,logistic,fenetre,INCT20955,0,
birdnet_v3,PITAZU,logistic,fenetre,INCT4,0,
birdnet_v3,PITAZU,logistic,fenetre,INCT41,36,0.07651930337863055
birdnet_v3,PITAZU,logistic+R37=glmm,fenetre,INCT17,2291,0.6994183684023874
birdnet_v3,PITAZU,logistic+R37=glmm,fenetre,INCT20955,0,
birdnet_v3,PITAZU,logistic+R37=glmm,fenetre,INCT4,0,
birdnet_v3,PITAZU,logistic+R37=glmm,fenetre,INCT41,36,0.08194595311250316
birdnet_v3,PITAZU,lda_shrunk,fenetre,INCT17,2291,0.635210385994372
birdnet_v3,PITAZU,lda_shrunk,fenetre,INCT20955,0,
birdnet_v3,PITAZU,lda_shrunk,fenetre,INCT4,0,
birdnet_v3,PITAZU,lda_shrunk,fenetre,INCT41,36,0.0211177219578215
birdnet_v3,PITAZU,simple_prototype,fenetre,INCT17,2291,0.5257005476224594
birdnet_v3,PITAZU,simple_prototype,fenetre,INCT20955,0,
birdnet_v3,PITAZU,simple_prototype,fenetre,INCT4,0,
birdnet_v3,PITAZU,simple_prototype,fenetre,INCT41,36,0.008279323961353084
birdnet_v3,PITAZU,logistic,minute,INCT17,178,0.7984663443637123
birdnet_v3,PITAZU,logistic,minute,INCT20955,0,
birdnet_v3,PITAZU,logistic,minute,INCT4,0,
birdnet_v3,PITAZU,logistic,minute,INCT41,9,0.26380960324557207
birdnet_v3,PITAZU,logistic+R37=glmm,minute,INCT17,178,0.8278280745225428
birdnet_v3,PITAZU,logistic+R37=glmm,minute,INCT20955,0,
birdnet_v3,PITAZU,logistic+R37=glmm,minute,INCT4,0,
birdnet_v3,PITAZU,logistic+R37=glmm,minute,INCT41,9,0.2766373401122027
birdnet_v3,PITAZU,lda_shrunk,minute,INCT17,178,0.780376654666345
birdnet_v3,PITAZU,lda_shrunk,minute,INCT20955,0,
birdnet_v3,PITAZU,lda_shrunk,minute,INCT4,0,
birdnet_v3,PITAZU,lda_shrunk,minute,INCT41,9,0.07785509662145401
birdnet_v3,PITAZU,simple_prototype,minute,INCT17,178,0.7140878667397185
birdnet_v3,PITAZU,simple_prototype,minute,INCT20955,0,
birdnet_v3,PITAZU,simple_prototype,minute,INCT4,0,
birdnet_v3,PITAZU,simple_prototype,minute,INCT41,9,0.11185882821052918
convnext_birdset,PITAZU,logistic,fenetre,INCT17,1445,0.7163766335546388
convnext_birdset,PITAZU,logistic,fenetre,INCT20955,0,
convnext_birdset,PITAZU,logistic,fenetre,INCT4,0,
convnext_birdset,PITAZU,logistic,fenetre,INCT41,30,0.09478923555294182
convnext_birdset,PITAZU,logistic+R37=glmm,fenetre,INCT17,1445,0.7456613935908797
convnext_birdset,PITAZU,logistic+R37=glmm,fenetre,INCT20955,0,
convnext_birdset,PITAZU,logistic+R37=glmm,fenetre,INCT4,0,
convnext_birdset,PITAZU,logistic+R37=glmm,fenetre,INCT41,30,0.10468759532040552
convnext_birdset,PITAZU,lda_shrunk,fenetre,INCT17,1445,0.6732160642916978
convnext_birdset,PITAZU,lda_shrunk,fenetre,INCT20955,0,
convnext_birdset,PITAZU,lda_shrunk,fenetre,INCT4,0,
convnext_birdset,PITAZU,lda_shrunk,fenetre,INCT41,30,0.01792704926486561
convnext_birdset,PITAZU,simple_prototype,fenetre,INCT17,1445,0.4170231218105211
convnext_birdset,PITAZU,simple_prototype,fenetre,INCT20955,0,
convnext_birdset,PITAZU,simple_prototype,fenetre,INCT4,0,
convnext_birdset,PITAZU,simple_prototype,fenetre,INCT41,30,0.02123295622099336
convnext_birdset,PITAZU,logistic,minute,INCT17,178,0.8321590001006713
convnext_birdset,PITAZU,logistic,minute,INCT20955,0,
convnext_birdset,PITAZU,logistic,minute,INCT4,0,
convnext_birdset,PITAZU,logistic,minute,INCT41,9,0.2754786965130114
convnext_birdset,PITAZU,logistic+R37=glmm,minute,INCT17,178,0.8513961816533625
convnext_birdset,PITAZU,logistic+R37=glmm,minute,INCT20955,0,
convnext_birdset,PITAZU,logistic+R37=glmm,minute,INCT4,0,
convnext_birdset,PITAZU,logistic+R37=glmm,minute,INCT41,9,0.2785348585014285
convnext_birdset,PITAZU,lda_shrunk,minute,INCT17,178,0.8028110302077994
convnext_birdset,PITAZU,lda_shrunk,minute,INCT20955,0,
convnext_birdset,PITAZU,lda_shrunk,minute,INCT4,0,
convnext_birdset,PITAZU,lda_shrunk,minute,INCT41,9,0.07191270288043072
convnext_birdset,PITAZU,simple_prototype,minute,INCT17,178,0.5728283441442239
convnext_birdset,PITAZU,simple_prototype,minute,INCT20955,0,
convnext_birdset,PITAZU,simple_prototype,minute,INCT4,0,
convnext_birdset,PITAZU,simple_prototype,minute,INCT41,9,0.09357467894932614
esp_aves2_eat_all,PITAZU,logistic,fenetre,INCT17,1445,0.36686056507778864
esp_aves2_eat_all,PITAZU,logistic,fenetre,INCT20955,0,
esp_aves2_eat_all,PITAZU,logistic,fenetre,INCT4,0,
esp_aves2_eat_all,PITAZU,logistic,fenetre,INCT41,30,0.007298374605598606
esp_aves2_eat_all,PITAZU,logistic+R37=glmm,fenetre,INCT17,1445,0.39522761335011414
esp_aves2_eat_all,PITAZU,logistic+R37=glmm,fenetre,INCT20955,0,
esp_aves2_eat_all,PITAZU,logistic+R37=glmm,fenetre,INCT4,0,
esp_aves2_eat_all,PITAZU,logistic+R37=glmm,fenetre,INCT41,30,0.007730919599016481
esp_aves2_eat_all,PITAZU,lda_shrunk,fenetre,INCT17,1445,0.43054091144727374
esp_aves2_eat_all,PITAZU,lda_shrunk,fenetre,INCT20955,0,
esp_aves2_eat_all,PITAZU,lda_shrunk,fenetre,INCT4,0,
esp_aves2_eat_all,PITAZU,lda_shrunk,fenetre,INCT41,30,0.011667042706403577
esp_aves2_eat_all,PITAZU,simple_prototype,fenetre,INCT17,1445,0.36259059171116637
esp_aves2_eat_all,PITAZU,simple_prototype,fenetre,INCT20955,0,
esp_aves2_eat_all,PITAZU,simple_prototype,fenetre,INCT4,0,
esp_aves2_eat_all,PITAZU,simple_prototype,fenetre,INCT41,30,0.01482675581950155
esp_aves2_eat_all,PITAZU,attentive,fenetre,INCT17,1445,0.4796016793340655
esp_aves2_eat_all,PITAZU,attentive,fenetre,INCT20955,0,
esp_aves2_eat_all,PITAZU,attentive,fenetre,INCT4,0,
esp_aves2_eat_all,PITAZU,attentive,fenetre,INCT41,30,0.012175432614353936
esp_aves2_eat_all,PITAZU,logistic:max,fenetre,INCT17,1445,0.33284567619882555
esp_aves2_eat_all,PITAZU,logistic:max,fenetre,INCT20955,0,
esp_aves2_eat_all,PITAZU,logistic:max,fenetre,INCT4,0,
esp_aves2_eat_all,PITAZU,logistic:max,fenetre,INCT41,30,0.005805963084409527
esp_aves2_eat_all,PITAZU,proto_probe,fenetre,INCT17,1445,0.3700451307348257
esp_aves2_eat_all,PITAZU,proto_probe,fenetre,INCT20955,0,
esp_aves2_eat_all,PITAZU,proto_probe,fenetre,INCT4,0,
esp_aves2_eat_all,PITAZU,proto_probe,fenetre,INCT41,30,0.005660474363993728
esp_aves2_eat_all,PITAZU,logistic,minute,INCT17,178,0.4929222438034384
esp_aves2_eat_all,PITAZU,logistic,minute,INCT20955,0,
esp_aves2_eat_all,PITAZU,logistic,minute,INCT4,0,
esp_aves2_eat_all,PITAZU,logistic,minute,INCT41,9,0.02439403343967591
esp_aves2_eat_all,PITAZU,logistic+R37=glmm,minute,INCT17,178,0.5094169769984717
esp_aves2_eat_all,PITAZU,logistic+R37=glmm,minute,INCT20955,0,
esp_aves2_eat_all,PITAZU,logistic+R37=glmm,minute,INCT4,0,
esp_aves2_eat_all,PITAZU,logistic+R37=glmm,minute,INCT41,9,0.0234729798735381
esp_aves2_eat_all,PITAZU,lda_shrunk,minute,INCT17,178,0.5498515600099516
esp_aves2_eat_all,PITAZU,lda_shrunk,minute,INCT20955,0,
esp_aves2_eat_all,PITAZU,lda_shrunk,minute,INCT4,0,
esp_aves2_eat_all,PITAZU,lda_shrunk,minute,INCT41,9,0.03480352040677049
esp_aves2_eat_all,PITAZU,simple_prototype,minute,INCT17,178,0.5760170165486053
esp_aves2_eat_all,PITAZU,simple_prototype,minute,INCT20955,0,
esp_aves2_eat_all,PITAZU,simple_prototype,minute,INCT4,0,
esp_aves2_eat_all,PITAZU,simple_prototype,minute,INCT41,9,0.08299394852056026
esp_aves2_eat_all,PITAZU,attentive,minute,INCT17,178,0.5957630114457614
esp_aves2_eat_all,PITAZU,attentive,minute,INCT20955,0,
esp_aves2_eat_all,PITAZU,attentive,minute,INCT4,0,
esp_aves2_eat_all,PITAZU,attentive,minute,INCT41,9,0.05688972770004637
esp_aves2_eat_all,PITAZU,logistic:max,minute,INCT17,178,0.44408851620198736
esp_aves2_eat_all,PITAZU,logistic:max,minute,INCT20955,0,
esp_aves2_eat_all,PITAZU,logistic:max,minute,INCT4,0,
esp_aves2_eat_all,PITAZU,logistic:max,minute,INCT41,9,0.025092166292365138
esp_aves2_eat_all,PITAZU,proto_probe,minute,INCT17,178,0.4652713739061497
esp_aves2_eat_all,PITAZU,proto_probe,minute,INCT20955,0,
esp_aves2_eat_all,PITAZU,proto_probe,minute,INCT4,0,
esp_aves2_eat_all,PITAZU,proto_probe,minute,INCT41,9,0.028623297198011308
esp_aves2_eat_bio,PITAZU,logistic,fenetre,INCT17,1445,0.40000546169234935
esp_aves2_eat_bio,PITAZU,logistic,fenetre,INCT20955,0,
esp_aves2_eat_bio,PITAZU,logistic,fenetre,INCT4,0,
esp_aves2_eat_bio,PITAZU,logistic,fenetre,INCT41,30,0.0073101695869326935
esp_aves2_eat_bio,PITAZU,logistic+R37=glmm,fenetre,INCT17,1445,0.41666268173759957
esp_aves2_eat_bio,PITAZU,logistic+R37=glmm,fenetre,INCT20955,0,
esp_aves2_eat_bio,PITAZU,logistic+R37=glmm,fenetre,INCT4,0,
esp_aves2_eat_bio,PITAZU,logistic+R37=glmm,fenetre,INCT41,30,0.007030683045605302
esp_aves2_eat_bio,PITAZU,lda_shrunk,fenetre,INCT17,1445,0.5293159836541862
esp_aves2_eat_bio,PITAZU,lda_shrunk,fenetre,INCT20955,0,
esp_aves2_eat_bio,PITAZU,lda_shrunk,fenetre,INCT4,0,
esp_aves2_eat_bio,PITAZU,lda_shrunk,fenetre,INCT41,30,0.006369598430518976
esp_aves2_eat_bio,PITAZU,simple_prototype,fenetre,INCT17,1445,0.3492602757854527
esp_aves2_eat_bio,PITAZU,simple_prototype,fenetre,INCT20955,0,
esp_aves2_eat_bio,PITAZU,simple_prototype,fenetre,INCT4,0,
esp_aves2_eat_bio,PITAZU,simple_prototype,fenetre,INCT41,30,0.029976640191454594
esp_aves2_eat_bio,PITAZU,attentive,fenetre,INCT17,1445,0.6707843491690892
esp_aves2_eat_bio,PITAZU,attentive,fenetre,INCT20955,0,
esp_aves2_eat_bio,PITAZU,attentive,fenetre,INCT4,0,
esp_aves2_eat_bio,PITAZU,attentive,fenetre,INCT41,30,0.0044661420717037135
esp_aves2_eat_bio,PITAZU,logistic:max,fenetre,INCT17,1445,0.3743862547196133
esp_aves2_eat_bio,PITAZU,logistic:max,fenetre,INCT20955,0,
esp_aves2_eat_bio,PITAZU,logistic:max,fenetre,INCT4,0,
esp_aves2_eat_bio,PITAZU,logistic:max,fenetre,INCT41,30,0.005686554629910406
esp_aves2_eat_bio,PITAZU,proto_probe,fenetre,INCT17,1445,0.4392487096713791
esp_aves2_eat_bio,PITAZU,proto_probe,fenetre,INCT20955,0,
esp_aves2_eat_bio,PITAZU,proto_probe,fenetre,INCT4,0,
esp_aves2_eat_bio,PITAZU,proto_probe,fenetre,INCT41,30,0.009542768727009595
esp_aves2_eat_bio,PITAZU,logistic,minute,INCT17,178,0.5390825335422677
esp_aves2_eat_bio,PITAZU,logistic,minute,INCT20955,0,
esp_aves2_eat_bio,PITAZU,logistic,minute,INCT4,0,
esp_aves2_eat_bio,PITAZU,logistic,minute,INCT41,9,0.024991272229654634
esp_aves2_eat_bio,PITAZU,logistic+R37=glmm,minute,INCT17,178,0.5455036885805487
esp_aves2_eat_bio,PITAZU,logistic+R37=glmm,minute,INCT20955,0,
esp_aves2_eat_bio,PITAZU,logistic+R37=glmm,minute,INCT4,0,
esp_aves2_eat_bio,PITAZU,logistic+R37=glmm,minute,INCT41,9,0.025311992981992618
esp_aves2_eat_bio,PITAZU,lda_shrunk,minute,INCT17,178,0.6335370380260876
esp_aves2_eat_bio,PITAZU,lda_shrunk,minute,INCT20955,0,
esp_aves2_eat_bio,PITAZU,lda_shrunk,minute,INCT4,0,
esp_aves2_eat_bio,PITAZU,lda_shrunk,minute,INCT41,9,0.019287107789626876
esp_aves2_eat_bio,PITAZU,simple_prototype,minute,INCT17,178,0.5232729536658444
esp_aves2_eat_bio,PITAZU,simple_prototype,minute,INCT20955,0,
esp_aves2_eat_bio,PITAZU,simple_prototype,minute,INCT4,0,
esp_aves2_eat_bio,PITAZU,simple_prototype,minute,INCT41,9,0.14256048056293444
esp_aves2_eat_bio,PITAZU,attentive,minute,INCT17,178,0.792181087419968
esp_aves2_eat_bio,PITAZU,attentive,minute,INCT20955,0,
esp_aves2_eat_bio,PITAZU,attentive,minute,INCT4,0,
esp_aves2_eat_bio,PITAZU,attentive,minute,INCT41,9,0.01734475852590686
esp_aves2_eat_bio,PITAZU,logistic:max,minute,INCT17,178,0.48002804540013244
esp_aves2_eat_bio,PITAZU,logistic:max,minute,INCT20955,0,
esp_aves2_eat_bio,PITAZU,logistic:max,minute,INCT4,0,
esp_aves2_eat_bio,PITAZU,logistic:max,minute,INCT41,9,0.018992941283899525
esp_aves2_eat_bio,PITAZU,proto_probe,minute,INCT17,178,0.5770676855566814
esp_aves2_eat_bio,PITAZU,proto_probe,minute,INCT20955,0,
esp_aves2_eat_bio,PITAZU,proto_probe,minute,INCT4,0,
esp_aves2_eat_bio,PITAZU,proto_probe,minute,INCT41,9,0.03325251439237834
esp_aves2_effnetb0_all,PITAZU,logistic,fenetre,INCT17,1445,0.5371921699353753
esp_aves2_effnetb0_all,PITAZU,logistic,fenetre,INCT20955,0,
esp_aves2_effnetb0_all,PITAZU,logistic,fenetre,INCT4,0,
esp_aves2_effnetb0_all,PITAZU,logistic,fenetre,INCT41,30,0.016558064998719986
esp_aves2_effnetb0_all,PITAZU,logistic+R37=glmm,fenetre,INCT17,1445,0.5517253661757138
esp_aves2_effnetb0_all,PITAZU,logistic+R37=glmm,fenetre,INCT20955,0,
esp_aves2_effnetb0_all,PITAZU,logistic+R37=glmm,fenetre,INCT4,0,
esp_aves2_effnetb0_all,PITAZU,logistic+R37=glmm,fenetre,INCT41,30,0.018485923416790104
esp_aves2_effnetb0_all,PITAZU,lda_shrunk,fenetre,INCT17,1445,0.583336128598784
esp_aves2_effnetb0_all,PITAZU,lda_shrunk,fenetre,INCT20955,0,
esp_aves2_effnetb0_all,PITAZU,lda_shrunk,fenetre,INCT4,0,
esp_aves2_effnetb0_all,PITAZU,lda_shrunk,fenetre,INCT41,30,0.01767363547072799
esp_aves2_effnetb0_all,PITAZU,simple_prototype,fenetre,INCT17,1445,0.40081550219004014
esp_aves2_effnetb0_all,PITAZU,simple_prototype,fenetre,INCT20955,0,
esp_aves2_effnetb0_all,PITAZU,simple_prototype,fenetre,INCT4,0,
esp_aves2_effnetb0_all,PITAZU,simple_prototype,fenetre,INCT41,30,0.014975207291252774
esp_aves2_effnetb0_all,PITAZU,logistic,minute,INCT17,178,0.6920603149750448
esp_aves2_effnetb0_all,PITAZU,logistic,minute,INCT20955,0,
esp_aves2_effnetb0_all,PITAZU,logistic,minute,INCT4,0,
esp_aves2_effnetb0_all,PITAZU,logistic,minute,INCT41,9,0.059501799935381586
esp_aves2_effnetb0_all,PITAZU,logistic+R37=glmm,minute,INCT17,178,0.6987064163360015
esp_aves2_effnetb0_all,PITAZU,logistic+R37=glmm,minute,INCT20955,0,
esp_aves2_effnetb0_all,PITAZU,logistic+R37=glmm,minute,INCT4,0,
esp_aves2_effnetb0_all,PITAZU,logistic+R37=glmm,minute,INCT41,9,0.06773711104169493
esp_aves2_effnetb0_all,PITAZU,lda_shrunk,minute,INCT17,178,0.740710709210847
esp_aves2_effnetb0_all,PITAZU,lda_shrunk,minute,INCT20955,0,
esp_aves2_effnetb0_all,PITAZU,lda_shrunk,minute,INCT4,0,
esp_aves2_effnetb0_all,PITAZU,lda_shrunk,minute,INCT41,9,0.0455180790244166
esp_aves2_effnetb0_all,PITAZU,simple_prototype,minute,INCT17,178,0.5669646789747491
esp_aves2_effnetb0_all,PITAZU,simple_prototype,minute,INCT20955,0,
esp_aves2_effnetb0_all,PITAZU,simple_prototype,minute,INCT4,0,
esp_aves2_effnetb0_all,PITAZU,simple_prototype,minute,INCT41,9,0.053275353594455475
esp_aves2_effnetb0_audioset,PITAZU,logistic,fenetre,INCT17,1445,0.33558190160214596
esp_aves2_effnetb0_audioset,PITAZU,logistic,fenetre,INCT20955,0,
esp_aves2_effnetb0_audioset,PITAZU,logistic,fenetre,INCT4,0,
esp_aves2_effnetb0_audioset,PITAZU,logistic,fenetre,INCT41,30,0.005785538754316099
esp_aves2_effnetb0_audioset,PITAZU,logistic+R37=glmm,fenetre,INCT17,1445,0.3467629045523799
esp_aves2_effnetb0_audioset,PITAZU,logistic+R37=glmm,fenetre,INCT20955,0,
esp_aves2_effnetb0_audioset,PITAZU,logistic+R37=glmm,fenetre,INCT4,0,
esp_aves2_effnetb0_audioset,PITAZU,logistic+R37=glmm,fenetre,INCT41,30,0.0058333539345976244
esp_aves2_effnetb0_audioset,PITAZU,lda_shrunk,fenetre,INCT17,1445,0.3023067508399286
esp_aves2_effnetb0_audioset,PITAZU,lda_shrunk,fenetre,INCT20955,0,
esp_aves2_effnetb0_audioset,PITAZU,lda_shrunk,fenetre,INCT4,0,
esp_aves2_effnetb0_audioset,PITAZU,lda_shrunk,fenetre,INCT41,30,0.007394277144456368
esp_aves2_effnetb0_audioset,PITAZU,simple_prototype,fenetre,INCT17,1445,0.3361770252834829
esp_aves2_effnetb0_audioset,PITAZU,simple_prototype,fenetre,INCT20955,0,
esp_aves2_effnetb0_audioset,PITAZU,simple_prototype,fenetre,INCT4,0,
esp_aves2_effnetb0_audioset,PITAZU,simple_prototype,fenetre,INCT41,30,0.007215973064628173
esp_aves2_effnetb0_audioset,PITAZU,logistic,minute,INCT17,178,0.5000019548061706
esp_aves2_effnetb0_audioset,PITAZU,logistic,minute,INCT20955,0,
esp_aves2_effnetb0_audioset,PITAZU,logistic,minute,INCT4,0,
esp_aves2_effnetb0_audioset,PITAZU,logistic,minute,INCT41,9,0.02046942016955427
esp_aves2_effnetb0_audioset,PITAZU,logistic+R37=glmm,minute,INCT17,178,0.5072929778227813
esp_aves2_effnetb0_audioset,PITAZU,logistic+R37=glmm,minute,INCT20955,0,
esp_aves2_effnetb0_audioset,PITAZU,logistic+R37=glmm,minute,INCT4,0,
esp_aves2_effnetb0_audioset,PITAZU,logistic+R37=glmm,minute,INCT41,9,0.0206954285376615
esp_aves2_effnetb0_audioset,PITAZU,lda_shrunk,minute,INCT17,178,0.46184978145630157
esp_aves2_effnetb0_audioset,PITAZU,lda_shrunk,minute,INCT20955,0,
esp_aves2_effnetb0_audioset,PITAZU,lda_shrunk,minute,INCT4,0,
esp_aves2_effnetb0_audioset,PITAZU,lda_shrunk,minute,INCT41,9,0.06345027534422418
esp_aves2_effnetb0_audioset,PITAZU,simple_prototype,minute,INCT17,178,0.46649777473030335
esp_aves2_effnetb0_audioset,PITAZU,simple_prototype,minute,INCT20955,0,
esp_aves2_effnetb0_audioset,PITAZU,simple_prototype,minute,INCT4,0,
esp_aves2_effnetb0_audioset,PITAZU,simple_prototype,minute,INCT41,9,0.02147088884794581
esp_aves2_effnetb0_bio,PITAZU,logistic,fenetre,INCT17,1445,0.6475949574227609
esp_aves2_effnetb0_bio,PITAZU,logistic,fenetre,INCT20955,0,
esp_aves2_effnetb0_bio,PITAZU,logistic,fenetre,INCT4,0,
esp_aves2_effnetb0_bio,PITAZU,logistic,fenetre,INCT41,30,0.05333196505647757
esp_aves2_effnetb0_bio,PITAZU,logistic+R37=glmm,fenetre,INCT17,1445,0.7201392289065511
esp_aves2_effnetb0_bio,PITAZU,logistic+R37=glmm,fenetre,INCT20955,0,
esp_aves2_effnetb0_bio,PITAZU,logistic+R37=glmm,fenetre,INCT4,0,
esp_aves2_effnetb0_bio,PITAZU,logistic+R37=glmm,fenetre,INCT41,30,0.05510103347037566
esp_aves2_effnetb0_bio,PITAZU,lda_shrunk,fenetre,INCT17,1445,0.4816629674538474
esp_aves2_effnetb0_bio,PITAZU,lda_shrunk,fenetre,INCT20955,0,
esp_aves2_effnetb0_bio,PITAZU,lda_shrunk,fenetre,INCT4,0,
esp_aves2_effnetb0_bio,PITAZU,lda_shrunk,fenetre,INCT41,30,0.015064456343170957
esp_aves2_effnetb0_bio,PITAZU,simple_prototype,fenetre,INCT17,1445,0.44845571723623956
esp_aves2_effnetb0_bio,PITAZU,simple_prototype,fenetre,INCT20955,0,
esp_aves2_effnetb0_bio,PITAZU,simple_prototype,fenetre,INCT4,0,
esp_aves2_effnetb0_bio,PITAZU,simple_prototype,fenetre,INCT41,30,0.1059548657130563
esp_aves2_effnetb0_bio,PITAZU,logistic,minute,INCT17,178,0.7774976257670068
esp_aves2_effnetb0_bio,PITAZU,logistic,minute,INCT20955,0,
esp_aves2_effnetb0_bio,PITAZU,logistic,minute,INCT4,0,
esp_aves2_effnetb0_bio,PITAZU,logistic,minute,INCT41,9,0.18595440274964425
esp_aves2_effnetb0_bio,PITAZU,logistic+R37=glmm,minute,INCT17,178,0.831607453870454
esp_aves2_effnetb0_bio,PITAZU,logistic+R37=glmm,minute,INCT20955,0,
esp_aves2_effnetb0_bio,PITAZU,logistic+R37=glmm,minute,INCT4,0,
esp_aves2_effnetb0_bio,PITAZU,logistic+R37=glmm,minute,INCT41,9,0.19761907941856782
esp_aves2_effnetb0_bio,PITAZU,lda_shrunk,minute,INCT17,178,0.6603484130015512
esp_aves2_effnetb0_bio,PITAZU,lda_shrunk,minute,INCT20955,0,
esp_aves2_effnetb0_bio,PITAZU,lda_shrunk,minute,INCT4,0,
esp_aves2_effnetb0_bio,PITAZU,lda_shrunk,minute,INCT41,9,0.03731748924917848
esp_aves2_effnetb0_bio,PITAZU,simple_prototype,minute,INCT17,178,0.5679143138976677
esp_aves2_effnetb0_bio,PITAZU,simple_prototype,minute,INCT20955,0,
esp_aves2_effnetb0_bio,PITAZU,simple_prototype,minute,INCT4,0,
esp_aves2_effnetb0_bio,PITAZU,simple_prototype,minute,INCT41,9,0.36977620903742486
esp_aves2_sl_beats_all,PITAZU,logistic,fenetre,INCT17,1445,0.6718096642449178
esp_aves2_sl_beats_all,PITAZU,logistic,fenetre,INCT20955,0,
esp_aves2_sl_beats_all,PITAZU,logistic,fenetre,INCT4,0,
esp_aves2_sl_beats_all,PITAZU,logistic,fenetre,INCT41,30,0.009947932389670084
esp_aves2_sl_beats_all,PITAZU,logistic+R37=glmm,fenetre,INCT17,1445,0.6905232724286916
esp_aves2_sl_beats_all,PITAZU,logistic+R37=glmm,fenetre,INCT20955,0,
esp_aves2_sl_beats_all,PITAZU,logistic+R37=glmm,fenetre,INCT4,0,
esp_aves2_sl_beats_all,PITAZU,logistic+R37=glmm,fenetre,INCT41,30,0.009862600426600816
esp_aves2_sl_beats_all,PITAZU,lda_shrunk,fenetre,INCT17,1445,0.664981120906425
esp_aves2_sl_beats_all,PITAZU,lda_shrunk,fenetre,INCT20955,0,
esp_aves2_sl_beats_all,PITAZU,lda_shrunk,fenetre,INCT4,0,
esp_aves2_sl_beats_all,PITAZU,lda_shrunk,fenetre,INCT41,30,0.010005581889857122
esp_aves2_sl_beats_all,PITAZU,simple_prototype,fenetre,INCT17,1445,0.44169874095276573
esp_aves2_sl_beats_all,PITAZU,simple_prototype,fenetre,INCT20955,0,
esp_aves2_sl_beats_all,PITAZU,simple_prototype,fenetre,INCT4,0,
esp_aves2_sl_beats_all,PITAZU,simple_prototype,fenetre,INCT41,30,0.013838977983895944
esp_aves2_sl_beats_all,PITAZU,attentive,fenetre,INCT17,1445,0.6219555269529847
esp_aves2_sl_beats_all,PITAZU,attentive,fenetre,INCT20955,0,
esp_aves2_sl_beats_all,PITAZU,attentive,fenetre,INCT4,0,
esp_aves2_sl_beats_all,PITAZU,attentive,fenetre,INCT41,30,0.008162127906300321
esp_aves2_sl_beats_all,PITAZU,logistic:max,fenetre,INCT17,1445,0.6855344527862434
esp_aves2_sl_beats_all,PITAZU,logistic:max,fenetre,INCT20955,0,
esp_aves2_sl_beats_all,PITAZU,logistic:max,fenetre,INCT4,0,
esp_aves2_sl_beats_all,PITAZU,logistic:max,fenetre,INCT41,30,0.01142711604427449
esp_aves2_sl_beats_all,PITAZU,proto_probe,fenetre,INCT17,1445,0.7615378228610021
esp_aves2_sl_beats_all,PITAZU,proto_probe,fenetre,INCT20955,0,
esp_aves2_sl_beats_all,PITAZU,proto_probe,fenetre,INCT4,0,
esp_aves2_sl_beats_all,PITAZU,proto_probe,fenetre,INCT41,30,0.017323377756716312
esp_aves2_sl_beats_all,PITAZU,logistic,minute,INCT17,178,0.8124285241575242
esp_aves2_sl_beats_all,PITAZU,logistic,minute,INCT20955,0,
esp_aves2_sl_beats_all,PITAZU,logistic,minute,INCT4,0,
esp_aves2_sl_beats_all,PITAZU,logistic,minute,INCT41,9,0.04349311942547783
esp_aves2_sl_beats_all,PITAZU,logistic+R37=glmm,minute,INCT17,178,0.8211314005795072
esp_aves2_sl_beats_all,PITAZU,logistic+R37=glmm,minute,INCT20955,0,
esp_aves2_sl_beats_all,PITAZU,logistic+R37=glmm,minute,INCT4,0,
esp_aves2_sl_beats_all,PITAZU,logistic+R37=glmm,minute,INCT41,9,0.03651454963743571
esp_aves2_sl_beats_all,PITAZU,lda_shrunk,minute,INCT17,178,0.8029654596443322
esp_aves2_sl_beats_all,PITAZU,lda_shrunk,minute,INCT20955,0,
esp_aves2_sl_beats_all,PITAZU,lda_shrunk,minute,INCT4,0,
esp_aves2_sl_beats_all,PITAZU,lda_shrunk,minute,INCT41,9,0.04038956698095193
esp_aves2_sl_beats_all,PITAZU,simple_prototype,minute,INCT17,178,0.6270961589552311
esp_aves2_sl_beats_all,PITAZU,simple_prototype,minute,INCT20955,0,
esp_aves2_sl_beats_all,PITAZU,simple_prototype,minute,INCT4,0,
esp_aves2_sl_beats_all,PITAZU,simple_prototype,minute,INCT41,9,0.05390205592095282
esp_aves2_sl_beats_all,PITAZU,attentive,minute,INCT17,178,0.7636012619401396
esp_aves2_sl_beats_all,PITAZU,attentive,minute,INCT20955,0,
esp_aves2_sl_beats_all,PITAZU,attentive,minute,INCT4,0,
esp_aves2_sl_beats_all,PITAZU,attentive,minute,INCT41,9,0.02618635721536984
esp_aves2_sl_beats_all,PITAZU,logistic:max,minute,INCT17,178,0.8238311108863188
esp_aves2_sl_beats_all,PITAZU,logistic:max,minute,INCT20955,0,
esp_aves2_sl_beats_all,PITAZU,logistic:max,minute,INCT4,0,
esp_aves2_sl_beats_all,PITAZU,logistic:max,minute,INCT41,9,0.03258421021449124
esp_aves2_sl_beats_all,PITAZU,proto_probe,minute,INCT17,178,0.8800531538510872
esp_aves2_sl_beats_all,PITAZU,proto_probe,minute,INCT20955,0,
esp_aves2_sl_beats_all,PITAZU,proto_probe,minute,INCT4,0,
esp_aves2_sl_beats_all,PITAZU,proto_probe,minute,INCT41,9,0.05385457468080945
esp_aves2_sl_beats_bio,PITAZU,logistic,fenetre,INCT17,1445,0.7385031658510417
esp_aves2_sl_beats_bio,PITAZU,logistic,fenetre,INCT20955,0,
esp_aves2_sl_beats_bio,PITAZU,logistic,fenetre,INCT4,0,
esp_aves2_sl_beats_bio,PITAZU,logistic,fenetre,INCT41,30,0.008618268816688335
esp_aves2_sl_beats_bio,PITAZU,logistic+R37=glmm,fenetre,INCT17,1445,0.7581533263591164
esp_aves2_sl_beats_bio,PITAZU,logistic+R37=glmm,fenetre,INCT20955,0,
esp_aves2_sl_beats_bio,PITAZU,logistic+R37=glmm,fenetre,INCT4,0,
esp_aves2_sl_beats_bio,PITAZU,logistic+R37=glmm,fenetre,INCT41,30,0.008526409517818538
esp_aves2_sl_beats_bio,PITAZU,lda_shrunk,fenetre,INCT17,1445,0.6485069036139222
esp_aves2_sl_beats_bio,PITAZU,lda_shrunk,fenetre,INCT20955,0,
esp_aves2_sl_beats_bio,PITAZU,lda_shrunk,fenetre,INCT4,0,
esp_aves2_sl_beats_bio,PITAZU,lda_shrunk,fenetre,INCT41,30,0.02556067567478395
esp_aves2_sl_beats_bio,PITAZU,simple_prototype,fenetre,INCT17,1445,0.48110245275689345
esp_aves2_sl_beats_bio,PITAZU,simple_prototype,fenetre,INCT20955,0,
esp_aves2_sl_beats_bio,PITAZU,simple_prototype,fenetre,INCT4,0,
esp_aves2_sl_beats_bio,PITAZU,simple_prototype,fenetre,INCT41,30,0.022972638275241077
esp_aves2_sl_beats_bio,PITAZU,attentive,fenetre,INCT17,1445,0.650797058406993
esp_aves2_sl_beats_bio,PITAZU,attentive,fenetre,INCT20955,0,
esp_aves2_sl_beats_bio,PITAZU,attentive,fenetre,INCT4,0,
esp_aves2_sl_beats_bio,PITAZU,attentive,fenetre,INCT41,30,0.005551718070322116
esp_aves2_sl_beats_bio,PITAZU,logistic:max,fenetre,INCT17,1445,0.7559611473197679
esp_aves2_sl_beats_bio,PITAZU,logistic:max,fenetre,INCT20955,0,
esp_aves2_sl_beats_bio,PITAZU,logistic:max,fenetre,INCT4,0,
esp_aves2_sl_beats_bio,PITAZU,logistic:max,fenetre,INCT41,30,0.008964078503394302
esp_aves2_sl_beats_bio,PITAZU,proto_probe,fenetre,INCT17,1445,0.7828535944687511
esp_aves2_sl_beats_bio,PITAZU,proto_probe,fenetre,INCT20955,0,
esp_aves2_sl_beats_bio,PITAZU,proto_probe,fenetre,INCT4,0,
esp_aves2_sl_beats_bio,PITAZU,proto_probe,fenetre,INCT41,30,0.009253682607865622
esp_aves2_sl_beats_bio,PITAZU,logistic,minute,INCT17,178,0.8580373831180255
esp_aves2_sl_beats_bio,PITAZU,logistic,minute,INCT20955,0,
esp_aves2_sl_beats_bio,PITAZU,logistic,minute,INCT4,0,
esp_aves2_sl_beats_bio,PITAZU,logistic,minute,INCT41,9,0.02975878928499095
esp_aves2_sl_beats_bio,PITAZU,logistic+R37=glmm,minute,INCT17,178,0.8668315468746838
esp_aves2_sl_beats_bio,PITAZU,logistic+R37=glmm,minute,INCT20955,0,
esp_aves2_sl_beats_bio,PITAZU,logistic+R37=glmm,minute,INCT4,0,
esp_aves2_sl_beats_bio,PITAZU,logistic+R37=glmm,minute,INCT41,9,0.0293003519735473
esp_aves2_sl_beats_bio,PITAZU,lda_shrunk,minute,INCT17,178,0.7703769925715072
esp_aves2_sl_beats_bio,PITAZU,lda_shrunk,minute,INCT20955,0,
esp_aves2_sl_beats_bio,PITAZU,lda_shrunk,minute,INCT4,0,
esp_aves2_sl_beats_bio,PITAZU,lda_shrunk,minute,INCT41,9,0.10419703470949221
esp_aves2_sl_beats_bio,PITAZU,simple_prototype,minute,INCT17,178,0.5978538581696533
esp_aves2_sl_beats_bio,PITAZU,simple_prototype,minute,INCT20955,0,
esp_aves2_sl_beats_bio,PITAZU,simple_prototype,minute,INCT4,0,
esp_aves2_sl_beats_bio,PITAZU,simple_prototype,minute,INCT41,9,0.07905067717556766
esp_aves2_sl_beats_bio,PITAZU,attentive,minute,INCT17,178,0.7713427957257425
esp_aves2_sl_beats_bio,PITAZU,attentive,minute,INCT20955,0,
esp_aves2_sl_beats_bio,PITAZU,attentive,minute,INCT4,0,
esp_aves2_sl_beats_bio,PITAZU,attentive,minute,INCT41,9,0.024945350032242825
esp_aves2_sl_beats_bio,PITAZU,logistic:max,minute,INCT17,178,0.8684421089622325
esp_aves2_sl_beats_bio,PITAZU,logistic:max,minute,INCT20955,0,
esp_aves2_sl_beats_bio,PITAZU,logistic:max,minute,INCT4,0,
esp_aves2_sl_beats_bio,PITAZU,logistic:max,minute,INCT41,9,0.03130752538139418
esp_aves2_sl_beats_bio,PITAZU,proto_probe,minute,INCT17,178,0.8867613439016708
esp_aves2_sl_beats_bio,PITAZU,proto_probe,minute,INCT20955,0,
esp_aves2_sl_beats_bio,PITAZU,proto_probe,minute,INCT4,0,
esp_aves2_sl_beats_bio,PITAZU,proto_probe,minute,INCT41,9,0.03397715550753026
esp_aves2_sl_eat_all_ssl_all,PITAZU,logistic,fenetre,INCT17,1445,0.49921532865521
esp_aves2_sl_eat_all_ssl_all,PITAZU,logistic,fenetre,INCT20955,0,
esp_aves2_sl_eat_all_ssl_all,PITAZU,logistic,fenetre,INCT4,0,
esp_aves2_sl_eat_all_ssl_all,PITAZU,logistic,fenetre,INCT41,30,0.009594685351246326
esp_aves2_sl_eat_all_ssl_all,PITAZU,logistic+R37=glmm,fenetre,INCT17,1445,0.5317083887830034
esp_aves2_sl_eat_all_ssl_all,PITAZU,logistic+R37=glmm,fenetre,INCT20955,0,
esp_aves2_sl_eat_all_ssl_all,PITAZU,logistic+R37=glmm,fenetre,INCT4,0,
esp_aves2_sl_eat_all_ssl_all,PITAZU,logistic+R37=glmm,fenetre,INCT41,30,0.009089475618079313
esp_aves2_sl_eat_all_ssl_all,PITAZU,lda_shrunk,fenetre,INCT17,1445,0.5511202217575438
esp_aves2_sl_eat_all_ssl_all,PITAZU,lda_shrunk,fenetre,INCT20955,0,
esp_aves2_sl_eat_all_ssl_all,PITAZU,lda_shrunk,fenetre,INCT4,0,
esp_aves2_sl_eat_all_ssl_all,PITAZU,lda_shrunk,fenetre,INCT41,30,0.010009799200846586
esp_aves2_sl_eat_all_ssl_all,PITAZU,simple_prototype,fenetre,INCT17,1445,0.35286954124283726
esp_aves2_sl_eat_all_ssl_all,PITAZU,simple_prototype,fenetre,INCT20955,0,
esp_aves2_sl_eat_all_ssl_all,PITAZU,simple_prototype,fenetre,INCT4,0,
esp_aves2_sl_eat_all_ssl_all,PITAZU,simple_prototype,fenetre,INCT41,30,0.012305531115886658
esp_aves2_sl_eat_all_ssl_all,PITAZU,attentive,fenetre,INCT17,1445,0.40286356579872273
esp_aves2_sl_eat_all_ssl_all,PITAZU,attentive,fenetre,INCT20955,0,
esp_aves2_sl_eat_all_ssl_all,PITAZU,attentive,fenetre,INCT4,0,
esp_aves2_sl_eat_all_ssl_all,PITAZU,attentive,fenetre,INCT41,30,0.007160761240424156
esp_aves2_sl_eat_all_ssl_all,PITAZU,logistic:max,fenetre,INCT17,1445,0.34445702996932437
esp_aves2_sl_eat_all_ssl_all,PITAZU,logistic:max,fenetre,INCT20955,0,
esp_aves2_sl_eat_all_ssl_all,PITAZU,logistic:max,fenetre,INCT4,0,
esp_aves2_sl_eat_all_ssl_all,PITAZU,logistic:max,fenetre,INCT41,30,0.005526300997511246
esp_aves2_sl_eat_all_ssl_all,PITAZU,proto_probe,fenetre,INCT17,1445,0.4437582342918669
esp_aves2_sl_eat_all_ssl_all,PITAZU,proto_probe,fenetre,INCT20955,0,
esp_aves2_sl_eat_all_ssl_all,PITAZU,proto_probe,fenetre,INCT4,0,
esp_aves2_sl_eat_all_ssl_all,PITAZU,proto_probe,fenetre,INCT41,30,0.007542943860103296
esp_aves2_sl_eat_all_ssl_all,PITAZU,logistic,minute,INCT17,178,0.6737479676111027
esp_aves2_sl_eat_all_ssl_all,PITAZU,logistic,minute,INCT20955,0,
esp_aves2_sl_eat_all_ssl_all,PITAZU,logistic,minute,INCT4,0,
esp_aves2_sl_eat_all_ssl_all,PITAZU,logistic,minute,INCT41,9,0.04793180329082264
esp_aves2_sl_eat_all_ssl_all,PITAZU,logistic+R37=glmm,minute,INCT17,178,0.7017782414055853
esp_aves2_sl_eat_all_ssl_all,PITAZU,logistic+R37=glmm,minute,INCT20955,0,
esp_aves2_sl_eat_all_ssl_all,PITAZU,logistic+R37=glmm,minute,INCT4,0,
esp_aves2_sl_eat_all_ssl_all,PITAZU,logistic+R37=glmm,minute,INCT41,9,0.06597074836309622
esp_aves2_sl_eat_all_ssl_all,PITAZU,lda_shrunk,minute,INCT17,178,0.7287056559742686
esp_aves2_sl_eat_all_ssl_all,PITAZU,lda_shrunk,minute,INCT20955,0,
esp_aves2_sl_eat_all_ssl_all,PITAZU,lda_shrunk,minute,INCT4,0,
esp_aves2_sl_eat_all_ssl_all,PITAZU,lda_shrunk,minute,INCT41,9,0.030590787173862145
esp_aves2_sl_eat_all_ssl_all,PITAZU,simple_prototype,minute,INCT17,178,0.5403549314645395
esp_aves2_sl_eat_all_ssl_all,PITAZU,simple_prototype,minute,INCT20955,0,
esp_aves2_sl_eat_all_ssl_all,PITAZU,simple_prototype,minute,INCT4,0,
esp_aves2_sl_eat_all_ssl_all,PITAZU,simple_prototype,minute,INCT41,9,0.043477811145353006
esp_aves2_sl_eat_all_ssl_all,PITAZU,attentive,minute,INCT17,178,0.565908286661174
esp_aves2_sl_eat_all_ssl_all,PITAZU,attentive,minute,INCT20955,0,
esp_aves2_sl_eat_all_ssl_all,PITAZU,attentive,minute,INCT4,0,
esp_aves2_sl_eat_all_ssl_all,PITAZU,attentive,minute,INCT41,9,0.032718851064934315
esp_aves2_sl_eat_all_ssl_all,PITAZU,logistic:max,minute,INCT17,178,0.48319488842744324
esp_aves2_sl_eat_all_ssl_all,PITAZU,logistic:max,minute,INCT20955,0,
esp_aves2_sl_eat_all_ssl_all,PITAZU,logistic:max,minute,INCT4,0,
esp_aves2_sl_eat_all_ssl_all,PITAZU,logistic:max,minute,INCT41,9,0.07884133691125722
esp_aves2_sl_eat_all_ssl_all,PITAZU,proto_probe,minute,INCT17,178,0.5991318510360494
esp_aves2_sl_eat_all_ssl_all,PITAZU,proto_probe,minute,INCT20955,0,
esp_aves2_sl_eat_all_ssl_all,PITAZU,proto_probe,minute,INCT4,0,
esp_aves2_sl_eat_all_ssl_all,PITAZU,proto_probe,minute,INCT41,9,0.09009873310404391
esp_aves2_sl_eat_bio_ssl_all,PITAZU,logistic,fenetre,INCT17,1445,0.6050808560104475
esp_aves2_sl_eat_bio_ssl_all,PITAZU,logistic,fenetre,INCT20955,0,
esp_aves2_sl_eat_bio_ssl_all,PITAZU,logistic,fenetre,INCT4,0,
esp_aves2_sl_eat_bio_ssl_all,PITAZU,logistic,fenetre,INCT41,30,0.014451070230554579
esp_aves2_sl_eat_bio_ssl_all,PITAZU,logistic+R37=glmm,fenetre,INCT17,1445,0.6287476140803823
esp_aves2_sl_eat_bio_ssl_all,PITAZU,logistic+R37=glmm,fenetre,INCT20955,0,
esp_aves2_sl_eat_bio_ssl_all,PITAZU,logistic+R37=glmm,fenetre,INCT4,0,
esp_aves2_sl_eat_bio_ssl_all,PITAZU,logistic+R37=glmm,fenetre,INCT41,30,0.014656730721210537
esp_aves2_sl_eat_bio_ssl_all,PITAZU,lda_shrunk,fenetre,INCT17,1445,0.6177787246033177
esp_aves2_sl_eat_bio_ssl_all,PITAZU,lda_shrunk,fenetre,INCT20955,0,
esp_aves2_sl_eat_bio_ssl_all,PITAZU,lda_shrunk,fenetre,INCT4,0,
esp_aves2_sl_eat_bio_ssl_all,PITAZU,lda_shrunk,fenetre,INCT41,30,0.024779446224965418
esp_aves2_sl_eat_bio_ssl_all,PITAZU,simple_prototype,fenetre,INCT17,1445,0.6505328746623631
esp_aves2_sl_eat_bio_ssl_all,PITAZU,simple_prototype,fenetre,INCT20955,0,
esp_aves2_sl_eat_bio_ssl_all,PITAZU,simple_prototype,fenetre,INCT4,0,
esp_aves2_sl_eat_bio_ssl_all,PITAZU,simple_prototype,fenetre,INCT41,30,0.07169471936996326
esp_aves2_sl_eat_bio_ssl_all,PITAZU,attentive,fenetre,INCT17,1445,0.516727787864229
esp_aves2_sl_eat_bio_ssl_all,PITAZU,attentive,fenetre,INCT20955,0,
esp_aves2_sl_eat_bio_ssl_all,PITAZU,attentive,fenetre,INCT4,0,
esp_aves2_sl_eat_bio_ssl_all,PITAZU,attentive,fenetre,INCT41,30,0.012492343892619774
esp_aves2_sl_eat_bio_ssl_all,PITAZU,logistic:max,fenetre,INCT17,1445,0.5482647005701056
esp_aves2_sl_eat_bio_ssl_all,PITAZU,logistic:max,fenetre,INCT20955,0,
esp_aves2_sl_eat_bio_ssl_all,PITAZU,logistic:max,fenetre,INCT4,0,
esp_aves2_sl_eat_bio_ssl_all,PITAZU,logistic:max,fenetre,INCT41,30,0.010595630537590887
esp_aves2_sl_eat_bio_ssl_all,PITAZU,proto_probe,fenetre,INCT17,1445,0.6194653281136958
esp_aves2_sl_eat_bio_ssl_all,PITAZU,proto_probe,fenetre,INCT20955,0,
esp_aves2_sl_eat_bio_ssl_all,PITAZU,proto_probe,fenetre,INCT4,0,
esp_aves2_sl_eat_bio_ssl_all,PITAZU,proto_probe,fenetre,INCT41,30,0.011745736126761004
esp_aves2_sl_eat_bio_ssl_all,PITAZU,logistic,minute,INCT17,178,0.7519912558009769
esp_aves2_sl_eat_bio_ssl_all,PITAZU,logistic,minute,INCT20955,0,
esp_aves2_sl_eat_bio_ssl_all,PITAZU,logistic,minute,INCT4,0,
esp_aves2_sl_eat_bio_ssl_all,PITAZU,logistic,minute,INCT41,9,0.06601410174192289
esp_aves2_sl_eat_bio_ssl_all,PITAZU,logistic+R37=glmm,minute,INCT17,178,0.7647865025049079
esp_aves2_sl_eat_bio_ssl_all,PITAZU,logistic+R37=glmm,minute,INCT20955,0,
esp_aves2_sl_eat_bio_ssl_all,PITAZU,logistic+R37=glmm,minute,INCT4,0,
esp_aves2_sl_eat_bio_ssl_all,PITAZU,logistic+R37=glmm,minute,INCT41,9,0.0644689588352811
esp_aves2_sl_eat_bio_ssl_all,PITAZU,lda_shrunk,minute,INCT17,178,0.7973830453676115
esp_aves2_sl_eat_bio_ssl_all,PITAZU,lda_shrunk,minute,INCT20955,0,
esp_aves2_sl_eat_bio_ssl_all,PITAZU,lda_shrunk,minute,INCT4,0,
esp_aves2_sl_eat_bio_ssl_all,PITAZU,lda_shrunk,minute,INCT41,9,0.11118828353881884
esp_aves2_sl_eat_bio_ssl_all,PITAZU,simple_prototype,minute,INCT17,178,0.7767048896166397
esp_aves2_sl_eat_bio_ssl_all,PITAZU,simple_prototype,minute,INCT20955,0,
esp_aves2_sl_eat_bio_ssl_all,PITAZU,simple_prototype,minute,INCT4,0,
esp_aves2_sl_eat_bio_ssl_all,PITAZU,simple_prototype,minute,INCT41,9,0.35096421027495567
esp_aves2_sl_eat_bio_ssl_all,PITAZU,attentive,minute,INCT17,178,0.6530304121772962
esp_aves2_sl_eat_bio_ssl_all,PITAZU,attentive,minute,INCT20955,0,
esp_aves2_sl_eat_bio_ssl_all,PITAZU,attentive,minute,INCT4,0,
esp_aves2_sl_eat_bio_ssl_all,PITAZU,attentive,minute,INCT41,9,0.04499225132793627
esp_aves2_sl_eat_bio_ssl_all,PITAZU,logistic:max,minute,INCT17,178,0.7052376495695979
esp_aves2_sl_eat_bio_ssl_all,PITAZU,logistic:max,minute,INCT20955,0,
esp_aves2_sl_eat_bio_ssl_all,PITAZU,logistic:max,minute,INCT4,0,
esp_aves2_sl_eat_bio_ssl_all,PITAZU,logistic:max,minute,INCT41,9,0.0440632397495523
esp_aves2_sl_eat_bio_ssl_all,PITAZU,proto_probe,minute,INCT17,178,0.7646726286656869
esp_aves2_sl_eat_bio_ssl_all,PITAZU,proto_probe,minute,INCT20955,0,
esp_aves2_sl_eat_bio_ssl_all,PITAZU,proto_probe,minute,INCT4,0,
esp_aves2_sl_eat_bio_ssl_all,PITAZU,proto_probe,minute,INCT41,9,0.06890658482428204
insect459,PITAZU,logistic,fenetre,INCT17,1392,0.4126388278806982
insect459,PITAZU,logistic,fenetre,INCT20955,0,
insect459,PITAZU,logistic,fenetre,INCT4,0,
insect459,PITAZU,logistic,fenetre,INCT41,31,0.006119481033130994
insect459,PITAZU,logistic+R37=glmm,fenetre,INCT17,1392,0.4128368257928885
insect459,PITAZU,logistic+R37=glmm,fenetre,INCT20955,0,
insect459,PITAZU,logistic+R37=glmm,fenetre,INCT4,0,
insect459,PITAZU,logistic+R37=glmm,fenetre,INCT41,31,0.005997366872551052
insect459,PITAZU,lda_shrunk,fenetre,INCT17,1392,0.3967623656586602
insect459,PITAZU,lda_shrunk,fenetre,INCT20955,0,
insect459,PITAZU,lda_shrunk,fenetre,INCT4,0,
insect459,PITAZU,lda_shrunk,fenetre,INCT41,31,0.006396687120138435
insect459,PITAZU,simple_prototype,fenetre,INCT17,1392,0.3222235795165214
insect459,PITAZU,simple_prototype,fenetre,INCT20955,0,
insect459,PITAZU,simple_prototype,fenetre,INCT4,0,
insect459,PITAZU,simple_prototype,fenetre,INCT41,31,0.01532513977766465
insect459,PITAZU,logistic,minute,INCT17,178,0.5801229400519465
insect459,PITAZU,logistic,minute,INCT20955,0,
insect459,PITAZU,logistic,minute,INCT4,0,
insect459,PITAZU,logistic,minute,INCT41,9,0.019692490418328074
insect459,PITAZU,logistic+R37=glmm,minute,INCT17,178,0.5800865203722559
insect459,PITAZU,logistic+R37=glmm,minute,INCT20955,0,
insect459,PITAZU,logistic+R37=glmm,minute,INCT4,0,
insect459,PITAZU,logistic+R37=glmm,minute,INCT41,9,0.0193526547437229
insect459,PITAZU,lda_shrunk,minute,INCT17,178,0.5828625634545981
insect459,PITAZU,lda_shrunk,minute,INCT20955,0,
insect459,PITAZU,lda_shrunk,minute,INCT4,0,
insect459,PITAZU,lda_shrunk,minute,INCT41,9,0.021089418703212105
insect459,PITAZU,simple_prototype,minute,INCT17,178,0.5003883563623883
insect459,PITAZU,simple_prototype,minute,INCT20955,0,
insect459,PITAZU,simple_prototype,minute,INCT4,0,
insect459,PITAZU,simple_prototype,minute,INCT41,9,0.05219030854479011
insect66,PITAZU,logistic,fenetre,INCT17,1392,0.35836281020212474
insect66,PITAZU,logistic,fenetre,INCT20955,0,
insect66,PITAZU,logistic,fenetre,INCT4,0,
insect66,PITAZU,logistic,fenetre,INCT41,31,0.00599071232077002
insect66,PITAZU,logistic+R37=glmm,fenetre,INCT17,1392,0.3577456730089985
insect66,PITAZU,logistic+R37=glmm,fenetre,INCT20955,0,
insect66,PITAZU,logistic+R37=glmm,fenetre,INCT4,0,
insect66,PITAZU,logistic+R37=glmm,fenetre,INCT41,31,0.005835223863365843
insect66,PITAZU,lda_shrunk,fenetre,INCT17,1392,0.36289788224425323
insect66,PITAZU,lda_shrunk,fenetre,INCT20955,0,
insect66,PITAZU,lda_shrunk,fenetre,INCT4,0,
insect66,PITAZU,lda_shrunk,fenetre,INCT41,31,0.005801374981547421
insect66,PITAZU,simple_prototype,fenetre,INCT17,1392,0.3845275826602287
insect66,PITAZU,simple_prototype,fenetre,INCT20955,0,
insect66,PITAZU,simple_prototype,fenetre,INCT4,0,
insect66,PITAZU,simple_prototype,fenetre,INCT41,31,0.010454378396974575
insect66,PITAZU,logistic,minute,INCT17,178,0.4992150148744069
insect66,PITAZU,logistic,minute,INCT20955,0,
insect66,PITAZU,logistic,minute,INCT4,0,
insect66,PITAZU,logistic,minute,INCT41,9,0.02393164935816809
insect66,PITAZU,logistic+R37=glmm,minute,INCT17,178,0.49645838702133804
insect66,PITAZU,logistic+R37=glmm,minute,INCT20955,0,
insect66,PITAZU,logistic+R37=glmm,minute,INCT4,0,
insect66,PITAZU,logistic+R37=glmm,minute,INCT41,9,0.020596985003533866
insect66,PITAZU,lda_shrunk,minute,INCT17,178,0.4874848323047186
insect66,PITAZU,lda_shrunk,minute,INCT20955,0,
insect66,PITAZU,lda_shrunk,minute,INCT4,0,
insect66,PITAZU,lda_shrunk,minute,INCT41,9,0.022296891725116983
insect66,PITAZU,simple_prototype,minute,INCT17,178,0.5350352894879691
insect66,PITAZU,simple_prototype,minute,INCT20955,0,
insect66,PITAZU,simple_prototype,minute,INCT4,0,
insect66,PITAZU,simple_prototype,minute,INCT41,9,0.03498936230217273
naturebeats,PITAZU,logistic,fenetre,INCT17,1445,0.45966197331945174
naturebeats,PITAZU,logistic,fenetre,INCT20955,0,
naturebeats,PITAZU,logistic,fenetre,INCT4,0,
naturebeats,PITAZU,logistic,fenetre,INCT41,30,0.07444869618968647
naturebeats,PITAZU,logistic+R37=glmm,fenetre,INCT17,1445,0.5001295573474049
naturebeats,PITAZU,logistic+R37=glmm,fenetre,INCT20955,0,
naturebeats,PITAZU,logistic+R37=glmm,fenetre,INCT4,0,
naturebeats,PITAZU,logistic+R37=glmm,fenetre,INCT41,30,0.06139470645450537
naturebeats,PITAZU,lda_shrunk,fenetre,INCT17,1445,0.5770388996585282
naturebeats,PITAZU,lda_shrunk,fenetre,INCT20955,0,
naturebeats,PITAZU,lda_shrunk,fenetre,INCT4,0,
naturebeats,PITAZU,lda_shrunk,fenetre,INCT41,30,0.010209195997735357
naturebeats,PITAZU,simple_prototype,fenetre,INCT17,1445,0.3521486967800184
naturebeats,PITAZU,simple_prototype,fenetre,INCT20955,0,
naturebeats,PITAZU,simple_prototype,fenetre,INCT4,0,
naturebeats,PITAZU,simple_prototype,fenetre,INCT41,30,0.016687882160838496
naturebeats,PITAZU,attentive,fenetre,INCT17,1445,0.5011803104601168
naturebeats,PITAZU,attentive,fenetre,INCT20955,0,
naturebeats,PITAZU,attentive,fenetre,INCT4,0,
naturebeats,PITAZU,attentive,fenetre,INCT41,30,0.005870214513196755
naturebeats,PITAZU,logistic:max,fenetre,INCT17,1445,0.5129463778247176
naturebeats,PITAZU,logistic:max,fenetre,INCT20955,0,
naturebeats,PITAZU,logistic:max,fenetre,INCT4,0,
naturebeats,PITAZU,logistic:max,fenetre,INCT41,30,0.06026501710585053
naturebeats,PITAZU,proto_probe,fenetre,INCT17,1445,0.5964299008933385
naturebeats,PITAZU,proto_probe,fenetre,INCT20955,0,
naturebeats,PITAZU,proto_probe,fenetre,INCT4,0,
naturebeats,PITAZU,proto_probe,fenetre,INCT41,30,0.14129868411672222
naturebeats,PITAZU,logistic,minute,INCT17,178,0.5849239024874205
naturebeats,PITAZU,logistic,minute,INCT20955,0,
naturebeats,PITAZU,logistic,minute,INCT4,0,
naturebeats,PITAZU,logistic,minute,INCT41,9,0.16970333073211225
naturebeats,PITAZU,logistic+R37=glmm,minute,INCT17,178,0.617178377620299
naturebeats,PITAZU,logistic+R37=glmm,minute,INCT20955,0,
naturebeats,PITAZU,logistic+R37=glmm,minute,INCT4,0,
naturebeats,PITAZU,logistic+R37=glmm,minute,INCT41,9,0.16544394619637734
naturebeats,PITAZU,lda_shrunk,minute,INCT17,178,0.7081674498930286
naturebeats,PITAZU,lda_shrunk,minute,INCT20955,0,
naturebeats,PITAZU,lda_shrunk,minute,INCT4,0,
naturebeats,PITAZU,lda_shrunk,minute,INCT41,9,0.03710110243995438
naturebeats,PITAZU,simple_prototype,minute,INCT17,178,0.5013332274421878
naturebeats,PITAZU,simple_prototype,minute,INCT20955,0,
naturebeats,PITAZU,simple_prototype,minute,INCT4,0,
naturebeats,PITAZU,simple_prototype,minute,INCT41,9,0.05536732211002704
naturebeats,PITAZU,attentive,minute,INCT17,178,0.6132841361234762
naturebeats,PITAZU,attentive,minute,INCT20955,0,
naturebeats,PITAZU,attentive,minute,INCT4,0,
naturebeats,PITAZU,attentive,minute,INCT41,9,0.02470586756250419
naturebeats,PITAZU,logistic:max,minute,INCT17,178,0.646145039845723
naturebeats,PITAZU,logistic:max,minute,INCT20955,0,
naturebeats,PITAZU,logistic:max,minute,INCT4,0,
naturebeats,PITAZU,logistic:max,minute,INCT41,9,0.1667489406379858
naturebeats,PITAZU,proto_probe,minute,INCT17,178,0.7373880650050395
naturebeats,PITAZU,proto_probe,minute,INCT20955,0,
naturebeats,PITAZU,proto_probe,minute,INCT4,0,
naturebeats,PITAZU,proto_probe,minute,INCT41,9,0.2871870006474346
perch_bird,PITAZU,logistic,fenetre,INCT17,1445,0.8199456133250486
perch_bird,PITAZU,logistic,fenetre,INCT20955,0,
perch_bird,PITAZU,logistic,fenetre,INCT4,0,
perch_bird,PITAZU,logistic,fenetre,INCT41,30,0.15387531499999418
perch_bird,PITAZU,logistic+R37=glmm,fenetre,INCT17,1445,0.821884905644307
perch_bird,PITAZU,logistic+R37=glmm,fenetre,INCT20955,0,
perch_bird,PITAZU,logistic+R37=glmm,fenetre,INCT4,0,
perch_bird,PITAZU,logistic+R37=glmm,fenetre,INCT41,30,0.16777651407474903
perch_bird,PITAZU,lda_shrunk,fenetre,INCT17,1445,0.7386221359696492
perch_bird,PITAZU,lda_shrunk,fenetre,INCT20955,0,
perch_bird,PITAZU,lda_shrunk,fenetre,INCT4,0,
perch_bird,PITAZU,lda_shrunk,fenetre,INCT41,30,0.009731155107027666
perch_bird,PITAZU,logistic,minute,INCT17,178,0.9005866183511497
perch_bird,PITAZU,logistic,minute,INCT20955,0,
perch_bird,PITAZU,logistic,minute,INCT4,0,
perch_bird,PITAZU,logistic,minute,INCT41,9,0.32169052215735033
perch_bird,PITAZU,logistic+R37=glmm,minute,INCT17,178,0.901626543936246
perch_bird,PITAZU,logistic+R37=glmm,minute,INCT20955,0,
perch_bird,PITAZU,logistic+R37=glmm,minute,INCT4,0,
perch_bird,PITAZU,logistic+R37=glmm,minute,INCT41,9,0.3622222460123847
perch_bird,PITAZU,lda_shrunk,minute,INCT17,178,0.851223739717992
perch_bird,PITAZU,lda_shrunk,minute,INCT20955,0,
perch_bird,PITAZU,lda_shrunk,minute,INCT4,0,
perch_bird,PITAZU,lda_shrunk,minute,INCT41,9,0.05069667250358087
perch_v2,PITAZU,logistic,fenetre,INCT17,1445,0.8074556859200283
perch_v2,PITAZU,logistic,fenetre,INCT20955,0,
perch_v2,PITAZU,logistic,fenetre,INCT4,0,
perch_v2,PITAZU,logistic,fenetre,INCT41,30,0.07232859245071283
perch_v2,PITAZU,logistic+R37=glmm,fenetre,INCT17,1445,0.8410875339717011
perch_v2,PITAZU,logistic+R37=glmm,fenetre,INCT20955,0,
perch_v2,PITAZU,logistic+R37=glmm,fenetre,INCT4,0,
perch_v2,PITAZU,logistic+R37=glmm,fenetre,INCT41,30,0.0776681377119359
perch_v2,PITAZU,lda_shrunk,fenetre,INCT17,1445,0.6816697984156568
perch_v2,PITAZU,lda_shrunk,fenetre,INCT20955,0,
perch_v2,PITAZU,lda_shrunk,fenetre,INCT4,0,
perch_v2,PITAZU,lda_shrunk,fenetre,INCT41,30,0.009768879674549
perch_v2,PITAZU,simple_prototype,fenetre,INCT17,1445,0.551752960332603
perch_v2,PITAZU,simple_prototype,fenetre,INCT20955,0,
perch_v2,PITAZU,simple_prototype,fenetre,INCT4,0,
perch_v2,PITAZU,simple_prototype,fenetre,INCT41,30,0.16492273288706408
perch_v2,PITAZU,attentive,fenetre,INCT17,1445,0.6699309123266242
perch_v2,PITAZU,attentive,fenetre,INCT20955,0,
perch_v2,PITAZU,attentive,fenetre,INCT4,0,
perch_v2,PITAZU,attentive,fenetre,INCT41,30,0.060977555893094504
perch_v2,PITAZU,logistic:max,fenetre,INCT17,1445,0.5414942334213746
perch_v2,PITAZU,logistic:max,fenetre,INCT20955,0,
perch_v2,PITAZU,logistic:max,fenetre,INCT4,0,
perch_v2,PITAZU,logistic:max,fenetre,INCT41,30,0.12330417045318086
perch_v2,PITAZU,proto_probe,fenetre,INCT17,1445,0.7111464241337543
perch_v2,PITAZU,proto_probe,fenetre,INCT20955,0,
perch_v2,PITAZU,proto_probe,fenetre,INCT4,0,
perch_v2,PITAZU,proto_probe,fenetre,INCT41,30,0.14584407849409134
perch_v2,PITAZU,logistic,minute,INCT17,178,0.8623584362391359
perch_v2,PITAZU,logistic,minute,INCT20955,0,
perch_v2,PITAZU,logistic,minute,INCT4,0,
perch_v2,PITAZU,logistic,minute,INCT41,9,0.15139990828396624
perch_v2,PITAZU,logistic+R37=glmm,minute,INCT17,178,0.8825781961248182
perch_v2,PITAZU,logistic+R37=glmm,minute,INCT20955,0,
perch_v2,PITAZU,logistic+R37=glmm,minute,INCT4,0,
perch_v2,PITAZU,logistic+R37=glmm,minute,INCT41,9,0.16257745472224255
perch_v2,PITAZU,lda_shrunk,minute,INCT17,178,0.7858358021138026
perch_v2,PITAZU,lda_shrunk,minute,INCT20955,0,
perch_v2,PITAZU,lda_shrunk,minute,INCT4,0,
perch_v2,PITAZU,lda_shrunk,minute,INCT41,9,0.03531122754646449
perch_v2,PITAZU,simple_prototype,minute,INCT17,178,0.7086585267993701
perch_v2,PITAZU,simple_prototype,minute,INCT20955,0,
perch_v2,PITAZU,simple_prototype,minute,INCT4,0,
perch_v2,PITAZU,simple_prototype,minute,INCT41,9,0.3771783220082285
perch_v2,PITAZU,attentive,minute,INCT17,178,0.7725267470299091
perch_v2,PITAZU,attentive,minute,INCT20955,0,
perch_v2,PITAZU,attentive,minute,INCT4,0,
perch_v2,PITAZU,attentive,minute,INCT41,9,0.1897284455378706
perch_v2,PITAZU,logistic:max,minute,INCT17,178,0.6591689028928199
perch_v2,PITAZU,logistic:max,minute,INCT20955,0,
perch_v2,PITAZU,logistic:max,minute,INCT4,0,
perch_v2,PITAZU,logistic:max,minute,INCT41,9,0.2691758163999435
perch_v2,PITAZU,proto_probe,minute,INCT17,178,0.8447077529811673
perch_v2,PITAZU,proto_probe,minute,INCT20955,0,
perch_v2,PITAZU,proto_probe,minute,INCT4,0,
perch_v2,PITAZU,proto_probe,minute,INCT41,9,0.3731077409796838
protoclr,PITAZU,logistic,fenetre,INCT17,1218,0.3043172531368441
protoclr,PITAZU,logistic,fenetre,INCT20955,0,
protoclr,PITAZU,logistic,fenetre,INCT4,0,
protoclr,PITAZU,logistic,fenetre,INCT41,29,0.005340780362497056
protoclr,PITAZU,logistic+R37=glmm,fenetre,INCT17,1218,0.3037484909418561
protoclr,PITAZU,logistic+R37=glmm,fenetre,INCT20955,0,
protoclr,PITAZU,logistic+R37=glmm,fenetre,INCT4,0,
protoclr,PITAZU,logistic+R37=glmm,fenetre,INCT41,29,0.005311230278137832
protoclr,PITAZU,lda_shrunk,fenetre,INCT17,1218,0.4369956017787747
protoclr,PITAZU,lda_shrunk,fenetre,INCT20955,0,
protoclr,PITAZU,lda_shrunk,fenetre,INCT4,0,
protoclr,PITAZU,lda_shrunk,fenetre,INCT41,29,0.006907401260194128
protoclr,PITAZU,logistic,minute,INCT17,178,0.43782660833617976
protoclr,PITAZU,logistic,minute,INCT20955,0,
protoclr,PITAZU,logistic,minute,INCT4,0,
protoclr,PITAZU,logistic,minute,INCT41,9,0.021487949281952544
protoclr,PITAZU,logistic+R37=glmm,minute,INCT17,178,0.4414654022175858
protoclr,PITAZU,logistic+R37=glmm,minute,INCT20955,0,
protoclr,PITAZU,logistic+R37=glmm,minute,INCT4,0,
protoclr,PITAZU,logistic+R37=glmm,minute,INCT41,9,0.021349397377924503
protoclr,PITAZU,lda_shrunk,minute,INCT17,178,0.6029367299070166
protoclr,PITAZU,lda_shrunk,minute,INCT20955,0,
protoclr,PITAZU,lda_shrunk,minute,INCT4,0,
protoclr,PITAZU,lda_shrunk,minute,INCT41,9,0.024933150059253794
rcl_fs_bsed,PITAZU,logistic,fenetre,INCT17,27984,0.3805710301693911
rcl_fs_bsed,PITAZU,logistic,fenetre,INCT20955,0,
rcl_fs_bsed,PITAZU,logistic,fenetre,INCT4,0,
rcl_fs_bsed,PITAZU,logistic,fenetre,INCT41,53,0.0005899524253746205
rcl_fs_bsed,PITAZU,logistic+R37=glmm,fenetre,INCT17,27984,0.381585886905282
rcl_fs_bsed,PITAZU,logistic+R37=glmm,fenetre,INCT20955,0,
rcl_fs_bsed,PITAZU,logistic+R37=glmm,fenetre,INCT4,0,
rcl_fs_bsed,PITAZU,logistic+R37=glmm,fenetre,INCT41,53,0.0005898759791666129
rcl_fs_bsed,PITAZU,lda_shrunk,fenetre,INCT17,27984,0.44441517291636007
rcl_fs_bsed,PITAZU,lda_shrunk,fenetre,INCT20955,0,
rcl_fs_bsed,PITAZU,lda_shrunk,fenetre,INCT4,0,
rcl_fs_bsed,PITAZU,lda_shrunk,fenetre,INCT41,53,0.0007203397679368758
rcl_fs_bsed,PITAZU,simple_prototype,fenetre,INCT17,27984,0.23931592764864684
rcl_fs_bsed,PITAZU,simple_prototype,fenetre,INCT20955,0,
rcl_fs_bsed,PITAZU,simple_prototype,fenetre,INCT4,0,
rcl_fs_bsed,PITAZU,simple_prototype,fenetre,INCT41,53,0.0008539505550002771
rcl_fs_bsed,PITAZU,logistic,minute,INCT17,178,0.7174431529460878
rcl_fs_bsed,PITAZU,logistic,minute,INCT20955,0,
rcl_fs_bsed,PITAZU,logistic,minute,INCT4,0,
rcl_fs_bsed,PITAZU,logistic,minute,INCT41,9,0.13375052433557885
rcl_fs_bsed,PITAZU,logistic+R37=glmm,minute,INCT17,178,0.7179191441831286
rcl_fs_bsed,PITAZU,logistic+R37=glmm,minute,INCT20955,0,
rcl_fs_bsed,PITAZU,logistic+R37=glmm,minute,INCT4,0,
rcl_fs_bsed,PITAZU,logistic+R37=glmm,minute,INCT41,9,0.1337906364323285
rcl_fs_bsed,PITAZU,lda_shrunk,minute,INCT17,178,0.7523517923986356
rcl_fs_bsed,PITAZU,lda_shrunk,minute,INCT20955,0,
rcl_fs_bsed,PITAZU,lda_shrunk,minute,INCT4,0,
rcl_fs_bsed,PITAZU,lda_shrunk,minute,INCT41,9,0.14313986533457326
rcl_fs_bsed,PITAZU,simple_prototype,minute,INCT17,178,0.5352099507950439
rcl_fs_bsed,PITAZU,simple_prototype,minute,INCT20955,0,
rcl_fs_bsed,PITAZU,simple_prototype,minute,INCT4,0,
rcl_fs_bsed,PITAZU,simple_prototype,minute,INCT41,9,0.11142385604237035
audioprotopnet,PHYCUV,logistic,fenetre,INCT17,99,0.8579600331907574
audioprotopnet,PHYCUV,logistic,fenetre,INCT20955,383,0.8118111293479667
audioprotopnet,PHYCUV,logistic,fenetre,INCT4,0,
audioprotopnet,PHYCUV,logistic,fenetre,INCT41,502,0.9433001758913765
audioprotopnet,PHYCUV,logistic+R37=glmm,fenetre,INCT17,99,0.8575292220404828
audioprotopnet,PHYCUV,logistic+R37=glmm,fenetre,INCT20955,383,0.8114609398493555
audioprotopnet,PHYCUV,logistic+R37=glmm,fenetre,INCT4,0,
audioprotopnet,PHYCUV,logistic+R37=glmm,fenetre,INCT41,502,0.9437410357195467
audioprotopnet,PHYCUV,lda_shrunk,fenetre,INCT17,99,0.8250233667838002
audioprotopnet,PHYCUV,lda_shrunk,fenetre,INCT20955,383,0.762840141404406
audioprotopnet,PHYCUV,lda_shrunk,fenetre,INCT4,0,
audioprotopnet,PHYCUV,lda_shrunk,fenetre,INCT41,502,0.9514228089662407
audioprotopnet,PHYCUV,simple_prototype,fenetre,INCT17,99,0.13490489616163892
audioprotopnet,PHYCUV,simple_prototype,fenetre,INCT20955,383,0.16837619212595825
audioprotopnet,PHYCUV,simple_prototype,fenetre,INCT4,0,
audioprotopnet,PHYCUV,simple_prototype,fenetre,INCT41,502,0.3200526416449706
audioprotopnet,PHYCUV,logistic,minute,INCT17,31,0.9614152603063891
audioprotopnet,PHYCUV,logistic,minute,INCT20955,77,0.968911823555285
audioprotopnet,PHYCUV,logistic,minute,INCT4,0,
audioprotopnet,PHYCUV,logistic,minute,INCT41,76,0.9812878344478967
audioprotopnet,PHYCUV,logistic+R37=glmm,minute,INCT17,31,0.9614890776181098
audioprotopnet,PHYCUV,logistic+R37=glmm,minute,INCT20955,77,0.9690798630444422
audioprotopnet,PHYCUV,logistic+R37=glmm,minute,INCT4,0,
audioprotopnet,PHYCUV,logistic+R37=glmm,minute,INCT41,76,0.9809666021007215
audioprotopnet,PHYCUV,lda_shrunk,minute,INCT17,31,0.9400432563125409
audioprotopnet,PHYCUV,lda_shrunk,minute,INCT20955,77,0.9583573970383336
audioprotopnet,PHYCUV,lda_shrunk,minute,INCT4,0,
audioprotopnet,PHYCUV,lda_shrunk,minute,INCT41,76,0.9869691573671262
audioprotopnet,PHYCUV,simple_prototype,minute,INCT17,31,0.2521622989253193
audioprotopnet,PHYCUV,simple_prototype,minute,INCT20955,77,0.29418534186470713
audioprotopnet,PHYCUV,simple_prototype,minute,INCT4,0,
audioprotopnet,PHYCUV,simple_prototype,minute,INCT41,76,0.44344739713132664
beats,PHYCUV,logistic,fenetre,INCT17,99,0.10387570391190652
beats,PHYCUV,logistic,fenetre,INCT20955,383,0.4036403525555656
beats,PHYCUV,logistic,fenetre,INCT4,0,
beats,PHYCUV,logistic,fenetre,INCT41,502,0.4233807730862985
beats,PHYCUV,logistic+R37=glmm,fenetre,INCT17,99,0.10531042420656812
beats,PHYCUV,logistic+R37=glmm,fenetre,INCT20955,383,0.39039692805386267
beats,PHYCUV,logistic+R37=glmm,fenetre,INCT4,0,
beats,PHYCUV,logistic+R37=glmm,fenetre,INCT41,502,0.42535071782000766
beats,PHYCUV,lda_shrunk,fenetre,INCT17,99,0.18220944853274962
beats,PHYCUV,lda_shrunk,fenetre,INCT20955,383,0.3862082144490623
beats,PHYCUV,lda_shrunk,fenetre,INCT4,0,
beats,PHYCUV,lda_shrunk,fenetre,INCT41,502,0.5468738776566193
beats,PHYCUV,simple_prototype,fenetre,INCT17,99,0.03255398759034221
beats,PHYCUV,simple_prototype,fenetre,INCT20955,383,0.0573470396710591
beats,PHYCUV,simple_prototype,fenetre,INCT4,0,
beats,PHYCUV,simple_prototype,fenetre,INCT41,502,0.18482523566753697
beats,PHYCUV,attentive,fenetre,INCT17,99,0.10273111692049716
beats,PHYCUV,attentive,fenetre,INCT20955,383,0.511813397936675
beats,PHYCUV,attentive,fenetre,INCT4,0,
beats,PHYCUV,attentive,fenetre,INCT41,502,0.5775992390146337
beats,PHYCUV,logistic:max,fenetre,INCT17,99,0.09517916128881239
beats,PHYCUV,logistic:max,fenetre,INCT20955,383,0.42589771323236425
beats,PHYCUV,logistic:max,fenetre,INCT4,0,
beats,PHYCUV,logistic:max,fenetre,INCT41,502,0.43580928822888165
beats,PHYCUV,proto_probe,fenetre,INCT17,99,0.21986047616804238
beats,PHYCUV,proto_probe,fenetre,INCT20955,383,0.5910032269465123
beats,PHYCUV,proto_probe,fenetre,INCT4,0,
beats,PHYCUV,proto_probe,fenetre,INCT41,502,0.56871931885849
beats,PHYCUV,logistic,minute,INCT17,31,0.18482931974861322
beats,PHYCUV,logistic,minute,INCT20955,77,0.46196076615095166
beats,PHYCUV,logistic,minute,INCT4,0,
beats,PHYCUV,logistic,minute,INCT41,76,0.48138706571294987
beats,PHYCUV,logistic+R37=glmm,minute,INCT17,31,0.18671921219547294
beats,PHYCUV,logistic+R37=glmm,minute,INCT20955,77,0.45640033436120564
beats,PHYCUV,logistic+R37=glmm,minute,INCT4,0,
beats,PHYCUV,logistic+R37=glmm,minute,INCT41,76,0.4863429525002351
beats,PHYCUV,lda_shrunk,minute,INCT17,31,0.29672859368798643
beats,PHYCUV,lda_shrunk,minute,INCT20955,77,0.5180787622447792
beats,PHYCUV,lda_shrunk,minute,INCT4,0,
beats,PHYCUV,lda_shrunk,minute,INCT41,76,0.6082711839488458
beats,PHYCUV,simple_prototype,minute,INCT17,31,0.11226531128790877
beats,PHYCUV,simple_prototype,minute,INCT20955,77,0.15759665265315265
beats,PHYCUV,simple_prototype,minute,INCT4,0,
beats,PHYCUV,simple_prototype,minute,INCT41,76,0.3037701738024761
beats,PHYCUV,attentive,minute,INCT17,31,0.1797138212346949
beats,PHYCUV,attentive,minute,INCT20955,77,0.5803031036465582
beats,PHYCUV,attentive,minute,INCT4,0,
beats,PHYCUV,attentive,minute,INCT41,76,0.6361593430338606
beats,PHYCUV,logistic:max,minute,INCT17,31,0.18491014221827382
beats,PHYCUV,logistic:max,minute,INCT20955,77,0.47621285619378695
beats,PHYCUV,logistic:max,minute,INCT4,0,
beats,PHYCUV,logistic:max,minute,INCT41,76,0.4924959981521704
beats,PHYCUV,proto_probe,minute,INCT17,31,0.4189279586748881
beats,PHYCUV,proto_probe,minute,INCT20955,77,0.6343149630384579
beats,PHYCUV,proto_probe,minute,INCT4,0,
beats,PHYCUV,proto_probe,minute,INCT41,76,0.6244408717771198
birdmae_base,PHYCUV,logistic,fenetre,INCT17,99,0.11592652186143124
birdmae_base,PHYCUV,logistic,fenetre,INCT20955,383,0.4949839071160847
birdmae_base,PHYCUV,logistic,fenetre,INCT4,0,
birdmae_base,PHYCUV,logistic,fenetre,INCT41,502,0.6043402891625701
birdmae_base,PHYCUV,logistic+R37=glmm,fenetre,INCT17,99,0.11431660968533158
birdmae_base,PHYCUV,logistic+R37=glmm,fenetre,INCT20955,383,0.47770387445106993
birdmae_base,PHYCUV,logistic+R37=glmm,fenetre,INCT4,0,
birdmae_base,PHYCUV,logistic+R37=glmm,fenetre,INCT41,502,0.6134062159004311
birdmae_base,PHYCUV,lda_shrunk,fenetre,INCT17,99,0.18985636087972288
birdmae_base,PHYCUV,lda_shrunk,fenetre,INCT20955,383,0.5719665316832082
birdmae_base,PHYCUV,lda_shrunk,fenetre,INCT4,0,
birdmae_base,PHYCUV,lda_shrunk,fenetre,INCT41,502,0.7894924649806246
birdmae_base,PHYCUV,simple_prototype,fenetre,INCT17,99,0.0326975665511921
birdmae_base,PHYCUV,simple_prototype,fenetre,INCT20955,383,0.08276530963328833
birdmae_base,PHYCUV,simple_prototype,fenetre,INCT4,0,
birdmae_base,PHYCUV,simple_prototype,fenetre,INCT41,502,0.32977794146141926
birdmae_base,PHYCUV,attentive,fenetre,INCT17,99,0.3031328271861443
birdmae_base,PHYCUV,attentive,fenetre,INCT20955,383,0.6478737675019455
birdmae_base,PHYCUV,attentive,fenetre,INCT4,0,
birdmae_base,PHYCUV,attentive,fenetre,INCT41,502,0.687847067385628
birdmae_base,PHYCUV,logistic:max,fenetre,INCT17,99,0.11116600968232535
birdmae_base,PHYCUV,logistic:max,fenetre,INCT20955,383,0.4065508345462416
birdmae_base,PHYCUV,logistic:max,fenetre,INCT4,0,
birdmae_base,PHYCUV,logistic:max,fenetre,INCT41,502,0.5770985424141482
birdmae_base,PHYCUV,proto_probe,fenetre,INCT17,99,0.8285083685742798
birdmae_base,PHYCUV,proto_probe,fenetre,INCT20955,383,0.6320099726298593
birdmae_base,PHYCUV,proto_probe,fenetre,INCT4,0,
birdmae_base,PHYCUV,proto_probe,fenetre,INCT41,502,0.9295129105701728
birdmae_base,PHYCUV,logistic,minute,INCT17,31,0.32370793402091014
birdmae_base,PHYCUV,logistic,minute,INCT20955,77,0.6285425050052789
birdmae_base,PHYCUV,logistic,minute,INCT4,0,
birdmae_base,PHYCUV,logistic,minute,INCT41,76,0.6562109250484047
birdmae_base,PHYCUV,logistic+R37=glmm,minute,INCT17,31,0.32562445200787693
birdmae_base,PHYCUV,logistic+R37=glmm,minute,INCT20955,77,0.6099853691243229
birdmae_base,PHYCUV,logistic+R37=glmm,minute,INCT4,0,
birdmae_base,PHYCUV,logistic+R37=glmm,minute,INCT41,76,0.6633996208550951
birdmae_base,PHYCUV,lda_shrunk,minute,INCT17,31,0.43206433237588976
birdmae_base,PHYCUV,lda_shrunk,minute,INCT20955,77,0.6924109637404205
birdmae_base,PHYCUV,lda_shrunk,minute,INCT4,0,
birdmae_base,PHYCUV,lda_shrunk,minute,INCT41,76,0.7966314952833669
birdmae_base,PHYCUV,simple_prototype,minute,INCT17,31,0.11874151389877972
birdmae_base,PHYCUV,simple_prototype,minute,INCT20955,77,0.2184221026403365
birdmae_base,PHYCUV,simple_prototype,minute,INCT4,0,
birdmae_base,PHYCUV,simple_prototype,minute,INCT41,76,0.4010664744890656
birdmae_base,PHYCUV,attentive,minute,INCT17,31,0.637933163475195
birdmae_base,PHYCUV,attentive,minute,INCT20955,77,0.7746764161759468
birdmae_base,PHYCUV,attentive,minute,INCT4,0,
birdmae_base,PHYCUV,attentive,minute,INCT41,76,0.7556108636295837
birdmae_base,PHYCUV,logistic:max,minute,INCT17,31,0.2501608116206505
birdmae_base,PHYCUV,logistic:max,minute,INCT20955,77,0.6011306318583772
birdmae_base,PHYCUV,logistic:max,minute,INCT4,0,
birdmae_base,PHYCUV,logistic:max,minute,INCT41,76,0.6575089806822453
birdmae_base,PHYCUV,proto_probe,minute,INCT17,31,0.9339393970114148
birdmae_base,PHYCUV,proto_probe,minute,INCT20955,77,0.8343374437349476
birdmae_base,PHYCUV,proto_probe,minute,INCT4,0,
birdmae_base,PHYCUV,proto_probe,minute,INCT41,76,0.9564382235788433
birdmae_huge,PHYCUV,logistic,fenetre,INCT17,99,0.1449262557045919
birdmae_huge,PHYCUV,logistic,fenetre,INCT20955,383,0.5066643284267398
birdmae_huge,PHYCUV,logistic,fenetre,INCT4,0,
birdmae_huge,PHYCUV,logistic,fenetre,INCT41,502,0.7026969869507786
birdmae_huge,PHYCUV,logistic+R37=glmm,fenetre,INCT17,99,0.14812693016531372
birdmae_huge,PHYCUV,logistic+R37=glmm,fenetre,INCT20955,383,0.5040920882083697
birdmae_huge,PHYCUV,logistic+R37=glmm,fenetre,INCT4,0,
birdmae_huge,PHYCUV,logistic+R37=glmm,fenetre,INCT41,502,0.7068512756737239
birdmae_huge,PHYCUV,lda_shrunk,fenetre,INCT17,99,0.39391186275488765
birdmae_huge,PHYCUV,lda_shrunk,fenetre,INCT20955,383,0.45664865296695245
birdmae_huge,PHYCUV,lda_shrunk,fenetre,INCT4,0,
birdmae_huge,PHYCUV,lda_shrunk,fenetre,INCT41,502,0.8423286338068338
birdmae_huge,PHYCUV,logistic,minute,INCT17,31,0.3327787178919093
birdmae_huge,PHYCUV,logistic,minute,INCT20955,77,0.6636692723233992
birdmae_huge,PHYCUV,logistic,minute,INCT4,0,
birdmae_huge,PHYCUV,logistic,minute,INCT41,76,0.7724970483777348
birdmae_huge,PHYCUV,logistic+R37=glmm,minute,INCT17,31,0.3391371722889405
birdmae_huge,PHYCUV,logistic+R37=glmm,minute,INCT20955,77,0.6548276847957121
birdmae_huge,PHYCUV,logistic+R37=glmm,minute,INCT4,0,
birdmae_huge,PHYCUV,logistic+R37=glmm,minute,INCT41,76,0.7776520874031624
birdmae_huge,PHYCUV,lda_shrunk,minute,INCT17,31,0.6631461525115104
birdmae_huge,PHYCUV,lda_shrunk,minute,INCT20955,77,0.5905556792959807
birdmae_huge,PHYCUV,lda_shrunk,minute,INCT4,0,
birdmae_huge,PHYCUV,lda_shrunk,minute,INCT41,76,0.8850353436828211
birdmae_large,PHYCUV,logistic,fenetre,INCT17,99,0.12748336779581715
birdmae_large,PHYCUV,logistic,fenetre,INCT20955,383,0.5799171987527981
birdmae_large,PHYCUV,logistic,fenetre,INCT4,0,
birdmae_large,PHYCUV,logistic,fenetre,INCT41,502,0.5813260123234132
birdmae_large,PHYCUV,logistic+R37=glmm,fenetre,INCT17,99,0.1274255559784673
birdmae_large,PHYCUV,logistic+R37=glmm,fenetre,INCT20955,383,0.5479317132280401
birdmae_large,PHYCUV,logistic+R37=glmm,fenetre,INCT4,0,
birdmae_large,PHYCUV,logistic+R37=glmm,fenetre,INCT41,502,0.5860759230162336
birdmae_large,PHYCUV,lda_shrunk,fenetre,INCT17,99,0.3148025524610231
birdmae_large,PHYCUV,lda_shrunk,fenetre,INCT20955,383,0.6018442759488983
birdmae_large,PHYCUV,lda_shrunk,fenetre,INCT4,0,
birdmae_large,PHYCUV,lda_shrunk,fenetre,INCT41,502,0.8127150783007394
birdmae_large,PHYCUV,simple_prototype,fenetre,INCT17,99,0.02913650741205976
birdmae_large,PHYCUV,simple_prototype,fenetre,INCT20955,383,0.08376759670844847
birdmae_large,PHYCUV,simple_prototype,fenetre,INCT4,0,
birdmae_large,PHYCUV,simple_prototype,fenetre,INCT41,502,0.2144341736256299
birdmae_large,PHYCUV,attentive,fenetre,INCT17,99,0.30218911088041317
birdmae_large,PHYCUV,attentive,fenetre,INCT20955,383,0.7173103315082995
birdmae_large,PHYCUV,attentive,fenetre,INCT4,0,
birdmae_large,PHYCUV,attentive,fenetre,INCT41,502,0.6317909104842114
birdmae_large,PHYCUV,logistic:max,fenetre,INCT17,99,0.07893794410554215
birdmae_large,PHYCUV,logistic:max,fenetre,INCT20955,383,0.3883640944130741
birdmae_large,PHYCUV,logistic:max,fenetre,INCT4,0,
birdmae_large,PHYCUV,logistic:max,fenetre,INCT41,502,0.4692588717709797
birdmae_large,PHYCUV,proto_probe,fenetre,INCT17,99,0.7503015178462157
birdmae_large,PHYCUV,proto_probe,fenetre,INCT20955,383,0.6928390782002856
birdmae_large,PHYCUV,proto_probe,fenetre,INCT4,0,
birdmae_large,PHYCUV,proto_probe,fenetre,INCT41,502,0.9095860973930285
birdmae_large,PHYCUV,logistic,minute,INCT17,31,0.3136811881392532
birdmae_large,PHYCUV,logistic,minute,INCT20955,77,0.6895861306507143
birdmae_large,PHYCUV,logistic,minute,INCT4,0,
birdmae_large,PHYCUV,logistic,minute,INCT41,76,0.651812661350599
birdmae_large,PHYCUV,logistic+R37=glmm,minute,INCT17,31,0.31372266257396214
birdmae_large,PHYCUV,logistic+R37=glmm,minute,INCT20955,77,0.6597203042434733
birdmae_large,PHYCUV,logistic+R37=glmm,minute,INCT4,0,
birdmae_large,PHYCUV,logistic+R37=glmm,minute,INCT41,76,0.6556624378105367
birdmae_large,PHYCUV,lda_shrunk,minute,INCT17,31,0.5865719120135197
birdmae_large,PHYCUV,lda_shrunk,minute,INCT20955,77,0.7179549532529416
birdmae_large,PHYCUV,lda_shrunk,minute,INCT4,0,
birdmae_large,PHYCUV,lda_shrunk,minute,INCT41,76,0.8107952177668659
birdmae_large,PHYCUV,simple_prototype,minute,INCT17,31,0.09535088076869064
birdmae_large,PHYCUV,simple_prototype,minute,INCT20955,77,0.21959479947139937
birdmae_large,PHYCUV,simple_prototype,minute,INCT4,0,
birdmae_large,PHYCUV,simple_prototype,minute,INCT41,76,0.2875096676196574
birdmae_large,PHYCUV,attentive,minute,INCT17,31,0.6134179844620343
birdmae_large,PHYCUV,attentive,minute,INCT20955,77,0.7850633615168838
birdmae_large,PHYCUV,attentive,minute,INCT4,0,
birdmae_large,PHYCUV,attentive,minute,INCT41,76,0.7116442603271947
birdmae_large,PHYCUV,logistic:max,minute,INCT17,31,0.22447878405554803
birdmae_large,PHYCUV,logistic:max,minute,INCT20955,77,0.5805612492766092
birdmae_large,PHYCUV,logistic:max,minute,INCT4,0,
birdmae_large,PHYCUV,logistic:max,minute,INCT41,76,0.5555325825040276
birdmae_large,PHYCUV,proto_probe,minute,INCT17,31,0.9472674592288621
birdmae_large,PHYCUV,proto_probe,minute,INCT20955,77,0.8335374510725331
birdmae_large,PHYCUV,proto_probe,minute,INCT4,0,
birdmae_large,PHYCUV,proto_probe,minute,INCT41,76,0.936074957613686
birdnet,PHYCUV,logistic,fenetre,INCT17,164,0.6179605924063134
birdnet,PHYCUV,logistic,fenetre,INCT20955,680,0.42058271807297715
birdnet,PHYCUV,logistic,fenetre,INCT4,0,
birdnet,PHYCUV,logistic,fenetre,INCT41,830,0.8755492560459367
birdnet,PHYCUV,logistic+R37=glmm,fenetre,INCT17,164,0.6138178251562774
birdnet,PHYCUV,logistic+R37=glmm,fenetre,INCT20955,680,0.41401663886050316
birdnet,PHYCUV,logistic+R37=glmm,fenetre,INCT4,0,
birdnet,PHYCUV,logistic+R37=glmm,fenetre,INCT41,830,0.8787373369595256
birdnet,PHYCUV,lda_shrunk,fenetre,INCT17,164,0.7404805208458096
birdnet,PHYCUV,lda_shrunk,fenetre,INCT20955,680,0.4009953166955991
birdnet,PHYCUV,lda_shrunk,fenetre,INCT4,0,
birdnet,PHYCUV,lda_shrunk,fenetre,INCT41,830,0.8364048645121505
birdnet,PHYCUV,logistic,minute,INCT17,31,0.8493103729309155
birdnet,PHYCUV,logistic,minute,INCT20955,77,0.6715938239937527
birdnet,PHYCUV,logistic,minute,INCT4,0,
birdnet,PHYCUV,logistic,minute,INCT41,76,0.9149903052583216
birdnet,PHYCUV,logistic+R37=glmm,minute,INCT17,31,0.8464173582026286
birdnet,PHYCUV,logistic+R37=glmm,minute,INCT20955,77,0.6682513131314526
birdnet,PHYCUV,logistic+R37=glmm,minute,INCT4,0,
birdnet,PHYCUV,logistic+R37=glmm,minute,INCT41,76,0.9169147547085316
birdnet,PHYCUV,lda_shrunk,minute,INCT17,31,0.9128388018634142
birdnet,PHYCUV,lda_shrunk,minute,INCT20955,77,0.6199755573940349
birdnet,PHYCUV,lda_shrunk,minute,INCT4,0,
birdnet,PHYCUV,lda_shrunk,minute,INCT41,76,0.9099508785531308
birdnet_v3,PHYCUV,logistic,fenetre,INCT17,164,0.6485532749643028
birdnet_v3,PHYCUV,logistic,fenetre,INCT20955,680,0.6497993046442567
birdnet_v3,PHYCUV,logistic,fenetre,INCT4,0,
birdnet_v3,PHYCUV,logistic,fenetre,INCT41,830,0.9183323149267293
birdnet_v3,PHYCUV,logistic+R37=glmm,fenetre,INCT17,164,0.646543614313169
birdnet_v3,PHYCUV,logistic+R37=glmm,fenetre,INCT20955,680,0.6485432152909096
birdnet_v3,PHYCUV,logistic+R37=glmm,fenetre,INCT4,0,
birdnet_v3,PHYCUV,logistic+R37=glmm,fenetre,INCT41,830,0.9171995204078253
birdnet_v3,PHYCUV,lda_shrunk,fenetre,INCT17,164,0.6497777347659209
birdnet_v3,PHYCUV,lda_shrunk,fenetre,INCT20955,680,0.6340175595595882
birdnet_v3,PHYCUV,lda_shrunk,fenetre,INCT4,0,
birdnet_v3,PHYCUV,lda_shrunk,fenetre,INCT41,830,0.892760768476898
birdnet_v3,PHYCUV,simple_prototype,fenetre,INCT17,164,0.08017788959599342
birdnet_v3,PHYCUV,simple_prototype,fenetre,INCT20955,680,0.3650364659130997
birdnet_v3,PHYCUV,simple_prototype,fenetre,INCT4,0,
birdnet_v3,PHYCUV,simple_prototype,fenetre,INCT41,830,0.39655887249819505
birdnet_v3,PHYCUV,classifieur_origine,fenetre,INCT17,164,0.6587504192302223
birdnet_v3,PHYCUV,classifieur_origine,fenetre,INCT20955,680,0.5495196212161436
birdnet_v3,PHYCUV,classifieur_origine,fenetre,INCT4,0,
birdnet_v3,PHYCUV,classifieur_origine,fenetre,INCT41,830,0.8774048241708858
birdnet_v3,PHYCUV,logistic,minute,INCT17,31,0.863343755000752
birdnet_v3,PHYCUV,logistic,minute,INCT20955,77,0.9022732414208438
birdnet_v3,PHYCUV,logistic,minute,INCT4,0,
birdnet_v3,PHYCUV,logistic,minute,INCT41,76,0.9873031745653722
birdnet_v3,PHYCUV,logistic+R37=glmm,minute,INCT17,31,0.8623366915727523
birdnet_v3,PHYCUV,logistic+R37=glmm,minute,INCT20955,77,0.896872279312332
birdnet_v3,PHYCUV,logistic+R37=glmm,minute,INCT4,0,
birdnet_v3,PHYCUV,logistic+R37=glmm,minute,INCT41,76,0.9872344907774855
birdnet_v3,PHYCUV,lda_shrunk,minute,INCT17,31,0.8619262365078644
birdnet_v3,PHYCUV,lda_shrunk,minute,INCT20955,77,0.87040081964192
birdnet_v3,PHYCUV,lda_shrunk,minute,INCT4,0,
birdnet_v3,PHYCUV,lda_shrunk,minute,INCT41,76,0.9707091078377161
birdnet_v3,PHYCUV,simple_prototype,minute,INCT17,31,0.36257176108037087
birdnet_v3,PHYCUV,simple_prototype,minute,INCT20955,77,0.5968252862551183
birdnet_v3,PHYCUV,simple_prototype,minute,INCT4,0,
birdnet_v3,PHYCUV,simple_prototype,minute,INCT41,76,0.6189625082712727
birdnet_v3,PHYCUV,classifieur_origine,minute,INCT17,31,0.8948428284730547
birdnet_v3,PHYCUV,classifieur_origine,minute,INCT20955,77,0.80208112788292
birdnet_v3,PHYCUV,classifieur_origine,minute,INCT4,0,
birdnet_v3,PHYCUV,classifieur_origine,minute,INCT41,76,0.9728793923066978
convnext_birdset,PHYCUV,logistic,fenetre,INCT17,99,0.8430197315305884
convnext_birdset,PHYCUV,logistic,fenetre,INCT20955,383,0.7537893814194201
convnext_birdset,PHYCUV,logistic,fenetre,INCT4,0,
convnext_birdset,PHYCUV,logistic,fenetre,INCT41,502,0.9632924288593395
convnext_birdset,PHYCUV,logistic+R37=glmm,fenetre,INCT17,99,0.8436868128107482
convnext_birdset,PHYCUV,logistic+R37=glmm,fenetre,INCT20955,383,0.7518318116101492
convnext_birdset,PHYCUV,logistic+R37=glmm,fenetre,INCT4,0,
convnext_birdset,PHYCUV,logistic+R37=glmm,fenetre,INCT41,502,0.9630665857005101
convnext_birdset,PHYCUV,lda_shrunk,fenetre,INCT17,99,0.8495404472583963
convnext_birdset,PHYCUV,lda_shrunk,fenetre,INCT20955,383,0.7263064167201948
convnext_birdset,PHYCUV,lda_shrunk,fenetre,INCT4,0,
convnext_birdset,PHYCUV,lda_shrunk,fenetre,INCT41,502,0.953354268456638
convnext_birdset,PHYCUV,simple_prototype,fenetre,INCT17,99,0.36393027070479167
convnext_birdset,PHYCUV,simple_prototype,fenetre,INCT20955,383,0.4671680784696246
convnext_birdset,PHYCUV,simple_prototype,fenetre,INCT4,0,
convnext_birdset,PHYCUV,simple_prototype,fenetre,INCT41,502,0.6515184728754627
convnext_birdset,PHYCUV,logistic,minute,INCT17,31,0.9637718813331013
convnext_birdset,PHYCUV,logistic,minute,INCT20955,77,0.9313284804524673
convnext_birdset,PHYCUV,logistic,minute,INCT4,0,
convnext_birdset,PHYCUV,logistic,minute,INCT41,76,0.9876857719783345
convnext_birdset,PHYCUV,logistic+R37=glmm,minute,INCT17,31,0.9638769068017775
convnext_birdset,PHYCUV,logistic+R37=glmm,minute,INCT20955,77,0.9311243864689142
convnext_birdset,PHYCUV,logistic+R37=glmm,minute,INCT4,0,
convnext_birdset,PHYCUV,logistic+R37=glmm,minute,INCT41,76,0.9876606034226681
convnext_birdset,PHYCUV,lda_shrunk,minute,INCT17,31,0.9439245568833999
convnext_birdset,PHYCUV,lda_shrunk,minute,INCT20955,77,0.9274441864061927
convnext_birdset,PHYCUV,lda_shrunk,minute,INCT4,0,
convnext_birdset,PHYCUV,lda_shrunk,minute,INCT41,76,0.9765643188750376
convnext_birdset,PHYCUV,simple_prototype,minute,INCT17,31,0.503769094858827
convnext_birdset,PHYCUV,simple_prototype,minute,INCT20955,77,0.7053757977662148
convnext_birdset,PHYCUV,simple_prototype,minute,INCT4,0,
convnext_birdset,PHYCUV,simple_prototype,minute,INCT41,76,0.8149661264654664
esp_aves2_eat_all,PHYCUV,logistic,fenetre,INCT17,99,0.07677751303368016
esp_aves2_eat_all,PHYCUV,logistic,fenetre,INCT20955,383,0.42186236521899767
esp_aves2_eat_all,PHYCUV,logistic,fenetre,INCT4,0,
esp_aves2_eat_all,PHYCUV,logistic,fenetre,INCT41,502,0.5930481871866986
esp_aves2_eat_all,PHYCUV,logistic+R37=glmm,fenetre,INCT17,99,0.07681648197282992
esp_aves2_eat_all,PHYCUV,logistic+R37=glmm,fenetre,INCT20955,383,0.3750201257318533
esp_aves2_eat_all,PHYCUV,logistic+R37=glmm,fenetre,INCT4,0,
esp_aves2_eat_all,PHYCUV,logistic+R37=glmm,fenetre,INCT41,502,0.5916780077678016
esp_aves2_eat_all,PHYCUV,lda_shrunk,fenetre,INCT17,99,0.1171226958268461
esp_aves2_eat_all,PHYCUV,lda_shrunk,fenetre,INCT20955,383,0.2637875943891028
esp_aves2_eat_all,PHYCUV,lda_shrunk,fenetre,INCT4,0,
esp_aves2_eat_all,PHYCUV,lda_shrunk,fenetre,INCT41,502,0.62609781028993
esp_aves2_eat_all,PHYCUV,simple_prototype,fenetre,INCT17,99,0.09805725326908728
esp_aves2_eat_all,PHYCUV,simple_prototype,fenetre,INCT20955,383,0.09707352550416984
esp_aves2_eat_all,PHYCUV,simple_prototype,fenetre,INCT4,0,
esp_aves2_eat_all,PHYCUV,simple_prototype,fenetre,INCT41,502,0.18984913904672404
esp_aves2_eat_all,PHYCUV,attentive,fenetre,INCT17,99,0.1745561663284325
esp_aves2_eat_all,PHYCUV,attentive,fenetre,INCT20955,383,0.29531412437300575
esp_aves2_eat_all,PHYCUV,attentive,fenetre,INCT4,0,
esp_aves2_eat_all,PHYCUV,attentive,fenetre,INCT41,502,0.5743498107033975
esp_aves2_eat_all,PHYCUV,logistic:max,fenetre,INCT17,99,0.14975205216763096
esp_aves2_eat_all,PHYCUV,logistic:max,fenetre,INCT20955,383,0.3725883379468444
esp_aves2_eat_all,PHYCUV,logistic:max,fenetre,INCT4,0,
esp_aves2_eat_all,PHYCUV,logistic:max,fenetre,INCT41,502,0.3104339120851299
esp_aves2_eat_all,PHYCUV,proto_probe,fenetre,INCT17,99,0.7009740433754553
esp_aves2_eat_all,PHYCUV,proto_probe,fenetre,INCT20955,383,0.5285616407665992
esp_aves2_eat_all,PHYCUV,proto_probe,fenetre,INCT4,0,
esp_aves2_eat_all,PHYCUV,proto_probe,fenetre,INCT41,502,0.6971330542352803
esp_aves2_eat_all,PHYCUV,logistic,minute,INCT17,31,0.22709216108816088
esp_aves2_eat_all,PHYCUV,logistic,minute,INCT20955,77,0.5824283716622882
esp_aves2_eat_all,PHYCUV,logistic,minute,INCT4,0,
esp_aves2_eat_all,PHYCUV,logistic,minute,INCT41,76,0.6587850376744535
esp_aves2_eat_all,PHYCUV,logistic+R37=glmm,minute,INCT17,31,0.22750249892464822
esp_aves2_eat_all,PHYCUV,logistic+R37=glmm,minute,INCT20955,77,0.5518870066800319
esp_aves2_eat_all,PHYCUV,logistic+R37=glmm,minute,INCT4,0,
esp_aves2_eat_all,PHYCUV,logistic+R37=glmm,minute,INCT41,76,0.6560445436220963
esp_aves2_eat_all,PHYCUV,lda_shrunk,minute,INCT17,31,0.3168448722634911
esp_aves2_eat_all,PHYCUV,lda_shrunk,minute,INCT20955,77,0.41472116787431723
esp_aves2_eat_all,PHYCUV,lda_shrunk,minute,INCT4,0,
esp_aves2_eat_all,PHYCUV,lda_shrunk,minute,INCT41,76,0.698750944232238
esp_aves2_eat_all,PHYCUV,simple_prototype,minute,INCT17,31,0.265514783021344
esp_aves2_eat_all,PHYCUV,simple_prototype,minute,INCT20955,77,0.21298339288960663
esp_aves2_eat_all,PHYCUV,simple_prototype,minute,INCT4,0,
esp_aves2_eat_all,PHYCUV,simple_prototype,minute,INCT41,76,0.30769498697204195
esp_aves2_eat_all,PHYCUV,attentive,minute,INCT17,31,0.3960496110307835
esp_aves2_eat_all,PHYCUV,attentive,minute,INCT20955,77,0.48165968438744444
esp_aves2_eat_all,PHYCUV,attentive,minute,INCT4,0,
esp_aves2_eat_all,PHYCUV,attentive,minute,INCT41,76,0.6446473607341036
esp_aves2_eat_all,PHYCUV,logistic:max,minute,INCT17,31,0.2767108474085601
esp_aves2_eat_all,PHYCUV,logistic:max,minute,INCT20955,77,0.5320115403591893
esp_aves2_eat_all,PHYCUV,logistic:max,minute,INCT4,0,
esp_aves2_eat_all,PHYCUV,logistic:max,minute,INCT41,76,0.39486159042850144
esp_aves2_eat_all,PHYCUV,proto_probe,minute,INCT17,31,0.8402975437678345
esp_aves2_eat_all,PHYCUV,proto_probe,minute,INCT20955,77,0.7316505708386208
esp_aves2_eat_all,PHYCUV,proto_probe,minute,INCT4,0,
esp_aves2_eat_all,PHYCUV,proto_probe,minute,INCT41,76,0.8275595048111787
esp_aves2_eat_bio,PHYCUV,logistic,fenetre,INCT17,99,0.10709149356744734
esp_aves2_eat_bio,PHYCUV,logistic,fenetre,INCT20955,383,0.34844285679071896
esp_aves2_eat_bio,PHYCUV,logistic,fenetre,INCT4,0,
esp_aves2_eat_bio,PHYCUV,logistic,fenetre,INCT41,502,0.4636164852764507
esp_aves2_eat_bio,PHYCUV,logistic+R37=glmm,fenetre,INCT17,99,0.10706614764123265
esp_aves2_eat_bio,PHYCUV,logistic+R37=glmm,fenetre,INCT20955,383,0.30673608246314965
esp_aves2_eat_bio,PHYCUV,logistic+R37=glmm,fenetre,INCT4,0,
esp_aves2_eat_bio,PHYCUV,logistic+R37=glmm,fenetre,INCT41,502,0.4768837873899774
esp_aves2_eat_bio,PHYCUV,lda_shrunk,fenetre,INCT17,99,0.1920660620146187
esp_aves2_eat_bio,PHYCUV,lda_shrunk,fenetre,INCT20955,383,0.1218408141317467
esp_aves2_eat_bio,PHYCUV,lda_shrunk,fenetre,INCT4,0,
esp_aves2_eat_bio,PHYCUV,lda_shrunk,fenetre,INCT41,502,0.6011176022837185
esp_aves2_eat_bio,PHYCUV,simple_prototype,fenetre,INCT17,99,0.06900052517333569
esp_aves2_eat_bio,PHYCUV,simple_prototype,fenetre,INCT20955,383,0.27812688278236225
esp_aves2_eat_bio,PHYCUV,simple_prototype,fenetre,INCT4,0,
esp_aves2_eat_bio,PHYCUV,simple_prototype,fenetre,INCT41,502,0.1669379119513128
esp_aves2_eat_bio,PHYCUV,attentive,fenetre,INCT17,99,0.2079916267794732
esp_aves2_eat_bio,PHYCUV,attentive,fenetre,INCT20955,383,0.5520860457957133
esp_aves2_eat_bio,PHYCUV,attentive,fenetre,INCT4,0,
esp_aves2_eat_bio,PHYCUV,attentive,fenetre,INCT41,502,0.5982699324919315
esp_aves2_eat_bio,PHYCUV,logistic:max,fenetre,INCT17,99,0.1209561806748992
esp_aves2_eat_bio,PHYCUV,logistic:max,fenetre,INCT20955,383,0.3509380187341682
esp_aves2_eat_bio,PHYCUV,logistic:max,fenetre,INCT4,0,
esp_aves2_eat_bio,PHYCUV,logistic:max,fenetre,INCT41,502,0.4697353500281351
esp_aves2_eat_bio,PHYCUV,proto_probe,fenetre,INCT17,99,0.5119240653179342
esp_aves2_eat_bio,PHYCUV,proto_probe,fenetre,INCT20955,383,0.5738794308940248
esp_aves2_eat_bio,PHYCUV,proto_probe,fenetre,INCT4,0,
esp_aves2_eat_bio,PHYCUV,proto_probe,fenetre,INCT41,502,0.7712807435137928
esp_aves2_eat_bio,PHYCUV,logistic,minute,INCT17,31,0.31377589335020517
esp_aves2_eat_bio,PHYCUV,logistic,minute,INCT20955,77,0.4900285237250045
esp_aves2_eat_bio,PHYCUV,logistic,minute,INCT4,0,
esp_aves2_eat_bio,PHYCUV,logistic,minute,INCT41,76,0.5510583788825629
esp_aves2_eat_bio,PHYCUV,logistic+R37=glmm,minute,INCT17,31,0.3146992610217144
esp_aves2_eat_bio,PHYCUV,logistic+R37=glmm,minute,INCT20955,77,0.4546079739493409
esp_aves2_eat_bio,PHYCUV,logistic+R37=glmm,minute,INCT4,0,
esp_aves2_eat_bio,PHYCUV,logistic+R37=glmm,minute,INCT41,76,0.5571968331291259
esp_aves2_eat_bio,PHYCUV,lda_shrunk,minute,INCT17,31,0.4207318156544577
esp_aves2_eat_bio,PHYCUV,lda_shrunk,minute,INCT20955,77,0.22812068610415356
esp_aves2_eat_bio,PHYCUV,lda_shrunk,minute,INCT4,0,
esp_aves2_eat_bio,PHYCUV,lda_shrunk,minute,INCT41,76,0.6663739282841002
esp_aves2_eat_bio,PHYCUV,simple_prototype,minute,INCT17,31,0.19281098185527404
esp_aves2_eat_bio,PHYCUV,simple_prototype,minute,INCT20955,77,0.46204184152174765
esp_aves2_eat_bio,PHYCUV,simple_prototype,minute,INCT4,0,
esp_aves2_eat_bio,PHYCUV,simple_prototype,minute,INCT41,76,0.24079727608802465
esp_aves2_eat_bio,PHYCUV,attentive,minute,INCT17,31,0.40370229805573593
esp_aves2_eat_bio,PHYCUV,attentive,minute,INCT20955,77,0.6005396632970557
esp_aves2_eat_bio,PHYCUV,attentive,minute,INCT4,0,
esp_aves2_eat_bio,PHYCUV,attentive,minute,INCT41,76,0.6489150479586818
esp_aves2_eat_bio,PHYCUV,logistic:max,minute,INCT17,31,0.3332841356252162
esp_aves2_eat_bio,PHYCUV,logistic:max,minute,INCT20955,77,0.49756971068250294
esp_aves2_eat_bio,PHYCUV,logistic:max,minute,INCT4,0,
esp_aves2_eat_bio,PHYCUV,logistic:max,minute,INCT41,76,0.5293230366516783
esp_aves2_eat_bio,PHYCUV,proto_probe,minute,INCT17,31,0.7188214215603385
esp_aves2_eat_bio,PHYCUV,proto_probe,minute,INCT20955,77,0.6954953684531596
esp_aves2_eat_bio,PHYCUV,proto_probe,minute,INCT4,0,
esp_aves2_eat_bio,PHYCUV,proto_probe,minute,INCT41,76,0.8397982366752311
esp_aves2_effnetb0_all,PHYCUV,logistic,fenetre,INCT17,99,0.22010629637487047
esp_aves2_effnetb0_all,PHYCUV,logistic,fenetre,INCT20955,383,0.5826512715808347
esp_aves2_effnetb0_all,PHYCUV,logistic,fenetre,INCT4,0,
esp_aves2_effnetb0_all,PHYCUV,logistic,fenetre,INCT41,502,0.6869590031845746
esp_aves2_effnetb0_all,PHYCUV,logistic+R37=glmm,fenetre,INCT17,99,0.19224270746163583
esp_aves2_effnetb0_all,PHYCUV,logistic+R37=glmm,fenetre,INCT20955,383,0.5667651815708352
esp_aves2_effnetb0_all,PHYCUV,logistic+R37=glmm,fenetre,INCT4,0,
esp_aves2_effnetb0_all,PHYCUV,logistic+R37=glmm,fenetre,INCT41,502,0.7035514166430414
esp_aves2_effnetb0_all,PHYCUV,lda_shrunk,fenetre,INCT17,99,0.19565722438070282
esp_aves2_effnetb0_all,PHYCUV,lda_shrunk,fenetre,INCT20955,383,0.23888819181111182
esp_aves2_effnetb0_all,PHYCUV,lda_shrunk,fenetre,INCT4,0,
esp_aves2_effnetb0_all,PHYCUV,lda_shrunk,fenetre,INCT41,502,0.6822563745723632
esp_aves2_effnetb0_all,PHYCUV,simple_prototype,fenetre,INCT17,99,0.06557206722080257
esp_aves2_effnetb0_all,PHYCUV,simple_prototype,fenetre,INCT20955,383,0.1943387457612767
esp_aves2_effnetb0_all,PHYCUV,simple_prototype,fenetre,INCT4,0,
esp_aves2_effnetb0_all,PHYCUV,simple_prototype,fenetre,INCT41,502,0.09653873645307087
esp_aves2_effnetb0_all,PHYCUV,logistic,minute,INCT17,31,0.4104775212599168
esp_aves2_effnetb0_all,PHYCUV,logistic,minute,INCT20955,77,0.7119793117511293
esp_aves2_effnetb0_all,PHYCUV,logistic,minute,INCT4,0,
esp_aves2_effnetb0_all,PHYCUV,logistic,minute,INCT41,76,0.8126987604360607
esp_aves2_effnetb0_all,PHYCUV,logistic+R37=glmm,minute,INCT17,31,0.37666461421390396
esp_aves2_effnetb0_all,PHYCUV,logistic+R37=glmm,minute,INCT20955,77,0.7063607542657174
esp_aves2_effnetb0_all,PHYCUV,logistic+R37=glmm,minute,INCT4,0,
esp_aves2_effnetb0_all,PHYCUV,logistic+R37=glmm,minute,INCT41,76,0.8256404727137879
esp_aves2_effnetb0_all,PHYCUV,lda_shrunk,minute,INCT17,31,0.3594567933736894
esp_aves2_effnetb0_all,PHYCUV,lda_shrunk,minute,INCT20955,77,0.38889317281898245
esp_aves2_effnetb0_all,PHYCUV,lda_shrunk,minute,INCT4,0,
esp_aves2_effnetb0_all,PHYCUV,lda_shrunk,minute,INCT41,76,0.8088636166788075
esp_aves2_effnetb0_all,PHYCUV,simple_prototype,minute,INCT17,31,0.2562077293133757
esp_aves2_effnetb0_all,PHYCUV,simple_prototype,minute,INCT20955,77,0.3942021572238213
esp_aves2_effnetb0_all,PHYCUV,simple_prototype,minute,INCT4,0,
esp_aves2_effnetb0_all,PHYCUV,simple_prototype,minute,INCT41,76,0.21212817805173068
esp_aves2_effnetb0_audioset,PHYCUV,logistic,fenetre,INCT17,99,0.1856683100270019
esp_aves2_effnetb0_audioset,PHYCUV,logistic,fenetre,INCT20955,383,0.2380863212253434
esp_aves2_effnetb0_audioset,PHYCUV,logistic,fenetre,INCT4,0,
esp_aves2_effnetb0_audioset,PHYCUV,logistic,fenetre,INCT41,502,0.6155965049717749
esp_aves2_effnetb0_audioset,PHYCUV,logistic+R37=glmm,fenetre,INCT17,99,0.18278436658583824
esp_aves2_effnetb0_audioset,PHYCUV,logistic+R37=glmm,fenetre,INCT20955,383,0.23523765663003296
esp_aves2_effnetb0_audioset,PHYCUV,logistic+R37=glmm,fenetre,INCT4,0,
esp_aves2_effnetb0_audioset,PHYCUV,logistic+R37=glmm,fenetre,INCT41,502,0.5278885350461215
esp_aves2_effnetb0_audioset,PHYCUV,lda_shrunk,fenetre,INCT17,99,0.3947635194233444
esp_aves2_effnetb0_audioset,PHYCUV,lda_shrunk,fenetre,INCT20955,383,0.3517004484992432
esp_aves2_effnetb0_audioset,PHYCUV,lda_shrunk,fenetre,INCT4,0,
esp_aves2_effnetb0_audioset,PHYCUV,lda_shrunk,fenetre,INCT41,502,0.6150083531778381
esp_aves2_effnetb0_audioset,PHYCUV,simple_prototype,fenetre,INCT17,99,0.02527679773312115
esp_aves2_effnetb0_audioset,PHYCUV,simple_prototype,fenetre,INCT20955,383,0.06682841855987957
esp_aves2_effnetb0_audioset,PHYCUV,simple_prototype,fenetre,INCT4,0,
esp_aves2_effnetb0_audioset,PHYCUV,simple_prototype,fenetre,INCT41,502,0.17049595207953316
esp_aves2_effnetb0_audioset,PHYCUV,logistic,minute,INCT17,31,0.3761514364737442
esp_aves2_effnetb0_audioset,PHYCUV,logistic,minute,INCT20955,77,0.4170503493085698
esp_aves2_effnetb0_audioset,PHYCUV,logistic,minute,INCT4,0,
esp_aves2_effnetb0_audioset,PHYCUV,logistic,minute,INCT41,76,0.7528449592826343
esp_aves2_effnetb0_audioset,PHYCUV,logistic+R37=glmm,minute,INCT17,31,0.3629589998658748
esp_aves2_effnetb0_audioset,PHYCUV,logistic+R37=glmm,minute,INCT20955,77,0.4133678680626246
esp_aves2_effnetb0_audioset,PHYCUV,logistic+R37=glmm,minute,INCT4,0,
esp_aves2_effnetb0_audioset,PHYCUV,logistic+R37=glmm,minute,INCT41,76,0.7100490715768704
esp_aves2_effnetb0_audioset,PHYCUV,lda_shrunk,minute,INCT17,31,0.5513012120714301
esp_aves2_effnetb0_audioset,PHYCUV,lda_shrunk,minute,INCT20955,77,0.597000409151041
esp_aves2_effnetb0_audioset,PHYCUV,lda_shrunk,minute,INCT4,0,
esp_aves2_effnetb0_audioset,PHYCUV,lda_shrunk,minute,INCT41,76,0.7067269298392199
esp_aves2_effnetb0_audioset,PHYCUV,simple_prototype,minute,INCT17,31,0.10494803577436722
esp_aves2_effnetb0_audioset,PHYCUV,simple_prototype,minute,INCT20955,77,0.1895730145159551
esp_aves2_effnetb0_audioset,PHYCUV,simple_prototype,minute,INCT4,0,
esp_aves2_effnetb0_audioset,PHYCUV,simple_prototype,minute,INCT41,76,0.33623532942825174
esp_aves2_effnetb0_bio,PHYCUV,logistic,fenetre,INCT17,99,0.17443556915449757
esp_aves2_effnetb0_bio,PHYCUV,logistic,fenetre,INCT20955,383,0.5509770882172268
esp_aves2_effnetb0_bio,PHYCUV,logistic,fenetre,INCT4,0,
esp_aves2_effnetb0_bio,PHYCUV,logistic,fenetre,INCT41,502,0.872740311732662
esp_aves2_effnetb0_bio,PHYCUV,logistic+R37=glmm,fenetre,INCT17,99,0.16485359314545564
esp_aves2_effnetb0_bio,PHYCUV,logistic+R37=glmm,fenetre,INCT20955,383,0.5423647997204832
esp_aves2_effnetb0_bio,PHYCUV,logistic+R37=glmm,fenetre,INCT4,0,
esp_aves2_effnetb0_bio,PHYCUV,logistic+R37=glmm,fenetre,INCT41,502,0.8728669638972338
esp_aves2_effnetb0_bio,PHYCUV,lda_shrunk,fenetre,INCT17,99,0.2755800876509716
esp_aves2_effnetb0_bio,PHYCUV,lda_shrunk,fenetre,INCT20955,383,0.5498416542903859
esp_aves2_effnetb0_bio,PHYCUV,lda_shrunk,fenetre,INCT4,0,
esp_aves2_effnetb0_bio,PHYCUV,lda_shrunk,fenetre,INCT41,502,0.7677141074370994
esp_aves2_effnetb0_bio,PHYCUV,simple_prototype,fenetre,INCT17,99,0.12998474887416883
esp_aves2_effnetb0_bio,PHYCUV,simple_prototype,fenetre,INCT20955,383,0.40222508297115944
esp_aves2_effnetb0_bio,PHYCUV,simple_prototype,fenetre,INCT4,0,
esp_aves2_effnetb0_bio,PHYCUV,simple_prototype,fenetre,INCT41,502,0.2695560376429246
esp_aves2_effnetb0_bio,PHYCUV,logistic,minute,INCT17,31,0.3939151113485925
esp_aves2_effnetb0_bio,PHYCUV,logistic,minute,INCT20955,77,0.7928443236182567
esp_aves2_effnetb0_bio,PHYCUV,logistic,minute,INCT4,0,
esp_aves2_effnetb0_bio,PHYCUV,logistic,minute,INCT41,76,0.8967811725317549
esp_aves2_effnetb0_bio,PHYCUV,logistic+R37=glmm,minute,INCT17,31,0.39135049494560004
esp_aves2_effnetb0_bio,PHYCUV,logistic+R37=glmm,minute,INCT20955,77,0.7870813266604664
esp_aves2_effnetb0_bio,PHYCUV,logistic+R37=glmm,minute,INCT4,0,
esp_aves2_effnetb0_bio,PHYCUV,logistic+R37=glmm,minute,INCT41,76,0.8965023675143324
esp_aves2_effnetb0_bio,PHYCUV,lda_shrunk,minute,INCT17,31,0.4900769780888057
esp_aves2_effnetb0_bio,PHYCUV,lda_shrunk,minute,INCT20955,77,0.7265921878601673
esp_aves2_effnetb0_bio,PHYCUV,lda_shrunk,minute,INCT4,0,
esp_aves2_effnetb0_bio,PHYCUV,lda_shrunk,minute,INCT41,76,0.7978248997251653
esp_aves2_effnetb0_bio,PHYCUV,simple_prototype,minute,INCT17,31,0.28266096509758637
esp_aves2_effnetb0_bio,PHYCUV,simple_prototype,minute,INCT20955,77,0.6293715820562616
esp_aves2_effnetb0_bio,PHYCUV,simple_prototype,minute,INCT4,0,
esp_aves2_effnetb0_bio,PHYCUV,simple_prototype,minute,INCT41,76,0.43907203488362584
esp_aves2_sl_beats_all,PHYCUV,logistic,fenetre,INCT17,99,0.6223621969537381
esp_aves2_sl_beats_all,PHYCUV,logistic,fenetre,INCT20955,383,0.7776442339494896
esp_aves2_sl_beats_all,PHYCUV,logistic,fenetre,INCT4,0,
esp_aves2_sl_beats_all,PHYCUV,logistic,fenetre,INCT41,502,0.9193926864009876
esp_aves2_sl_beats_all,PHYCUV,logistic+R37=glmm,fenetre,INCT17,99,0.620558847729502
esp_aves2_sl_beats_all,PHYCUV,logistic+R37=glmm,fenetre,INCT20955,383,0.7752730868396341
esp_aves2_sl_beats_all,PHYCUV,logistic+R37=glmm,fenetre,INCT4,0,
esp_aves2_sl_beats_all,PHYCUV,logistic+R37=glmm,fenetre,INCT41,502,0.9196294029365706
esp_aves2_sl_beats_all,PHYCUV,lda_shrunk,fenetre,INCT17,99,0.6693599435372083
esp_aves2_sl_beats_all,PHYCUV,lda_shrunk,fenetre,INCT20955,383,0.6771570510511058
esp_aves2_sl_beats_all,PHYCUV,lda_shrunk,fenetre,INCT4,0,
esp_aves2_sl_beats_all,PHYCUV,lda_shrunk,fenetre,INCT41,502,0.9271754473393599
esp_aves2_sl_beats_all,PHYCUV,simple_prototype,fenetre,INCT17,99,0.15100375367890626
esp_aves2_sl_beats_all,PHYCUV,simple_prototype,fenetre,INCT20955,383,0.233295375816293
esp_aves2_sl_beats_all,PHYCUV,simple_prototype,fenetre,INCT4,0,
esp_aves2_sl_beats_all,PHYCUV,simple_prototype,fenetre,INCT41,502,0.2590003842688072
esp_aves2_sl_beats_all,PHYCUV,attentive,fenetre,INCT17,99,0.5097740582755443
esp_aves2_sl_beats_all,PHYCUV,attentive,fenetre,INCT20955,383,0.6391956671993109
esp_aves2_sl_beats_all,PHYCUV,attentive,fenetre,INCT4,0,
esp_aves2_sl_beats_all,PHYCUV,attentive,fenetre,INCT41,502,0.8210391972155058
esp_aves2_sl_beats_all,PHYCUV,logistic:max,fenetre,INCT17,99,0.5947693174490007
esp_aves2_sl_beats_all,PHYCUV,logistic:max,fenetre,INCT20955,383,0.783848530851043
esp_aves2_sl_beats_all,PHYCUV,logistic:max,fenetre,INCT4,0,
esp_aves2_sl_beats_all,PHYCUV,logistic:max,fenetre,INCT41,502,0.913015829173699
esp_aves2_sl_beats_all,PHYCUV,proto_probe,fenetre,INCT17,99,0.7941574404255645
esp_aves2_sl_beats_all,PHYCUV,proto_probe,fenetre,INCT20955,383,0.8267776808266672
esp_aves2_sl_beats_all,PHYCUV,proto_probe,fenetre,INCT4,0,
esp_aves2_sl_beats_all,PHYCUV,proto_probe,fenetre,INCT41,502,0.9322846927882081
esp_aves2_sl_beats_all,PHYCUV,logistic,minute,INCT17,31,0.8029865449250871
esp_aves2_sl_beats_all,PHYCUV,logistic,minute,INCT20955,77,0.9133460816883615
esp_aves2_sl_beats_all,PHYCUV,logistic,minute,INCT4,0,
esp_aves2_sl_beats_all,PHYCUV,logistic,minute,INCT41,76,0.9590589613028567
esp_aves2_sl_beats_all,PHYCUV,logistic+R37=glmm,minute,INCT17,31,0.8004366205614553
esp_aves2_sl_beats_all,PHYCUV,logistic+R37=glmm,minute,INCT20955,77,0.9135863993978056
esp_aves2_sl_beats_all,PHYCUV,logistic+R37=glmm,minute,INCT4,0,
esp_aves2_sl_beats_all,PHYCUV,logistic+R37=glmm,minute,INCT41,76,0.9594480617909453
esp_aves2_sl_beats_all,PHYCUV,lda_shrunk,minute,INCT17,31,0.8188517665259315
esp_aves2_sl_beats_all,PHYCUV,lda_shrunk,minute,INCT20955,77,0.8630391745409673
esp_aves2_sl_beats_all,PHYCUV,lda_shrunk,minute,INCT4,0,
esp_aves2_sl_beats_all,PHYCUV,lda_shrunk,minute,INCT41,76,0.9452184740314731
esp_aves2_sl_beats_all,PHYCUV,simple_prototype,minute,INCT17,31,0.32241841486574163
esp_aves2_sl_beats_all,PHYCUV,simple_prototype,minute,INCT20955,77,0.3705796262980528
esp_aves2_sl_beats_all,PHYCUV,simple_prototype,minute,INCT4,0,
esp_aves2_sl_beats_all,PHYCUV,simple_prototype,minute,INCT41,76,0.4490255847076598
esp_aves2_sl_beats_all,PHYCUV,attentive,minute,INCT17,31,0.6796456894163144
esp_aves2_sl_beats_all,PHYCUV,attentive,minute,INCT20955,77,0.8084345923053979
esp_aves2_sl_beats_all,PHYCUV,attentive,minute,INCT4,0,
esp_aves2_sl_beats_all,PHYCUV,attentive,minute,INCT41,76,0.8819098115059169
esp_aves2_sl_beats_all,PHYCUV,logistic:max,minute,INCT17,31,0.7732975614878859
esp_aves2_sl_beats_all,PHYCUV,logistic:max,minute,INCT20955,77,0.9157141030098022
esp_aves2_sl_beats_all,PHYCUV,logistic:max,minute,INCT4,0,
esp_aves2_sl_beats_all,PHYCUV,logistic:max,minute,INCT41,76,0.9652361938473171
esp_aves2_sl_beats_all,PHYCUV,proto_probe,minute,INCT17,31,0.9095101558235705
esp_aves2_sl_beats_all,PHYCUV,proto_probe,minute,INCT20955,77,0.9521279740419819
esp_aves2_sl_beats_all,PHYCUV,proto_probe,minute,INCT4,0,
esp_aves2_sl_beats_all,PHYCUV,proto_probe,minute,INCT41,76,0.980305111707717
esp_aves2_sl_beats_bio,PHYCUV,logistic,fenetre,INCT17,99,0.5781015392510435
esp_aves2_sl_beats_bio,PHYCUV,logistic,fenetre,INCT20955,383,0.7188559178465784
esp_aves2_sl_beats_bio,PHYCUV,logistic,fenetre,INCT4,0,
esp_aves2_sl_beats_bio,PHYCUV,logistic,fenetre,INCT41,502,0.8398679412064636
esp_aves2_sl_beats_bio,PHYCUV,logistic+R37=glmm,fenetre,INCT17,99,0.5775036388151232
esp_aves2_sl_beats_bio,PHYCUV,logistic+R37=glmm,fenetre,INCT20955,383,0.718142943275379
esp_aves2_sl_beats_bio,PHYCUV,logistic+R37=glmm,fenetre,INCT4,0,
esp_aves2_sl_beats_bio,PHYCUV,logistic+R37=glmm,fenetre,INCT41,502,0.8378946663231539
esp_aves2_sl_beats_bio,PHYCUV,lda_shrunk,fenetre,INCT17,99,0.6740446072151776
esp_aves2_sl_beats_bio,PHYCUV,lda_shrunk,fenetre,INCT20955,383,0.6930396178165641
esp_aves2_sl_beats_bio,PHYCUV,lda_shrunk,fenetre,INCT4,0,
esp_aves2_sl_beats_bio,PHYCUV,lda_shrunk,fenetre,INCT41,502,0.8595844201864024
esp_aves2_sl_beats_bio,PHYCUV,simple_prototype,fenetre,INCT17,99,0.19859135454790935
esp_aves2_sl_beats_bio,PHYCUV,simple_prototype,fenetre,INCT20955,383,0.5272648328589289
esp_aves2_sl_beats_bio,PHYCUV,simple_prototype,fenetre,INCT4,0,
esp_aves2_sl_beats_bio,PHYCUV,simple_prototype,fenetre,INCT41,502,0.2778773327937131
esp_aves2_sl_beats_bio,PHYCUV,attentive,fenetre,INCT17,99,0.5853241978783713
esp_aves2_sl_beats_bio,PHYCUV,attentive,fenetre,INCT20955,383,0.5812498742972924
esp_aves2_sl_beats_bio,PHYCUV,attentive,fenetre,INCT4,0,
esp_aves2_sl_beats_bio,PHYCUV,attentive,fenetre,INCT41,502,0.8148563498790465
esp_aves2_sl_beats_bio,PHYCUV,logistic:max,fenetre,INCT17,99,0.5763971466772099
esp_aves2_sl_beats_bio,PHYCUV,logistic:max,fenetre,INCT20955,383,0.7292889092141355
esp_aves2_sl_beats_bio,PHYCUV,logistic:max,fenetre,INCT4,0,
esp_aves2_sl_beats_bio,PHYCUV,logistic:max,fenetre,INCT41,502,0.8520816733320145
esp_aves2_sl_beats_bio,PHYCUV,proto_probe,fenetre,INCT17,99,0.7596993057820797
esp_aves2_sl_beats_bio,PHYCUV,proto_probe,fenetre,INCT20955,383,0.7716822152523801
esp_aves2_sl_beats_bio,PHYCUV,proto_probe,fenetre,INCT4,0,
esp_aves2_sl_beats_bio,PHYCUV,proto_probe,fenetre,INCT41,502,0.893217165185282
esp_aves2_sl_beats_bio,PHYCUV,logistic,minute,INCT17,31,0.7639231465155006
esp_aves2_sl_beats_bio,PHYCUV,logistic,minute,INCT20955,77,0.9067448399340617
esp_aves2_sl_beats_bio,PHYCUV,logistic,minute,INCT4,0,
esp_aves2_sl_beats_bio,PHYCUV,logistic,minute,INCT41,76,0.9357145663774397
esp_aves2_sl_beats_bio,PHYCUV,logistic+R37=glmm,minute,INCT17,31,0.7641831862067574
esp_aves2_sl_beats_bio,PHYCUV,logistic+R37=glmm,minute,INCT20955,77,0.905870013020844
esp_aves2_sl_beats_bio,PHYCUV,logistic+R37=glmm,minute,INCT4,0,
esp_aves2_sl_beats_bio,PHYCUV,logistic+R37=glmm,minute,INCT41,76,0.9347373395440371
esp_aves2_sl_beats_bio,PHYCUV,lda_shrunk,minute,INCT17,31,0.8423488589725592
esp_aves2_sl_beats_bio,PHYCUV,lda_shrunk,minute,INCT20955,77,0.8915014452218867
esp_aves2_sl_beats_bio,PHYCUV,lda_shrunk,minute,INCT4,0,
esp_aves2_sl_beats_bio,PHYCUV,lda_shrunk,minute,INCT41,76,0.9248400389702843
esp_aves2_sl_beats_bio,PHYCUV,simple_prototype,minute,INCT17,31,0.4808161233776768
esp_aves2_sl_beats_bio,PHYCUV,simple_prototype,minute,INCT20955,77,0.7290708958795922
esp_aves2_sl_beats_bio,PHYCUV,simple_prototype,minute,INCT4,0,
esp_aves2_sl_beats_bio,PHYCUV,simple_prototype,minute,INCT41,76,0.44228110756026406
esp_aves2_sl_beats_bio,PHYCUV,attentive,minute,INCT17,31,0.7054066103873177
esp_aves2_sl_beats_bio,PHYCUV,attentive,minute,INCT20955,77,0.8023939267473355
esp_aves2_sl_beats_bio,PHYCUV,attentive,minute,INCT4,0,
esp_aves2_sl_beats_bio,PHYCUV,attentive,minute,INCT41,76,0.8987920599158317
esp_aves2_sl_beats_bio,PHYCUV,logistic:max,minute,INCT17,31,0.7615046936449131
esp_aves2_sl_beats_bio,PHYCUV,logistic:max,minute,INCT20955,77,0.9143955892994275
esp_aves2_sl_beats_bio,PHYCUV,logistic:max,minute,INCT4,0,
esp_aves2_sl_beats_bio,PHYCUV,logistic:max,minute,INCT41,76,0.943466549953889
esp_aves2_sl_beats_bio,PHYCUV,proto_probe,minute,INCT17,31,0.8768350202232447
esp_aves2_sl_beats_bio,PHYCUV,proto_probe,minute,INCT20955,77,0.9315123786635467
esp_aves2_sl_beats_bio,PHYCUV,proto_probe,minute,INCT4,0,
esp_aves2_sl_beats_bio,PHYCUV,proto_probe,minute,INCT41,76,0.954481481116573
esp_aves2_sl_eat_all_ssl_all,PHYCUV,logistic,fenetre,INCT17,99,0.2634424975617058
esp_aves2_sl_eat_all_ssl_all,PHYCUV,logistic,fenetre,INCT20955,383,0.3143013286095635
esp_aves2_sl_eat_all_ssl_all,PHYCUV,logistic,fenetre,INCT4,0,
esp_aves2_sl_eat_all_ssl_all,PHYCUV,logistic,fenetre,INCT41,502,0.6998477764430098
esp_aves2_sl_eat_all_ssl_all,PHYCUV,logistic+R37=glmm,fenetre,INCT17,99,0.266639540221293
esp_aves2_sl_eat_all_ssl_all,PHYCUV,logistic+R37=glmm,fenetre,INCT20955,383,0.2905280373068856
esp_aves2_sl_eat_all_ssl_all,PHYCUV,logistic+R37=glmm,fenetre,INCT4,0,
esp_aves2_sl_eat_all_ssl_all,PHYCUV,logistic+R37=glmm,fenetre,INCT41,502,0.709859643351663
esp_aves2_sl_eat_all_ssl_all,PHYCUV,lda_shrunk,fenetre,INCT17,99,0.5126703567566875
esp_aves2_sl_eat_all_ssl_all,PHYCUV,lda_shrunk,fenetre,INCT20955,383,0.5318883867353028
esp_aves2_sl_eat_all_ssl_all,PHYCUV,lda_shrunk,fenetre,INCT4,0,
esp_aves2_sl_eat_all_ssl_all,PHYCUV,lda_shrunk,fenetre,INCT41,502,0.8262170315381168
esp_aves2_sl_eat_all_ssl_all,PHYCUV,simple_prototype,fenetre,INCT17,99,0.04143329410203091
esp_aves2_sl_eat_all_ssl_all,PHYCUV,simple_prototype,fenetre,INCT20955,383,0.07792320093380108
esp_aves2_sl_eat_all_ssl_all,PHYCUV,simple_prototype,fenetre,INCT4,0,
esp_aves2_sl_eat_all_ssl_all,PHYCUV,simple_prototype,fenetre,INCT41,502,0.17974025129044943
esp_aves2_sl_eat_all_ssl_all,PHYCUV,attentive,fenetre,INCT17,99,0.15105699463906164
esp_aves2_sl_eat_all_ssl_all,PHYCUV,attentive,fenetre,INCT20955,383,0.4145848922661486
esp_aves2_sl_eat_all_ssl_all,PHYCUV,attentive,fenetre,INCT4,0,
esp_aves2_sl_eat_all_ssl_all,PHYCUV,attentive,fenetre,INCT41,502,0.5834783909161744
esp_aves2_sl_eat_all_ssl_all,PHYCUV,logistic:max,fenetre,INCT17,99,0.13780980666466391
esp_aves2_sl_eat_all_ssl_all,PHYCUV,logistic:max,fenetre,INCT20955,383,0.21557468972782934
esp_aves2_sl_eat_all_ssl_all,PHYCUV,logistic:max,fenetre,INCT4,0,
esp_aves2_sl_eat_all_ssl_all,PHYCUV,logistic:max,fenetre,INCT41,502,0.542648595720163
esp_aves2_sl_eat_all_ssl_all,PHYCUV,proto_probe,fenetre,INCT17,99,0.30989889542588345
esp_aves2_sl_eat_all_ssl_all,PHYCUV,proto_probe,fenetre,INCT20955,383,0.38921004744539556
esp_aves2_sl_eat_all_ssl_all,PHYCUV,proto_probe,fenetre,INCT4,0,
esp_aves2_sl_eat_all_ssl_all,PHYCUV,proto_probe,fenetre,INCT41,502,0.707153631940121
esp_aves2_sl_eat_all_ssl_all,PHYCUV,logistic,minute,INCT17,31,0.4718614275952592
esp_aves2_sl_eat_all_ssl_all,PHYCUV,logistic,minute,INCT20955,77,0.5451332078259478
esp_aves2_sl_eat_all_ssl_all,PHYCUV,logistic,minute,INCT4,0,
esp_aves2_sl_eat_all_ssl_all,PHYCUV,logistic,minute,INCT41,76,0.8257139573712104
esp_aves2_sl_eat_all_ssl_all,PHYCUV,logistic+R37=glmm,minute,INCT17,31,0.47705636182317745
esp_aves2_sl_eat_all_ssl_all,PHYCUV,logistic+R37=glmm,minute,INCT20955,77,0.5328240187473778
esp_aves2_sl_eat_all_ssl_all,PHYCUV,logistic+R37=glmm,minute,INCT4,0,
esp_aves2_sl_eat_all_ssl_all,PHYCUV,logistic+R37=glmm,minute,INCT41,76,0.8309823970132897
esp_aves2_sl_eat_all_ssl_all,PHYCUV,lda_shrunk,minute,INCT17,31,0.7316626394630494
esp_aves2_sl_eat_all_ssl_all,PHYCUV,lda_shrunk,minute,INCT20955,77,0.791593486050384
esp_aves2_sl_eat_all_ssl_all,PHYCUV,lda_shrunk,minute,INCT4,0,
esp_aves2_sl_eat_all_ssl_all,PHYCUV,lda_shrunk,minute,INCT41,76,0.8973389489939828
esp_aves2_sl_eat_all_ssl_all,PHYCUV,simple_prototype,minute,INCT17,31,0.17242234646333654
esp_aves2_sl_eat_all_ssl_all,PHYCUV,simple_prototype,minute,INCT20955,77,0.19750180869292203
esp_aves2_sl_eat_all_ssl_all,PHYCUV,simple_prototype,minute,INCT4,0,
esp_aves2_sl_eat_all_ssl_all,PHYCUV,simple_prototype,minute,INCT41,76,0.29227185981536197
esp_aves2_sl_eat_all_ssl_all,PHYCUV,attentive,minute,INCT17,31,0.2852656675772035
esp_aves2_sl_eat_all_ssl_all,PHYCUV,attentive,minute,INCT20955,77,0.6541741370349174
esp_aves2_sl_eat_all_ssl_all,PHYCUV,attentive,minute,INCT4,0,
esp_aves2_sl_eat_all_ssl_all,PHYCUV,attentive,minute,INCT41,76,0.6815422852777436
esp_aves2_sl_eat_all_ssl_all,PHYCUV,logistic:max,minute,INCT17,31,0.23430805250435696
esp_aves2_sl_eat_all_ssl_all,PHYCUV,logistic:max,minute,INCT20955,77,0.47289251977737523
esp_aves2_sl_eat_all_ssl_all,PHYCUV,logistic:max,minute,INCT4,0,
esp_aves2_sl_eat_all_ssl_all,PHYCUV,logistic:max,minute,INCT41,76,0.6285688208381961
esp_aves2_sl_eat_all_ssl_all,PHYCUV,proto_probe,minute,INCT17,31,0.5205136916763743
esp_aves2_sl_eat_all_ssl_all,PHYCUV,proto_probe,minute,INCT20955,77,0.6446034332166035
esp_aves2_sl_eat_all_ssl_all,PHYCUV,proto_probe,minute,INCT4,0,
esp_aves2_sl_eat_all_ssl_all,PHYCUV,proto_probe,minute,INCT41,76,0.7632949434778419
esp_aves2_sl_eat_bio_ssl_all,PHYCUV,logistic,fenetre,INCT17,99,0.35253192121569965
esp_aves2_sl_eat_bio_ssl_all,PHYCUV,logistic,fenetre,INCT20955,383,0.5055313738040741
esp_aves2_sl_eat_bio_ssl_all,PHYCUV,logistic,fenetre,INCT4,0,
esp_aves2_sl_eat_bio_ssl_all,PHYCUV,logistic,fenetre,INCT41,502,0.863836589653006
esp_aves2_sl_eat_bio_ssl_all,PHYCUV,logistic+R37=glmm,fenetre,INCT17,99,0.35851634202424754
esp_aves2_sl_eat_bio_ssl_all,PHYCUV,logistic+R37=glmm,fenetre,INCT20955,383,0.5008236771864019
esp_aves2_sl_eat_bio_ssl_all,PHYCUV,logistic+R37=glmm,fenetre,INCT4,0,
esp_aves2_sl_eat_bio_ssl_all,PHYCUV,logistic+R37=glmm,fenetre,INCT41,502,0.8629743155835391
esp_aves2_sl_eat_bio_ssl_all,PHYCUV,lda_shrunk,fenetre,INCT17,99,0.5890971874065941
esp_aves2_sl_eat_bio_ssl_all,PHYCUV,lda_shrunk,fenetre,INCT20955,383,0.4255267444989561
esp_aves2_sl_eat_bio_ssl_all,PHYCUV,lda_shrunk,fenetre,INCT4,0,
esp_aves2_sl_eat_bio_ssl_all,PHYCUV,lda_shrunk,fenetre,INCT41,502,0.8550330294136479
esp_aves2_sl_eat_bio_ssl_all,PHYCUV,simple_prototype,fenetre,INCT17,99,0.1295495836209357
esp_aves2_sl_eat_bio_ssl_all,PHYCUV,simple_prototype,fenetre,INCT20955,383,0.5169274447528023
esp_aves2_sl_eat_bio_ssl_all,PHYCUV,simple_prototype,fenetre,INCT4,0,
esp_aves2_sl_eat_bio_ssl_all,PHYCUV,simple_prototype,fenetre,INCT41,502,0.2702782971798274
esp_aves2_sl_eat_bio_ssl_all,PHYCUV,attentive,fenetre,INCT17,99,0.44037942881621917
esp_aves2_sl_eat_bio_ssl_all,PHYCUV,attentive,fenetre,INCT20955,383,0.4418090741587174
esp_aves2_sl_eat_bio_ssl_all,PHYCUV,attentive,fenetre,INCT4,0,
esp_aves2_sl_eat_bio_ssl_all,PHYCUV,attentive,fenetre,INCT41,502,0.767162946464237
esp_aves2_sl_eat_bio_ssl_all,PHYCUV,logistic:max,fenetre,INCT17,99,0.42942692922574155
esp_aves2_sl_eat_bio_ssl_all,PHYCUV,logistic:max,fenetre,INCT20955,383,0.507519983282851
esp_aves2_sl_eat_bio_ssl_all,PHYCUV,logistic:max,fenetre,INCT4,0,
esp_aves2_sl_eat_bio_ssl_all,PHYCUV,logistic:max,fenetre,INCT41,502,0.8492007813534093
esp_aves2_sl_eat_bio_ssl_all,PHYCUV,proto_probe,fenetre,INCT17,99,0.6036633067786147
esp_aves2_sl_eat_bio_ssl_all,PHYCUV,proto_probe,fenetre,INCT20955,383,0.5887488570700454
esp_aves2_sl_eat_bio_ssl_all,PHYCUV,proto_probe,fenetre,INCT4,0,
esp_aves2_sl_eat_bio_ssl_all,PHYCUV,proto_probe,fenetre,INCT41,502,0.8865789914840155
esp_aves2_sl_eat_bio_ssl_all,PHYCUV,logistic,minute,INCT17,31,0.642581845203646
esp_aves2_sl_eat_bio_ssl_all,PHYCUV,logistic,minute,INCT20955,77,0.7685023734959078
esp_aves2_sl_eat_bio_ssl_all,PHYCUV,logistic,minute,INCT4,0,
esp_aves2_sl_eat_bio_ssl_all,PHYCUV,logistic,minute,INCT41,76,0.9404830860719361
esp_aves2_sl_eat_bio_ssl_all,PHYCUV,logistic+R37=glmm,minute,INCT17,31,0.646730241940852
esp_aves2_sl_eat_bio_ssl_all,PHYCUV,logistic+R37=glmm,minute,INCT20955,77,0.7712959914930468
esp_aves2_sl_eat_bio_ssl_all,PHYCUV,logistic+R37=glmm,minute,INCT4,0,
esp_aves2_sl_eat_bio_ssl_all,PHYCUV,logistic+R37=glmm,minute,INCT41,76,0.9399177974052374
esp_aves2_sl_eat_bio_ssl_all,PHYCUV,lda_shrunk,minute,INCT17,31,0.8063869787309178
esp_aves2_sl_eat_bio_ssl_all,PHYCUV,lda_shrunk,minute,INCT20955,77,0.7078344827801667
esp_aves2_sl_eat_bio_ssl_all,PHYCUV,lda_shrunk,minute,INCT4,0,
esp_aves2_sl_eat_bio_ssl_all,PHYCUV,lda_shrunk,minute,INCT41,76,0.9129509745626851
esp_aves2_sl_eat_bio_ssl_all,PHYCUV,simple_prototype,minute,INCT17,31,0.35174953831837275
esp_aves2_sl_eat_bio_ssl_all,PHYCUV,simple_prototype,minute,INCT20955,77,0.768904774214735
esp_aves2_sl_eat_bio_ssl_all,PHYCUV,simple_prototype,minute,INCT4,0,
esp_aves2_sl_eat_bio_ssl_all,PHYCUV,simple_prototype,minute,INCT41,76,0.46906150556054266
esp_aves2_sl_eat_bio_ssl_all,PHYCUV,attentive,minute,INCT17,31,0.6535908097622481
esp_aves2_sl_eat_bio_ssl_all,PHYCUV,attentive,minute,INCT20955,77,0.7182105903093502
esp_aves2_sl_eat_bio_ssl_all,PHYCUV,attentive,minute,INCT4,0,
esp_aves2_sl_eat_bio_ssl_all,PHYCUV,attentive,minute,INCT41,76,0.804058760841334
esp_aves2_sl_eat_bio_ssl_all,PHYCUV,logistic:max,minute,INCT17,31,0.6673207256690298
esp_aves2_sl_eat_bio_ssl_all,PHYCUV,logistic:max,minute,INCT20955,77,0.7468124619460291
esp_aves2_sl_eat_bio_ssl_all,PHYCUV,logistic:max,minute,INCT4,0,
esp_aves2_sl_eat_bio_ssl_all,PHYCUV,logistic:max,minute,INCT41,76,0.9062952959938771
esp_aves2_sl_eat_bio_ssl_all,PHYCUV,proto_probe,minute,INCT17,31,0.7893574066529917
esp_aves2_sl_eat_bio_ssl_all,PHYCUV,proto_probe,minute,INCT20955,77,0.8205985812096469
esp_aves2_sl_eat_bio_ssl_all,PHYCUV,proto_probe,minute,INCT4,0,
esp_aves2_sl_eat_bio_ssl_all,PHYCUV,proto_probe,minute,INCT41,76,0.9431158587878451
insect459,PHYCUV,logistic,fenetre,INCT17,87,0.06820119608081471
insect459,PHYCUV,logistic,fenetre,INCT20955,363,0.27219707368203444
insect459,PHYCUV,logistic,fenetre,INCT4,0,
insect459,PHYCUV,logistic,fenetre,INCT41,490,0.32134572755096436
insect459,PHYCUV,logistic+R37=glmm,fenetre,INCT17,87,0.06791677764564998
insect459,PHYCUV,logistic+R37=glmm,fenetre,INCT20955,363,0.2707510539338376
insect459,PHYCUV,logistic+R37=glmm,fenetre,INCT4,0,
insect459,PHYCUV,logistic+R37=glmm,fenetre,INCT41,490,0.3219980059697154
insect459,PHYCUV,lda_shrunk,fenetre,INCT17,87,0.20086413777072873
insect459,PHYCUV,lda_shrunk,fenetre,INCT20955,363,0.27465238248852825
insect459,PHYCUV,lda_shrunk,fenetre,INCT4,0,
insect459,PHYCUV,lda_shrunk,fenetre,INCT41,490,0.4874488308442636
insect459,PHYCUV,simple_prototype,fenetre,INCT17,87,0.04757376671550834
insect459,PHYCUV,simple_prototype,fenetre,INCT20955,363,0.09329207931910244
insect459,PHYCUV,simple_prototype,fenetre,INCT4,0,
insect459,PHYCUV,simple_prototype,fenetre,INCT41,490,0.1570645501350698
insect459,PHYCUV,logistic,minute,INCT17,31,0.20877491994227443
insect459,PHYCUV,logistic,minute,INCT20955,77,0.44535023136949126
insect459,PHYCUV,logistic,minute,INCT4,0,
insect459,PHYCUV,logistic,minute,INCT41,76,0.44240870434033763
insect459,PHYCUV,logistic+R37=glmm,minute,INCT17,31,0.20964929034937446
insect459,PHYCUV,logistic+R37=glmm,minute,INCT20955,77,0.44353670777083987
insect459,PHYCUV,logistic+R37=glmm,minute,INCT4,0,
insect459,PHYCUV,logistic+R37=glmm,minute,INCT41,76,0.44372711732829656
insect459,PHYCUV,lda_shrunk,minute,INCT17,31,0.3826672193772653
insect459,PHYCUV,lda_shrunk,minute,INCT20955,77,0.420089347484015
insect459,PHYCUV,lda_shrunk,minute,INCT4,0,
insect459,PHYCUV,lda_shrunk,minute,INCT41,76,0.6132188401872106
insect459,PHYCUV,simple_prototype,minute,INCT17,31,0.13892540111621898
insect459,PHYCUV,simple_prototype,minute,INCT20955,77,0.1886285046161275
insect459,PHYCUV,simple_prototype,minute,INCT4,0,
insect459,PHYCUV,simple_prototype,minute,INCT41,76,0.2567109974000126
insect66,PHYCUV,logistic,fenetre,INCT17,87,0.09822485342306847
insect66,PHYCUV,logistic,fenetre,INCT20955,363,0.25079079390522024
insect66,PHYCUV,logistic,fenetre,INCT4,0,
insect66,PHYCUV,logistic,fenetre,INCT41,490,0.3614549301531504
insect66,PHYCUV,logistic+R37=glmm,fenetre,INCT17,87,0.09527796428844403
insect66,PHYCUV,logistic+R37=glmm,fenetre,INCT20955,363,0.2551124592991782
insect66,PHYCUV,logistic+R37=glmm,fenetre,INCT4,0,
insect66,PHYCUV,logistic+R37=glmm,fenetre,INCT41,490,0.36697728937160634
insect66,PHYCUV,lda_shrunk,fenetre,INCT17,87,0.12285091208511324
insect66,PHYCUV,lda_shrunk,fenetre,INCT20955,363,0.17606266149061767
insect66,PHYCUV,lda_shrunk,fenetre,INCT4,0,
insect66,PHYCUV,lda_shrunk,fenetre,INCT41,490,0.39674763718171807
insect66,PHYCUV,simple_prototype,fenetre,INCT17,87,0.0655532855550169
insect66,PHYCUV,simple_prototype,fenetre,INCT20955,363,0.1078251874115001
insect66,PHYCUV,simple_prototype,fenetre,INCT4,0,
insect66,PHYCUV,simple_prototype,fenetre,INCT41,490,0.13035445498840137
insect66,PHYCUV,logistic,minute,INCT17,31,0.24890424147232737
insect66,PHYCUV,logistic,minute,INCT20955,77,0.4304173789362772
insect66,PHYCUV,logistic,minute,INCT4,0,
insect66,PHYCUV,logistic,minute,INCT41,76,0.49427664716418845
insect66,PHYCUV,logistic+R37=glmm,minute,INCT17,31,0.24801691839597
insect66,PHYCUV,logistic+R37=glmm,minute,INCT20955,77,0.43516256255196833
insect66,PHYCUV,logistic+R37=glmm,minute,INCT4,0,
insect66,PHYCUV,logistic+R37=glmm,minute,INCT41,76,0.5010992239958464
insect66,PHYCUV,lda_shrunk,minute,INCT17,31,0.29633507659309627
insect66,PHYCUV,lda_shrunk,minute,INCT20955,77,0.32742128511493745
insect66,PHYCUV,lda_shrunk,minute,INCT4,0,
insect66,PHYCUV,lda_shrunk,minute,INCT41,76,0.5979993296433814
insect66,PHYCUV,simple_prototype,minute,INCT17,31,0.1721789600683221
insect66,PHYCUV,simple_prototype,minute,INCT20955,77,0.22585647233705125
insect66,PHYCUV,simple_prototype,minute,INCT4,0,
insect66,PHYCUV,simple_prototype,minute,INCT41,76,0.21107554202877024
naturebeats,PHYCUV,logistic,fenetre,INCT17,99,0.48318136154434616
naturebeats,PHYCUV,logistic,fenetre,INCT20955,383,0.7393613037185789
naturebeats,PHYCUV,logistic,fenetre,INCT4,0,
naturebeats,PHYCUV,logistic,fenetre,INCT41,502,0.8940943522783359
naturebeats,PHYCUV,logistic+R37=glmm,fenetre,INCT17,99,0.48449360983032524
naturebeats,PHYCUV,logistic+R37=glmm,fenetre,INCT20955,383,0.7427113632459386
naturebeats,PHYCUV,logistic+R37=glmm,fenetre,INCT4,0,
naturebeats,PHYCUV,logistic+R37=glmm,fenetre,INCT41,502,0.8967226175255012
naturebeats,PHYCUV,lda_shrunk,fenetre,INCT17,99,0.6084079353288704
naturebeats,PHYCUV,lda_shrunk,fenetre,INCT20955,383,0.6723552852075523
naturebeats,PHYCUV,lda_shrunk,fenetre,INCT4,0,
naturebeats,PHYCUV,lda_shrunk,fenetre,INCT41,502,0.8408246336725406
naturebeats,PHYCUV,simple_prototype,fenetre,INCT17,99,0.17779602545881149
naturebeats,PHYCUV,simple_prototype,fenetre,INCT20955,383,0.3383655739740997
naturebeats,PHYCUV,simple_prototype,fenetre,INCT4,0,
naturebeats,PHYCUV,simple_prototype,fenetre,INCT41,502,0.300377431091433
naturebeats,PHYCUV,attentive,fenetre,INCT17,99,0.37069103865955627
naturebeats,PHYCUV,attentive,fenetre,INCT20955,383,0.6211730721766727
naturebeats,PHYCUV,attentive,fenetre,INCT4,0,
naturebeats,PHYCUV,attentive,fenetre,INCT41,502,0.842543563060802
naturebeats,PHYCUV,logistic:max,fenetre,INCT17,99,0.45163577872356697
naturebeats,PHYCUV,logistic:max,fenetre,INCT20955,383,0.7187673127157918
naturebeats,PHYCUV,logistic:max,fenetre,INCT4,0,
naturebeats,PHYCUV,logistic:max,fenetre,INCT41,502,0.8868424282140266
naturebeats,PHYCUV,proto_probe,fenetre,INCT17,99,0.9156280922476451
naturebeats,PHYCUV,proto_probe,fenetre,INCT20955,383,0.8391166429466649
naturebeats,PHYCUV,proto_probe,fenetre,INCT4,0,
naturebeats,PHYCUV,proto_probe,fenetre,INCT41,502,0.9715968494660082
naturebeats,PHYCUV,logistic,minute,INCT17,31,0.771937208749228
naturebeats,PHYCUV,logistic,minute,INCT20955,77,0.9097263565767999
naturebeats,PHYCUV,logistic,minute,INCT4,0,
naturebeats,PHYCUV,logistic,minute,INCT41,76,0.9058375967753192
naturebeats,PHYCUV,logistic+R37=glmm,minute,INCT17,31,0.7726851275837753
naturebeats,PHYCUV,logistic+R37=glmm,minute,INCT20955,77,0.9200821863851992
naturebeats,PHYCUV,logistic+R37=glmm,minute,INCT4,0,
naturebeats,PHYCUV,logistic+R37=glmm,minute,INCT41,76,0.9091984718062596
naturebeats,PHYCUV,lda_shrunk,minute,INCT17,31,0.8534007956150766
naturebeats,PHYCUV,lda_shrunk,minute,INCT20955,77,0.8479492186192383
naturebeats,PHYCUV,lda_shrunk,minute,INCT4,0,
naturebeats,PHYCUV,lda_shrunk,minute,INCT41,76,0.8652578869101711
naturebeats,PHYCUV,simple_prototype,minute,INCT17,31,0.4284099896262229
naturebeats,PHYCUV,simple_prototype,minute,INCT20955,77,0.5205131341947745
naturebeats,PHYCUV,simple_prototype,minute,INCT4,0,
naturebeats,PHYCUV,simple_prototype,minute,INCT41,76,0.44138081760254894
naturebeats,PHYCUV,attentive,minute,INCT17,31,0.6351830006411184
naturebeats,PHYCUV,attentive,minute,INCT20955,77,0.7843955148478444
naturebeats,PHYCUV,attentive,minute,INCT4,0,
naturebeats,PHYCUV,attentive,minute,INCT41,76,0.8590565463149477
naturebeats,PHYCUV,logistic:max,minute,INCT17,31,0.7447805708631935
naturebeats,PHYCUV,logistic:max,minute,INCT20955,77,0.896862841713931
naturebeats,PHYCUV,logistic:max,minute,INCT4,0,
naturebeats,PHYCUV,logistic:max,minute,INCT41,76,0.8975938505036808
naturebeats,PHYCUV,proto_probe,minute,INCT17,31,0.9989919354838708
naturebeats,PHYCUV,proto_probe,minute,INCT20955,77,0.967765569514302
naturebeats,PHYCUV,proto_probe,minute,INCT4,0,
naturebeats,PHYCUV,proto_probe,minute,INCT41,76,0.9835828929177265
perch_bird,PHYCUV,logistic,fenetre,INCT17,99,0.7812365096442443
perch_bird,PHYCUV,logistic,fenetre,INCT20955,383,0.6773213403144215
perch_bird,PHYCUV,logistic,fenetre,INCT4,0,
perch_bird,PHYCUV,logistic,fenetre,INCT41,502,0.9380787534315475
perch_bird,PHYCUV,logistic+R37=glmm,fenetre,INCT17,99,0.7831976497025559
perch_bird,PHYCUV,logistic+R37=glmm,fenetre,INCT20955,383,0.6726618403465865
perch_bird,PHYCUV,logistic+R37=glmm,fenetre,INCT4,0,
perch_bird,PHYCUV,logistic+R37=glmm,fenetre,INCT41,502,0.9376700739025632
perch_bird,PHYCUV,lda_shrunk,fenetre,INCT17,99,0.6224261240660279
perch_bird,PHYCUV,lda_shrunk,fenetre,INCT20955,383,0.7104900688999177
perch_bird,PHYCUV,lda_shrunk,fenetre,INCT4,0,
perch_bird,PHYCUV,lda_shrunk,fenetre,INCT41,502,0.9485974085719022
perch_bird,PHYCUV,logistic,minute,INCT17,31,0.9131120967815602
perch_bird,PHYCUV,logistic,minute,INCT20955,77,0.9206226764735352
perch_bird,PHYCUV,logistic,minute,INCT4,0,
perch_bird,PHYCUV,logistic,minute,INCT41,76,0.9610335145814968
perch_bird,PHYCUV,logistic+R37=glmm,minute,INCT17,31,0.9143676615542927
perch_bird,PHYCUV,logistic+R37=glmm,minute,INCT20955,77,0.9190093690538792
perch_bird,PHYCUV,logistic+R37=glmm,minute,INCT4,0,
perch_bird,PHYCUV,logistic+R37=glmm,minute,INCT41,76,0.9593967521622524
perch_bird,PHYCUV,lda_shrunk,minute,INCT17,31,0.7926817531081173
perch_bird,PHYCUV,lda_shrunk,minute,INCT20955,77,0.9286401545971071
perch_bird,PHYCUV,lda_shrunk,minute,INCT4,0,
perch_bird,PHYCUV,lda_shrunk,minute,INCT41,76,0.9653681992303833
perch_v2,PHYCUV,logistic,fenetre,INCT17,99,0.8522440119284086
perch_v2,PHYCUV,logistic,fenetre,INCT20955,383,0.8124773191507497
perch_v2,PHYCUV,logistic,fenetre,INCT4,0,
perch_v2,PHYCUV,logistic,fenetre,INCT41,502,0.9630763634667058
perch_v2,PHYCUV,logistic+R37=glmm,fenetre,INCT17,99,0.851173923056766
perch_v2,PHYCUV,logistic+R37=glmm,fenetre,INCT20955,383,0.8115695752883574
perch_v2,PHYCUV,logistic+R37=glmm,fenetre,INCT4,0,
perch_v2,PHYCUV,logistic+R37=glmm,fenetre,INCT41,502,0.9630502306456995
perch_v2,PHYCUV,lda_shrunk,fenetre,INCT17,99,0.6985310047032706
perch_v2,PHYCUV,lda_shrunk,fenetre,INCT20955,383,0.8567016794966948
perch_v2,PHYCUV,lda_shrunk,fenetre,INCT4,0,
perch_v2,PHYCUV,lda_shrunk,fenetre,INCT41,502,0.9622383367833861
perch_v2,PHYCUV,simple_prototype,fenetre,INCT17,99,0.21627407039649893
perch_v2,PHYCUV,simple_prototype,fenetre,INCT20955,383,0.5910954546530428
perch_v2,PHYCUV,simple_prototype,fenetre,INCT4,0,
perch_v2,PHYCUV,simple_prototype,fenetre,INCT41,502,0.6533957865701535
perch_v2,PHYCUV,attentive,fenetre,INCT17,99,0.7526173461600923
perch_v2,PHYCUV,attentive,fenetre,INCT20955,383,0.8185824928536383
perch_v2,PHYCUV,attentive,fenetre,INCT4,0,
perch_v2,PHYCUV,attentive,fenetre,INCT41,502,0.9350930299786727
perch_v2,PHYCUV,logistic:max,fenetre,INCT17,99,0.6719894472072058
perch_v2,PHYCUV,logistic:max,fenetre,INCT20955,383,0.705761486745747
perch_v2,PHYCUV,logistic:max,fenetre,INCT4,0,
perch_v2,PHYCUV,logistic:max,fenetre,INCT41,502,0.9069995577471698
perch_v2,PHYCUV,proto_probe,fenetre,INCT17,99,0.8040947102769892
perch_v2,PHYCUV,proto_probe,fenetre,INCT20955,383,0.8000115312251882
perch_v2,PHYCUV,proto_probe,fenetre,INCT4,0,
perch_v2,PHYCUV,proto_probe,fenetre,INCT41,502,0.9501774686819993
perch_v2,PHYCUV,logistic,minute,INCT17,31,0.9400389323662979
perch_v2,PHYCUV,logistic,minute,INCT20955,77,0.9576507102127524
perch_v2,PHYCUV,logistic,minute,INCT4,0,
perch_v2,PHYCUV,logistic,minute,INCT41,76,0.9828634836645884
perch_v2,PHYCUV,logistic+R37=glmm,minute,INCT17,31,0.9400389323662979
perch_v2,PHYCUV,logistic+R37=glmm,minute,INCT20955,77,0.9575332055650897
perch_v2,PHYCUV,logistic+R37=glmm,minute,INCT4,0,
perch_v2,PHYCUV,logistic+R37=glmm,minute,INCT41,76,0.9825369185289727
perch_v2,PHYCUV,lda_shrunk,minute,INCT17,31,0.8646547802269986
perch_v2,PHYCUV,lda_shrunk,minute,INCT20955,77,0.9729967298140318
perch_v2,PHYCUV,lda_shrunk,minute,INCT4,0,
perch_v2,PHYCUV,lda_shrunk,minute,INCT41,76,0.988219006867953
perch_v2,PHYCUV,simple_prototype,minute,INCT17,31,0.40032987744293574
perch_v2,PHYCUV,simple_prototype,minute,INCT20955,77,0.7385058154055649
perch_v2,PHYCUV,simple_prototype,minute,INCT4,0,
perch_v2,PHYCUV,simple_prototype,minute,INCT41,76,0.710953039136151
perch_v2,PHYCUV,attentive,minute,INCT17,31,0.9166941947470318
perch_v2,PHYCUV,attentive,minute,INCT20955,77,0.9340577210835932
perch_v2,PHYCUV,attentive,minute,INCT4,0,
perch_v2,PHYCUV,attentive,minute,INCT41,76,0.9782784871266477
perch_v2,PHYCUV,logistic:max,minute,INCT17,31,0.8439971660396561
perch_v2,PHYCUV,logistic:max,minute,INCT20955,77,0.9054179563130794
perch_v2,PHYCUV,logistic:max,minute,INCT4,0,
perch_v2,PHYCUV,logistic:max,minute,INCT41,76,0.9504768377563871
perch_v2,PHYCUV,proto_probe,minute,INCT17,31,0.9316504750893049
perch_v2,PHYCUV,proto_probe,minute,INCT20955,77,0.9692506053346502
perch_v2,PHYCUV,proto_probe,minute,INCT4,0,
perch_v2,PHYCUV,proto_probe,minute,INCT41,76,0.9587482349193364
protoclr,PHYCUV,logistic,fenetre,INCT17,84,0.09391096323730673
protoclr,PHYCUV,logistic,fenetre,INCT20955,314,0.05937884467631055
protoclr,PHYCUV,logistic,fenetre,INCT4,0,
protoclr,PHYCUV,logistic,fenetre,INCT41,433,0.41918883307524535
protoclr,PHYCUV,logistic+R37=glmm,fenetre,INCT17,84,0.09276445239104093
protoclr,PHYCUV,logistic+R37=glmm,fenetre,INCT20955,314,0.06682156642619445
protoclr,PHYCUV,logistic+R37=glmm,fenetre,INCT4,0,
protoclr,PHYCUV,logistic+R37=glmm,fenetre,INCT41,433,0.4402969770735269
protoclr,PHYCUV,lda_shrunk,fenetre,INCT17,84,0.15112255996596077
protoclr,PHYCUV,lda_shrunk,fenetre,INCT20955,314,0.08298383133574741
protoclr,PHYCUV,lda_shrunk,fenetre,INCT4,0,
protoclr,PHYCUV,lda_shrunk,fenetre,INCT41,433,0.5471961684732471
protoclr,PHYCUV,logistic,minute,INCT17,31,0.24909836627235576
protoclr,PHYCUV,logistic,minute,INCT20955,77,0.16194667360366805
protoclr,PHYCUV,logistic,minute,INCT4,0,
protoclr,PHYCUV,logistic,minute,INCT41,76,0.46664879416577304
protoclr,PHYCUV,logistic+R37=glmm,minute,INCT17,31,0.2490408473386002
protoclr,PHYCUV,logistic+R37=glmm,minute,INCT20955,77,0.17361626816086817
protoclr,PHYCUV,logistic+R37=glmm,minute,INCT4,0,
protoclr,PHYCUV,logistic+R37=glmm,minute,INCT41,76,0.4843106904125297
protoclr,PHYCUV,lda_shrunk,minute,INCT17,31,0.38243712582440803
protoclr,PHYCUV,lda_shrunk,minute,INCT20955,77,0.18962963093843627
protoclr,PHYCUV,lda_shrunk,minute,INCT4,0,
protoclr,PHYCUV,lda_shrunk,minute,INCT41,76,0.5860758332571838
rcl_fs_bsed,PHYCUV,logistic,fenetre,INCT17,3082,0.05165888370811503
rcl_fs_bsed,PHYCUV,logistic,fenetre,INCT20955,11550,0.26770624381034014
rcl_fs_bsed,PHYCUV,logistic,fenetre,INCT4,0,
rcl_fs_bsed,PHYCUV,logistic,fenetre,INCT41,12578,0.26850010796538476
rcl_fs_bsed,PHYCUV,logistic+R37=glmm,fenetre,INCT17,3082,0.05174924097779484
rcl_fs_bsed,PHYCUV,logistic+R37=glmm,fenetre,INCT20955,11550,0.26650449304406076
rcl_fs_bsed,PHYCUV,logistic+R37=glmm,fenetre,INCT4,0,
rcl_fs_bsed,PHYCUV,logistic+R37=glmm,fenetre,INCT41,12578,0.23306052740868266
rcl_fs_bsed,PHYCUV,lda_shrunk,fenetre,INCT17,3082,0.049377101158664866
rcl_fs_bsed,PHYCUV,lda_shrunk,fenetre,INCT20955,11550,0.29844206842227106
rcl_fs_bsed,PHYCUV,lda_shrunk,fenetre,INCT4,0,
rcl_fs_bsed,PHYCUV,lda_shrunk,fenetre,INCT41,12578,0.3751866133235511
rcl_fs_bsed,PHYCUV,simple_prototype,fenetre,INCT17,3082,0.032674580931574125
rcl_fs_bsed,PHYCUV,simple_prototype,fenetre,INCT20955,11550,0.05270610550036638
rcl_fs_bsed,PHYCUV,simple_prototype,fenetre,INCT4,0,
rcl_fs_bsed,PHYCUV,simple_prototype,fenetre,INCT41,12578,0.16589683268388392
rcl_fs_bsed,PHYCUV,logistic,minute,INCT17,31,0.263190590481782
rcl_fs_bsed,PHYCUV,logistic,minute,INCT20955,77,0.555797922669612
rcl_fs_bsed,PHYCUV,logistic,minute,INCT4,0,
rcl_fs_bsed,PHYCUV,logistic,minute,INCT41,76,0.43478640481251263
rcl_fs_bsed,PHYCUV,logistic+R37=glmm,minute,INCT17,31,0.2631287533876192
rcl_fs_bsed,PHYCUV,logistic+R37=glmm,minute,INCT20955,77,0.5529524582488756
rcl_fs_bsed,PHYCUV,logistic+R37=glmm,minute,INCT4,0,
rcl_fs_bsed,PHYCUV,logistic+R37=glmm,minute,INCT41,76,0.39857689111145606
rcl_fs_bsed,PHYCUV,lda_shrunk,minute,INCT17,31,0.2121715461327291
rcl_fs_bsed,PHYCUV,lda_shrunk,minute,INCT20955,77,0.6295220872670538
rcl_fs_bsed,PHYCUV,lda_shrunk,minute,INCT4,0,
rcl_fs_bsed,PHYCUV,lda_shrunk,minute,INCT41,76,0.604472466133917
rcl_fs_bsed,PHYCUV,simple_prototype,minute,INCT17,31,0.11012966740608283
rcl_fs_bsed,PHYCUV,simple_prototype,minute,INCT20955,77,0.1176358077464264
rcl_fs_bsed,PHYCUV,simple_prototype,minute,INCT4,0,
rcl_fs_bsed,PHYCUV,simple_prototype,minute,INCT41,76,0.2683906731813775
audioprotopnet,LEPLAT,logistic,fenetre,INCT17,0,
audioprotopnet,LEPLAT,logistic,fenetre,INCT20955,1473,0.9053241191159069
audioprotopnet,LEPLAT,logistic,fenetre,INCT4,82,0.6290640295880382
audioprotopnet,LEPLAT,logistic,fenetre,INCT41,0,
audioprotopnet,LEPLAT,logistic+R37=glmm,fenetre,INCT17,0,
audioprotopnet,LEPLAT,logistic+R37=glmm,fenetre,INCT20955,1473,0.9063340475987519
audioprotopnet,LEPLAT,logistic+R37=glmm,fenetre,INCT4,82,0.6289231554743807
audioprotopnet,LEPLAT,logistic+R37=glmm,fenetre,INCT41,0,
audioprotopnet,LEPLAT,lda_shrunk,fenetre,INCT17,0,
audioprotopnet,LEPLAT,lda_shrunk,fenetre,INCT20955,1473,0.8646038956436395
audioprotopnet,LEPLAT,lda_shrunk,fenetre,INCT4,82,0.3938276679060325
audioprotopnet,LEPLAT,lda_shrunk,fenetre,INCT41,0,
audioprotopnet,LEPLAT,simple_prototype,fenetre,INCT17,0,
audioprotopnet,LEPLAT,simple_prototype,fenetre,INCT20955,1473,0.31413399701824696
audioprotopnet,LEPLAT,simple_prototype,fenetre,INCT4,82,0.12331509386728097
audioprotopnet,LEPLAT,simple_prototype,fenetre,INCT41,0,
audioprotopnet,LEPLAT,logistic,minute,INCT17,0,
audioprotopnet,LEPLAT,logistic,minute,INCT20955,176,0.9405942486332668
audioprotopnet,LEPLAT,logistic,minute,INCT4,12,0.7767453611203611
audioprotopnet,LEPLAT,logistic,minute,INCT41,0,
audioprotopnet,LEPLAT,logistic+R37=glmm,minute,INCT17,0,
audioprotopnet,LEPLAT,logistic+R37=glmm,minute,INCT20955,176,0.9396544852427051
audioprotopnet,LEPLAT,logistic+R37=glmm,minute,INCT4,12,0.7742963015592327
audioprotopnet,LEPLAT,logistic+R37=glmm,minute,INCT41,0,
audioprotopnet,LEPLAT,lda_shrunk,minute,INCT17,0,
audioprotopnet,LEPLAT,lda_shrunk,minute,INCT20955,176,0.9242825410025237
audioprotopnet,LEPLAT,lda_shrunk,minute,INCT4,12,0.6075267143894595
audioprotopnet,LEPLAT,lda_shrunk,minute,INCT41,0,
audioprotopnet,LEPLAT,simple_prototype,minute,INCT17,0,
audioprotopnet,LEPLAT,simple_prototype,minute,INCT20955,176,0.39623265797620233
audioprotopnet,LEPLAT,simple_prototype,minute,INCT4,12,0.22181253243024782
audioprotopnet,LEPLAT,simple_prototype,minute,INCT41,0,
beats,LEPLAT,logistic,fenetre,INCT17,0,
beats,LEPLAT,logistic,fenetre,INCT20955,1473,0.46476104837825355
beats,LEPLAT,logistic,fenetre,INCT4,82,0.23391623750752388
beats,LEPLAT,logistic,fenetre,INCT41,0,
beats,LEPLAT,logistic+R37=glmm,fenetre,INCT17,0,
beats,LEPLAT,logistic+R37=glmm,fenetre,INCT20955,1473,0.4938925670750024
beats,LEPLAT,logistic+R37=glmm,fenetre,INCT4,82,0.2796682945452959
beats,LEPLAT,logistic+R37=glmm,fenetre,INCT41,0,
beats,LEPLAT,lda_shrunk,fenetre,INCT17,0,
beats,LEPLAT,lda_shrunk,fenetre,INCT20955,1473,0.46766276052519085
beats,LEPLAT,lda_shrunk,fenetre,INCT4,82,0.0825213477566956
beats,LEPLAT,lda_shrunk,fenetre,INCT41,0,
beats,LEPLAT,simple_prototype,fenetre,INCT17,0,
beats,LEPLAT,simple_prototype,fenetre,INCT20955,1473,0.3213217387902987
beats,LEPLAT,simple_prototype,fenetre,INCT4,82,0.0318553167373373
beats,LEPLAT,simple_prototype,fenetre,INCT41,0,
beats,LEPLAT,attentive,fenetre,INCT17,0,
beats,LEPLAT,attentive,fenetre,INCT20955,1473,0.414876742582912
beats,LEPLAT,attentive,fenetre,INCT4,82,0.05928172459053266
beats,LEPLAT,attentive,fenetre,INCT41,0,
beats,LEPLAT,logistic:max,fenetre,INCT17,0,
beats,LEPLAT,logistic:max,fenetre,INCT20955,1473,0.4840973083060358
beats,LEPLAT,logistic:max,fenetre,INCT4,82,0.2899303373244534
beats,LEPLAT,logistic:max,fenetre,INCT41,0,
beats,LEPLAT,proto_probe,fenetre,INCT17,0,
beats,LEPLAT,proto_probe,fenetre,INCT20955,1473,0.530858634629512
beats,LEPLAT,proto_probe,fenetre,INCT4,82,0.5335429683469836
beats,LEPLAT,proto_probe,fenetre,INCT41,0,
beats,LEPLAT,logistic,minute,INCT17,0,
beats,LEPLAT,logistic,minute,INCT20955,176,0.6059075960333811
beats,LEPLAT,logistic,minute,INCT4,12,0.3767431128964846
beats,LEPLAT,logistic,minute,INCT41,0,
beats,LEPLAT,logistic+R37=glmm,minute,INCT17,0,
beats,LEPLAT,logistic+R37=glmm,minute,INCT20955,176,0.6274390991429304
beats,LEPLAT,logistic+R37=glmm,minute,INCT4,12,0.43033117565603174
beats,LEPLAT,logistic+R37=glmm,minute,INCT41,0,
beats,LEPLAT,lda_shrunk,minute,INCT17,0,
beats,LEPLAT,lda_shrunk,minute,INCT20955,176,0.6095851489808105
beats,LEPLAT,lda_shrunk,minute,INCT4,12,0.13588738260727487
beats,LEPLAT,lda_shrunk,minute,INCT41,0,
beats,LEPLAT,simple_prototype,minute,INCT17,0,
beats,LEPLAT,simple_prototype,minute,INCT20955,176,0.41988797326226424
beats,LEPLAT,simple_prototype,minute,INCT4,12,0.06657637040572507
beats,LEPLAT,simple_prototype,minute,INCT41,0,
beats,LEPLAT,attentive,minute,INCT17,0,
beats,LEPLAT,attentive,minute,INCT20955,176,0.5856290985817767
beats,LEPLAT,attentive,minute,INCT4,12,0.11315303808119842
beats,LEPLAT,attentive,minute,INCT41,0,
beats,LEPLAT,logistic:max,minute,INCT17,0,
beats,LEPLAT,logistic:max,minute,INCT20955,176,0.6246648903749188
beats,LEPLAT,logistic:max,minute,INCT4,12,0.4045860474003433
beats,LEPLAT,logistic:max,minute,INCT41,0,
beats,LEPLAT,proto_probe,minute,INCT17,0,
beats,LEPLAT,proto_probe,minute,INCT20955,176,0.6483266375381027
beats,LEPLAT,proto_probe,minute,INCT4,12,0.6731043264487288
beats,LEPLAT,proto_probe,minute,INCT41,0,
birdmae_base,LEPLAT,logistic,fenetre,INCT17,0,
birdmae_base,LEPLAT,logistic,fenetre,INCT20955,1473,0.5318746485490661
birdmae_base,LEPLAT,logistic,fenetre,INCT4,82,0.15501880796769105
birdmae_base,LEPLAT,logistic,fenetre,INCT41,0,
birdmae_base,LEPLAT,logistic+R37=glmm,fenetre,INCT17,0,
birdmae_base,LEPLAT,logistic+R37=glmm,fenetre,INCT20955,1473,0.5473952806250688
birdmae_base,LEPLAT,logistic+R37=glmm,fenetre,INCT4,82,0.15021982125873626
birdmae_base,LEPLAT,logistic+R37=glmm,fenetre,INCT41,0,
birdmae_base,LEPLAT,lda_shrunk,fenetre,INCT17,0,
birdmae_base,LEPLAT,lda_shrunk,fenetre,INCT20955,1473,0.7899413821387007
birdmae_base,LEPLAT,lda_shrunk,fenetre,INCT4,82,0.15871340874008458
birdmae_base,LEPLAT,lda_shrunk,fenetre,INCT41,0,
birdmae_base,LEPLAT,simple_prototype,fenetre,INCT17,0,
birdmae_base,LEPLAT,simple_prototype,fenetre,INCT20955,1473,0.46893690007686994
birdmae_base,LEPLAT,simple_prototype,fenetre,INCT4,82,0.017513377713718
birdmae_base,LEPLAT,simple_prototype,fenetre,INCT41,0,
birdmae_base,LEPLAT,attentive,fenetre,INCT17,0,
birdmae_base,LEPLAT,attentive,fenetre,INCT20955,1473,0.6436680719925537
birdmae_base,LEPLAT,attentive,fenetre,INCT4,82,0.2704129505177476
birdmae_base,LEPLAT,attentive,fenetre,INCT41,0,
birdmae_base,LEPLAT,logistic:max,fenetre,INCT17,0,
birdmae_base,LEPLAT,logistic:max,fenetre,INCT20955,1473,0.498939067641027
birdmae_base,LEPLAT,logistic:max,fenetre,INCT4,82,0.10252508127303953
birdmae_base,LEPLAT,logistic:max,fenetre,INCT41,0,
birdmae_base,LEPLAT,proto_probe,fenetre,INCT17,0,
birdmae_base,LEPLAT,proto_probe,fenetre,INCT20955,1473,0.7977849759680012
birdmae_base,LEPLAT,proto_probe,fenetre,INCT4,82,0.5873647118186504
birdmae_base,LEPLAT,proto_probe,fenetre,INCT41,0,
birdmae_base,LEPLAT,logistic,minute,INCT17,0,
birdmae_base,LEPLAT,logistic,minute,INCT20955,176,0.6276533963420519
birdmae_base,LEPLAT,logistic,minute,INCT4,12,0.2622942459396484
birdmae_base,LEPLAT,logistic,minute,INCT41,0,
birdmae_base,LEPLAT,logistic+R37=glmm,minute,INCT17,0,
birdmae_base,LEPLAT,logistic+R37=glmm,minute,INCT20955,176,0.6401253849483352
birdmae_base,LEPLAT,logistic+R37=glmm,minute,INCT4,12,0.2380745050493124
birdmae_base,LEPLAT,logistic+R37=glmm,minute,INCT41,0,
birdmae_base,LEPLAT,lda_shrunk,minute,INCT17,0,
birdmae_base,LEPLAT,lda_shrunk,minute,INCT20955,176,0.8315329147074724
birdmae_base,LEPLAT,lda_shrunk,minute,INCT4,12,0.38081069774938925
birdmae_base,LEPLAT,lda_shrunk,minute,INCT41,0,
birdmae_base,LEPLAT,simple_prototype,minute,INCT17,0,
birdmae_base,LEPLAT,simple_prototype,minute,INCT20955,176,0.5917587503084647
birdmae_base,LEPLAT,simple_prototype,minute,INCT4,12,0.032553223459745026
birdmae_base,LEPLAT,simple_prototype,minute,INCT41,0,
birdmae_base,LEPLAT,attentive,minute,INCT17,0,
birdmae_base,LEPLAT,attentive,minute,INCT20955,176,0.7356621964470319
birdmae_base,LEPLAT,attentive,minute,INCT4,12,0.36837127747453835
birdmae_base,LEPLAT,attentive,minute,INCT41,0,
birdmae_base,LEPLAT,logistic:max,minute,INCT17,0,
birdmae_base,LEPLAT,logistic:max,minute,INCT20955,176,0.6160312421141821
birdmae_base,LEPLAT,logistic:max,minute,INCT4,12,0.23867029148790245
birdmae_base,LEPLAT,logistic:max,minute,INCT41,0,
birdmae_base,LEPLAT,proto_probe,minute,INCT17,0,
birdmae_base,LEPLAT,proto_probe,minute,INCT20955,176,0.8457570399085143
birdmae_base,LEPLAT,proto_probe,minute,INCT4,12,0.6379361379361379
birdmae_base,LEPLAT,proto_probe,minute,INCT41,0,
birdmae_huge,LEPLAT,logistic,fenetre,INCT17,0,
birdmae_huge,LEPLAT,logistic,fenetre,INCT20955,1473,0.47251102916935644
birdmae_huge,LEPLAT,logistic,fenetre,INCT4,82,0.052511765638802416
birdmae_huge,LEPLAT,logistic,fenetre,INCT41,0,
birdmae_huge,LEPLAT,logistic+R37=glmm,fenetre,INCT17,0,
birdmae_huge,LEPLAT,logistic+R37=glmm,fenetre,INCT20955,1473,0.4763535500692855
birdmae_huge,LEPLAT,logistic+R37=glmm,fenetre,INCT4,82,0.0596665347390606
birdmae_huge,LEPLAT,logistic+R37=glmm,fenetre,INCT41,0,
birdmae_huge,LEPLAT,lda_shrunk,fenetre,INCT17,0,
birdmae_huge,LEPLAT,lda_shrunk,fenetre,INCT20955,1473,0.6566791780235428
birdmae_huge,LEPLAT,lda_shrunk,fenetre,INCT4,82,0.03202744796917866
birdmae_huge,LEPLAT,lda_shrunk,fenetre,INCT41,0,
birdmae_huge,LEPLAT,logistic,minute,INCT17,0,
birdmae_huge,LEPLAT,logistic,minute,INCT20955,176,0.5437240433186198
birdmae_huge,LEPLAT,logistic,minute,INCT4,12,0.11988509355228047
birdmae_huge,LEPLAT,logistic,minute,INCT41,0,
birdmae_huge,LEPLAT,logistic+R37=glmm,minute,INCT17,0,
birdmae_huge,LEPLAT,logistic+R37=glmm,minute,INCT20955,176,0.545660090280745
birdmae_huge,LEPLAT,logistic+R37=glmm,minute,INCT4,12,0.12600934107041897
birdmae_huge,LEPLAT,logistic+R37=glmm,minute,INCT41,0,
birdmae_huge,LEPLAT,lda_shrunk,minute,INCT17,0,
birdmae_huge,LEPLAT,lda_shrunk,minute,INCT20955,176,0.7326554709153044
birdmae_huge,LEPLAT,lda_shrunk,minute,INCT4,12,0.09116100640709024
birdmae_huge,LEPLAT,lda_shrunk,minute,INCT41,0,
birdmae_large,LEPLAT,logistic,fenetre,INCT17,0,
birdmae_large,LEPLAT,logistic,fenetre,INCT20955,1473,0.39972538831713883
birdmae_large,LEPLAT,logistic,fenetre,INCT4,82,0.10288646544471869
birdmae_large,LEPLAT,logistic,fenetre,INCT41,0,
birdmae_large,LEPLAT,logistic+R37=glmm,fenetre,INCT17,0,
birdmae_large,LEPLAT,logistic+R37=glmm,fenetre,INCT20955,1473,0.4254972710777096
birdmae_large,LEPLAT,logistic+R37=glmm,fenetre,INCT4,82,0.10393280032248298
birdmae_large,LEPLAT,logistic+R37=glmm,fenetre,INCT41,0,
birdmae_large,LEPLAT,lda_shrunk,fenetre,INCT17,0,
birdmae_large,LEPLAT,lda_shrunk,fenetre,INCT20955,1473,0.6061204943078335
birdmae_large,LEPLAT,lda_shrunk,fenetre,INCT4,82,0.10083346007058765
birdmae_large,LEPLAT,lda_shrunk,fenetre,INCT41,0,
birdmae_large,LEPLAT,simple_prototype,fenetre,INCT17,0,
birdmae_large,LEPLAT,simple_prototype,fenetre,INCT20955,1473,0.48510813663202407
birdmae_large,LEPLAT,simple_prototype,fenetre,INCT4,82,0.021593640187550223
birdmae_large,LEPLAT,simple_prototype,fenetre,INCT41,0,
birdmae_large,LEPLAT,attentive,fenetre,INCT17,0,
birdmae_large,LEPLAT,attentive,fenetre,INCT20955,1473,0.33533286434693194
birdmae_large,LEPLAT,attentive,fenetre,INCT4,82,0.0938097519633123
birdmae_large,LEPLAT,attentive,fenetre,INCT41,0,
birdmae_large,LEPLAT,logistic:max,fenetre,INCT17,0,
birdmae_large,LEPLAT,logistic:max,fenetre,INCT20955,1473,0.45927347302910926
birdmae_large,LEPLAT,logistic:max,fenetre,INCT4,82,0.08759200393718299
birdmae_large,LEPLAT,logistic:max,fenetre,INCT41,0,
birdmae_large,LEPLAT,proto_probe,fenetre,INCT17,0,
birdmae_large,LEPLAT,proto_probe,fenetre,INCT20955,1473,0.3795498305360001
birdmae_large,LEPLAT,proto_probe,fenetre,INCT4,82,0.555703855034388
birdmae_large,LEPLAT,proto_probe,fenetre,INCT41,0,
birdmae_large,LEPLAT,logistic,minute,INCT17,0,
birdmae_large,LEPLAT,logistic,minute,INCT20955,176,0.5277706505755673
birdmae_large,LEPLAT,logistic,minute,INCT4,12,0.18943184416199038
birdmae_large,LEPLAT,logistic,minute,INCT41,0,
birdmae_large,LEPLAT,logistic+R37=glmm,minute,INCT17,0,
birdmae_large,LEPLAT,logistic+R37=glmm,minute,INCT20955,176,0.5544264107034941
birdmae_large,LEPLAT,logistic+R37=glmm,minute,INCT4,12,0.19122844728539465
birdmae_large,LEPLAT,logistic+R37=glmm,minute,INCT41,0,
birdmae_large,LEPLAT,lda_shrunk,minute,INCT17,0,
birdmae_large,LEPLAT,lda_shrunk,minute,INCT20955,176,0.6681042484455731
birdmae_large,LEPLAT,lda_shrunk,minute,INCT4,12,0.17977224251347243
birdmae_large,LEPLAT,lda_shrunk,minute,INCT41,0,
birdmae_large,LEPLAT,simple_prototype,minute,INCT17,0,
birdmae_large,LEPLAT,simple_prototype,minute,INCT20955,176,0.6041521907191607
birdmae_large,LEPLAT,simple_prototype,minute,INCT4,12,0.03316124897503143
birdmae_large,LEPLAT,simple_prototype,minute,INCT41,0,
birdmae_large,LEPLAT,attentive,minute,INCT17,0,
birdmae_large,LEPLAT,attentive,minute,INCT20955,176,0.4410964837901036
birdmae_large,LEPLAT,attentive,minute,INCT4,12,0.1910991264580468
birdmae_large,LEPLAT,attentive,minute,INCT41,0,
birdmae_large,LEPLAT,logistic:max,minute,INCT17,0,
birdmae_large,LEPLAT,logistic:max,minute,INCT20955,176,0.5900045104561964
birdmae_large,LEPLAT,logistic:max,minute,INCT4,12,0.14017364110036715
birdmae_large,LEPLAT,logistic:max,minute,INCT41,0,
birdmae_large,LEPLAT,proto_probe,minute,INCT17,0,
birdmae_large,LEPLAT,proto_probe,minute,INCT20955,176,0.5010903116642891
birdmae_large,LEPLAT,proto_probe,minute,INCT4,12,0.6560379707438531
birdmae_large,LEPLAT,proto_probe,minute,INCT41,0,
birdnet,LEPLAT,logistic,fenetre,INCT17,0,
birdnet,LEPLAT,logistic,fenetre,INCT20955,2141,0.40294441958049365
birdnet,LEPLAT,logistic,fenetre,INCT4,102,0.1589766531835927
birdnet,LEPLAT,logistic,fenetre,INCT41,0,
birdnet,LEPLAT,logistic+R37=glmm,fenetre,INCT17,0,
birdnet,LEPLAT,logistic+R37=glmm,fenetre,INCT20955,2141,0.4088183401876979
birdnet,LEPLAT,logistic+R37=glmm,fenetre,INCT4,102,0.1602982469819938
birdnet,LEPLAT,logistic+R37=glmm,fenetre,INCT41,0,
birdnet,LEPLAT,lda_shrunk,fenetre,INCT17,0,
birdnet,LEPLAT,lda_shrunk,fenetre,INCT20955,2141,0.38485630262181036
birdnet,LEPLAT,lda_shrunk,fenetre,INCT4,102,0.08299084389507974
birdnet,LEPLAT,lda_shrunk,fenetre,INCT41,0,
birdnet,LEPLAT,logistic,minute,INCT17,0,
birdnet,LEPLAT,logistic,minute,INCT20955,176,0.5380655775349694
birdnet,LEPLAT,logistic,minute,INCT4,12,0.41904911779706877
birdnet,LEPLAT,logistic,minute,INCT41,0,
birdnet,LEPLAT,logistic+R37=glmm,minute,INCT17,0,
birdnet,LEPLAT,logistic+R37=glmm,minute,INCT20955,176,0.5441128678184105
birdnet,LEPLAT,logistic+R37=glmm,minute,INCT4,12,0.41949080893318835
birdnet,LEPLAT,logistic+R37=glmm,minute,INCT41,0,
birdnet,LEPLAT,lda_shrunk,minute,INCT17,0,
birdnet,LEPLAT,lda_shrunk,minute,INCT20955,176,0.513456737033171
birdnet,LEPLAT,lda_shrunk,minute,INCT4,12,0.13305121164694125
birdnet,LEPLAT,lda_shrunk,minute,INCT41,0,
birdnet_v3,LEPLAT,logistic,fenetre,INCT17,0,
birdnet_v3,LEPLAT,logistic,fenetre,INCT20955,2141,0.6075805250155363
birdnet_v3,LEPLAT,logistic,fenetre,INCT4,102,0.6613168914633285
birdnet_v3,LEPLAT,logistic,fenetre,INCT41,0,
birdnet_v3,LEPLAT,logistic+R37=glmm,fenetre,INCT17,0,
birdnet_v3,LEPLAT,logistic+R37=glmm,fenetre,INCT20955,2141,0.6080215733112058
birdnet_v3,LEPLAT,logistic+R37=glmm,fenetre,INCT4,102,0.6588498253351184
birdnet_v3,LEPLAT,logistic+R37=glmm,fenetre,INCT41,0,
birdnet_v3,LEPLAT,lda_shrunk,fenetre,INCT17,0,
birdnet_v3,LEPLAT,lda_shrunk,fenetre,INCT20955,2141,0.4715067018935769
birdnet_v3,LEPLAT,lda_shrunk,fenetre,INCT4,102,0.4128136523370504
birdnet_v3,LEPLAT,lda_shrunk,fenetre,INCT41,0,
birdnet_v3,LEPLAT,simple_prototype,fenetre,INCT17,0,
birdnet_v3,LEPLAT,simple_prototype,fenetre,INCT20955,2141,0.4859028802065574
birdnet_v3,LEPLAT,simple_prototype,fenetre,INCT4,102,0.023139869850428985
birdnet_v3,LEPLAT,simple_prototype,fenetre,INCT41,0,
birdnet_v3,LEPLAT,classifieur_origine,fenetre,INCT17,0,
birdnet_v3,LEPLAT,classifieur_origine,fenetre,INCT20955,2141,0.48121488789633365
birdnet_v3,LEPLAT,classifieur_origine,fenetre,INCT4,102,0.5150580152315606
birdnet_v3,LEPLAT,classifieur_origine,fenetre,INCT41,0,
birdnet_v3,LEPLAT,logistic,minute,INCT17,0,
birdnet_v3,LEPLAT,logistic,minute,INCT20955,176,0.7986921972991714
birdnet_v3,LEPLAT,logistic,minute,INCT4,12,0.8588677526177526
birdnet_v3,LEPLAT,logistic,minute,INCT41,0,
birdnet_v3,LEPLAT,logistic+R37=glmm,minute,INCT17,0,
birdnet_v3,LEPLAT,logistic+R37=glmm,minute,INCT20955,176,0.7990912508311876
birdnet_v3,LEPLAT,logistic+R37=glmm,minute,INCT4,12,0.8550798738298738
birdnet_v3,LEPLAT,logistic+R37=glmm,minute,INCT41,0,
birdnet_v3,LEPLAT,lda_shrunk,minute,INCT17,0,
birdnet_v3,LEPLAT,lda_shrunk,minute,INCT20955,176,0.71961779636068
birdnet_v3,LEPLAT,lda_shrunk,minute,INCT4,12,0.5937516958350292
birdnet_v3,LEPLAT,lda_shrunk,minute,INCT41,0,
birdnet_v3,LEPLAT,simple_prototype,minute,INCT17,0,
birdnet_v3,LEPLAT,simple_prototype,minute,INCT20955,176,0.7704603939021273
birdnet_v3,LEPLAT,simple_prototype,minute,INCT4,12,0.11137078492790373
birdnet_v3,LEPLAT,simple_prototype,minute,INCT41,0,
birdnet_v3,LEPLAT,classifieur_origine,minute,INCT17,0,
birdnet_v3,LEPLAT,classifieur_origine,minute,INCT20955,176,0.7655112554878315
birdnet_v3,LEPLAT,classifieur_origine,minute,INCT4,12,0.6304575468825641
birdnet_v3,LEPLAT,classifieur_origine,minute,INCT41,0,
convnext_birdset,LEPLAT,logistic,fenetre,INCT17,0,
convnext_birdset,LEPLAT,logistic,fenetre,INCT20955,1473,0.912354942558255
convnext_birdset,LEPLAT,logistic,fenetre,INCT4,82,0.6585768195898336
convnext_birdset,LEPLAT,logistic,fenetre,INCT41,0,
convnext_birdset,LEPLAT,logistic+R37=glmm,fenetre,INCT17,0,
convnext_birdset,LEPLAT,logistic+R37=glmm,fenetre,INCT20955,1473,0.9124025284452189
convnext_birdset,LEPLAT,logistic+R37=glmm,fenetre,INCT4,82,0.6583691183233297
convnext_birdset,LEPLAT,logistic+R37=glmm,fenetre,INCT41,0,
convnext_birdset,LEPLAT,lda_shrunk,fenetre,INCT17,0,
convnext_birdset,LEPLAT,lda_shrunk,fenetre,INCT20955,1473,0.7962012145533769
convnext_birdset,LEPLAT,lda_shrunk,fenetre,INCT4,82,0.30998182655648515
convnext_birdset,LEPLAT,lda_shrunk,fenetre,INCT41,0,
convnext_birdset,LEPLAT,simple_prototype,fenetre,INCT17,0,
convnext_birdset,LEPLAT,simple_prototype,fenetre,INCT20955,1473,0.6056778967687314
convnext_birdset,LEPLAT,simple_prototype,fenetre,INCT4,82,0.36426255763668397
convnext_birdset,LEPLAT,simple_prototype,fenetre,INCT41,0,
convnext_birdset,LEPLAT,logistic,minute,INCT17,0,
convnext_birdset,LEPLAT,logistic,minute,INCT20955,176,0.9399767591527186
convnext_birdset,LEPLAT,logistic,minute,INCT4,12,0.7198454122367166
convnext_birdset,LEPLAT,logistic,minute,INCT41,0,
convnext_birdset,LEPLAT,logistic+R37=glmm,minute,INCT17,0,
convnext_birdset,LEPLAT,logistic+R37=glmm,minute,INCT20955,176,0.9395153461043566
convnext_birdset,LEPLAT,logistic+R37=glmm,minute,INCT4,12,0.7198454122367166
convnext_birdset,LEPLAT,logistic+R37=glmm,minute,INCT41,0,
convnext_birdset,LEPLAT,lda_shrunk,minute,INCT17,0,
convnext_birdset,LEPLAT,lda_shrunk,minute,INCT20955,176,0.8635296488177268
convnext_birdset,LEPLAT,lda_shrunk,minute,INCT4,12,0.4671853339746861
convnext_birdset,LEPLAT,lda_shrunk,minute,INCT41,0,
convnext_birdset,LEPLAT,simple_prototype,minute,INCT17,0,
convnext_birdset,LEPLAT,simple_prototype,minute,INCT20955,176,0.6862628444461538
convnext_birdset,LEPLAT,simple_prototype,minute,INCT4,12,0.4398142146321884
convnext_birdset,LEPLAT,simple_prototype,minute,INCT41,0,
esp_aves2_eat_all,LEPLAT,logistic,fenetre,INCT17,0,
esp_aves2_eat_all,LEPLAT,logistic,fenetre,INCT20955,1473,0.31115119968240634
esp_aves2_eat_all,LEPLAT,logistic,fenetre,INCT4,82,0.09564208006684909
esp_aves2_eat_all,LEPLAT,logistic,fenetre,INCT41,0,
esp_aves2_eat_all,LEPLAT,logistic+R37=glmm,fenetre,INCT17,0,
esp_aves2_eat_all,LEPLAT,logistic+R37=glmm,fenetre,INCT20955,1473,0.3512144671826439
esp_aves2_eat_all,LEPLAT,logistic+R37=glmm,fenetre,INCT4,82,0.11083798629959701
esp_aves2_eat_all,LEPLAT,logistic+R37=glmm,fenetre,INCT41,0,
esp_aves2_eat_all,LEPLAT,lda_shrunk,fenetre,INCT17,0,
esp_aves2_eat_all,LEPLAT,lda_shrunk,fenetre,INCT20955,1473,0.2855267515817597
esp_aves2_eat_all,LEPLAT,lda_shrunk,fenetre,INCT4,82,0.0750776534730208
esp_aves2_eat_all,LEPLAT,lda_shrunk,fenetre,INCT41,0,
esp_aves2_eat_all,LEPLAT,simple_prototype,fenetre,INCT17,0,
esp_aves2_eat_all,LEPLAT,simple_prototype,fenetre,INCT20955,1473,0.3546982886051786
esp_aves2_eat_all,LEPLAT,simple_prototype,fenetre,INCT4,82,0.013523087556937955
esp_aves2_eat_all,LEPLAT,simple_prototype,fenetre,INCT41,0,
esp_aves2_eat_all,LEPLAT,attentive,fenetre,INCT17,0,
esp_aves2_eat_all,LEPLAT,attentive,fenetre,INCT20955,1473,0.39406197536702814
esp_aves2_eat_all,LEPLAT,attentive,fenetre,INCT4,82,0.15021822399108914
esp_aves2_eat_all,LEPLAT,attentive,fenetre,INCT41,0,
esp_aves2_eat_all,LEPLAT,logistic:max,fenetre,INCT17,0,
esp_aves2_eat_all,LEPLAT,logistic:max,fenetre,INCT20955,1473,0.5920882084392516
esp_aves2_eat_all,LEPLAT,logistic:max,fenetre,INCT4,82,0.1286467608162064
esp_aves2_eat_all,LEPLAT,logistic:max,fenetre,INCT41,0,
esp_aves2_eat_all,LEPLAT,proto_probe,fenetre,INCT17,0,
esp_aves2_eat_all,LEPLAT,proto_probe,fenetre,INCT20955,1473,0.490137558011212
esp_aves2_eat_all,LEPLAT,proto_probe,fenetre,INCT4,82,0.518734028659331
esp_aves2_eat_all,LEPLAT,proto_probe,fenetre,INCT41,0,
esp_aves2_eat_all,LEPLAT,logistic,minute,INCT17,0,
esp_aves2_eat_all,LEPLAT,logistic,minute,INCT20955,176,0.38741027569596476
esp_aves2_eat_all,LEPLAT,logistic,minute,INCT4,12,0.15072692040090718
esp_aves2_eat_all,LEPLAT,logistic,minute,INCT41,0,
esp_aves2_eat_all,LEPLAT,logistic+R37=glmm,minute,INCT17,0,
esp_aves2_eat_all,LEPLAT,logistic+R37=glmm,minute,INCT20955,176,0.42782690618915353
esp_aves2_eat_all,LEPLAT,logistic+R37=glmm,minute,INCT4,12,0.17002524257490528
esp_aves2_eat_all,LEPLAT,logistic+R37=glmm,minute,INCT41,0,
esp_aves2_eat_all,LEPLAT,lda_shrunk,minute,INCT17,0,
esp_aves2_eat_all,LEPLAT,lda_shrunk,minute,INCT20955,176,0.3941915896729345
esp_aves2_eat_all,LEPLAT,lda_shrunk,minute,INCT4,12,0.16392069476351645
esp_aves2_eat_all,LEPLAT,lda_shrunk,minute,INCT41,0,
esp_aves2_eat_all,LEPLAT,simple_prototype,minute,INCT17,0,
esp_aves2_eat_all,LEPLAT,simple_prototype,minute,INCT20955,176,0.42343836381226313
esp_aves2_eat_all,LEPLAT,simple_prototype,minute,INCT4,12,0.029885103101841743
esp_aves2_eat_all,LEPLAT,simple_prototype,minute,INCT41,0,
esp_aves2_eat_all,LEPLAT,attentive,minute,INCT17,0,
esp_aves2_eat_all,LEPLAT,attentive,minute,INCT20955,176,0.49286870783104664
esp_aves2_eat_all,LEPLAT,attentive,minute,INCT4,12,0.32837876278174266
esp_aves2_eat_all,LEPLAT,attentive,minute,INCT41,0,
esp_aves2_eat_all,LEPLAT,logistic:max,minute,INCT17,0,
esp_aves2_eat_all,LEPLAT,logistic:max,minute,INCT20955,176,0.6963752316858522
esp_aves2_eat_all,LEPLAT,logistic:max,minute,INCT4,12,0.20690616208525012
esp_aves2_eat_all,LEPLAT,logistic:max,minute,INCT41,0,
esp_aves2_eat_all,LEPLAT,proto_probe,minute,INCT17,0,
esp_aves2_eat_all,LEPLAT,proto_probe,minute,INCT20955,176,0.5823728527862452
esp_aves2_eat_all,LEPLAT,proto_probe,minute,INCT4,12,0.6044032356532357
esp_aves2_eat_all,LEPLAT,proto_probe,minute,INCT41,0,
esp_aves2_eat_bio,LEPLAT,logistic,fenetre,INCT17,0,
esp_aves2_eat_bio,LEPLAT,logistic,fenetre,INCT20955,1473,0.6830488888105475
esp_aves2_eat_bio,LEPLAT,logistic,fenetre,INCT4,82,0.170930953332506
esp_aves2_eat_bio,LEPLAT,logistic,fenetre,INCT41,0,
esp_aves2_eat_bio,LEPLAT,logistic+R37=glmm,fenetre,INCT17,0,
esp_aves2_eat_bio,LEPLAT,logistic+R37=glmm,fenetre,INCT20955,1473,0.7010461464639964
esp_aves2_eat_bio,LEPLAT,logistic+R37=glmm,fenetre,INCT4,82,0.22484078173183328
esp_aves2_eat_bio,LEPLAT,logistic+R37=glmm,fenetre,INCT41,0,
esp_aves2_eat_bio,LEPLAT,lda_shrunk,fenetre,INCT17,0,
esp_aves2_eat_bio,LEPLAT,lda_shrunk,fenetre,INCT20955,1473,0.3641887021211023
esp_aves2_eat_bio,LEPLAT,lda_shrunk,fenetre,INCT4,82,0.01993112684409042
esp_aves2_eat_bio,LEPLAT,lda_shrunk,fenetre,INCT41,0,
esp_aves2_eat_bio,LEPLAT,simple_prototype,fenetre,INCT17,0,
esp_aves2_eat_bio,LEPLAT,simple_prototype,fenetre,INCT20955,1473,0.595160025728958
esp_aves2_eat_bio,LEPLAT,simple_prototype,fenetre,INCT4,82,0.029567982982071805
esp_aves2_eat_bio,LEPLAT,simple_prototype,fenetre,INCT41,0,
esp_aves2_eat_bio,LEPLAT,attentive,fenetre,INCT17,0,
esp_aves2_eat_bio,LEPLAT,attentive,fenetre,INCT20955,1473,0.4674586777924621
esp_aves2_eat_bio,LEPLAT,attentive,fenetre,INCT4,82,0.06796096759604789
esp_aves2_eat_bio,LEPLAT,attentive,fenetre,INCT41,0,
esp_aves2_eat_bio,LEPLAT,logistic:max,fenetre,INCT17,0,
esp_aves2_eat_bio,LEPLAT,logistic:max,fenetre,INCT20955,1473,0.5864531755777853
esp_aves2_eat_bio,LEPLAT,logistic:max,fenetre,INCT4,82,0.1337669243633202
esp_aves2_eat_bio,LEPLAT,logistic:max,fenetre,INCT41,0,
esp_aves2_eat_bio,LEPLAT,proto_probe,fenetre,INCT17,0,
esp_aves2_eat_bio,LEPLAT,proto_probe,fenetre,INCT20955,1473,0.5393058638370054
esp_aves2_eat_bio,LEPLAT,proto_probe,fenetre,INCT4,82,0.3563005282063727
esp_aves2_eat_bio,LEPLAT,proto_probe,fenetre,INCT41,0,
esp_aves2_eat_bio,LEPLAT,logistic,minute,INCT17,0,
esp_aves2_eat_bio,LEPLAT,logistic,minute,INCT20955,176,0.7469928227645781
esp_aves2_eat_bio,LEPLAT,logistic,minute,INCT4,12,0.3008260323812134
esp_aves2_eat_bio,LEPLAT,logistic,minute,INCT41,0,
esp_aves2_eat_bio,LEPLAT,logistic+R37=glmm,minute,INCT17,0,
esp_aves2_eat_bio,LEPLAT,logistic+R37=glmm,minute,INCT20955,176,0.7622814901294879
esp_aves2_eat_bio,LEPLAT,logistic+R37=glmm,minute,INCT4,12,0.35670279092009405
esp_aves2_eat_bio,LEPLAT,logistic+R37=glmm,minute,INCT41,0,
esp_aves2_eat_bio,LEPLAT,lda_shrunk,minute,INCT17,0,
esp_aves2_eat_bio,LEPLAT,lda_shrunk,minute,INCT20955,176,0.4379024316150629
esp_aves2_eat_bio,LEPLAT,lda_shrunk,minute,INCT4,12,0.03783608383702727
esp_aves2_eat_bio,LEPLAT,lda_shrunk,minute,INCT41,0,
esp_aves2_eat_bio,LEPLAT,simple_prototype,minute,INCT17,0,
esp_aves2_eat_bio,LEPLAT,simple_prototype,minute,INCT20955,176,0.7213055345116561
esp_aves2_eat_bio,LEPLAT,simple_prototype,minute,INCT4,12,0.06460480826669189
esp_aves2_eat_bio,LEPLAT,simple_prototype,minute,INCT41,0,
esp_aves2_eat_bio,LEPLAT,attentive,minute,INCT17,0,
esp_aves2_eat_bio,LEPLAT,attentive,minute,INCT20955,176,0.5637589734297919
esp_aves2_eat_bio,LEPLAT,attentive,minute,INCT4,12,0.15547704443587224
esp_aves2_eat_bio,LEPLAT,attentive,minute,INCT41,0,
esp_aves2_eat_bio,LEPLAT,logistic:max,minute,INCT17,0,
esp_aves2_eat_bio,LEPLAT,logistic:max,minute,INCT20955,176,0.6599903808064657
esp_aves2_eat_bio,LEPLAT,logistic:max,minute,INCT4,12,0.2702318255069635
esp_aves2_eat_bio,LEPLAT,logistic:max,minute,INCT41,0,
esp_aves2_eat_bio,LEPLAT,proto_probe,minute,INCT17,0,
esp_aves2_eat_bio,LEPLAT,proto_probe,minute,INCT20955,176,0.6207747311420566
esp_aves2_eat_bio,LEPLAT,proto_probe,minute,INCT4,12,0.5775516190008599
esp_aves2_eat_bio,LEPLAT,proto_probe,minute,INCT41,0,
esp_aves2_effnetb0_all,LEPLAT,logistic,fenetre,INCT17,0,
esp_aves2_effnetb0_all,LEPLAT,logistic,fenetre,INCT20955,1473,0.5072992009601358
esp_aves2_effnetb0_all,LEPLAT,logistic,fenetre,INCT4,82,0.3131438776504638
esp_aves2_effnetb0_all,LEPLAT,logistic,fenetre,INCT41,0,
esp_aves2_effnetb0_all,LEPLAT,logistic+R37=glmm,fenetre,INCT17,0,
esp_aves2_effnetb0_all,LEPLAT,logistic+R37=glmm,fenetre,INCT20955,1473,0.5077999929067468
esp_aves2_effnetb0_all,LEPLAT,logistic+R37=glmm,fenetre,INCT4,82,0.3375583212266764
esp_aves2_effnetb0_all,LEPLAT,logistic+R37=glmm,fenetre,INCT41,0,
esp_aves2_effnetb0_all,LEPLAT,lda_shrunk,fenetre,INCT17,0,
esp_aves2_effnetb0_all,LEPLAT,lda_shrunk,fenetre,INCT20955,1473,0.3711154298863939
esp_aves2_effnetb0_all,LEPLAT,lda_shrunk,fenetre,INCT4,82,0.08156905898845397
esp_aves2_effnetb0_all,LEPLAT,lda_shrunk,fenetre,INCT41,0,
esp_aves2_effnetb0_all,LEPLAT,simple_prototype,fenetre,INCT17,0,
esp_aves2_effnetb0_all,LEPLAT,simple_prototype,fenetre,INCT20955,1473,0.43001087274866623
esp_aves2_effnetb0_all,LEPLAT,simple_prototype,fenetre,INCT4,82,0.037306758198350776
esp_aves2_effnetb0_all,LEPLAT,simple_prototype,fenetre,INCT41,0,
esp_aves2_effnetb0_all,LEPLAT,logistic,minute,INCT17,0,
esp_aves2_effnetb0_all,LEPLAT,logistic,minute,INCT20955,176,0.7161849875003511
esp_aves2_effnetb0_all,LEPLAT,logistic,minute,INCT4,12,0.44249843316321963
esp_aves2_effnetb0_all,LEPLAT,logistic,minute,INCT41,0,
esp_aves2_effnetb0_all,LEPLAT,logistic+R37=glmm,minute,INCT17,0,
esp_aves2_effnetb0_all,LEPLAT,logistic+R37=glmm,minute,INCT20955,176,0.7069572019895525
esp_aves2_effnetb0_all,LEPLAT,logistic+R37=glmm,minute,INCT4,12,0.463939710149969
esp_aves2_effnetb0_all,LEPLAT,logistic+R37=glmm,minute,INCT41,0,
esp_aves2_effnetb0_all,LEPLAT,lda_shrunk,minute,INCT17,0,
esp_aves2_effnetb0_all,LEPLAT,lda_shrunk,minute,INCT20955,176,0.5573063079221052
esp_aves2_effnetb0_all,LEPLAT,lda_shrunk,minute,INCT4,12,0.11022454023194117
esp_aves2_effnetb0_all,LEPLAT,lda_shrunk,minute,INCT41,0,
esp_aves2_effnetb0_all,LEPLAT,simple_prototype,minute,INCT17,0,
esp_aves2_effnetb0_all,LEPLAT,simple_prototype,minute,INCT20955,176,0.5841016335093275
esp_aves2_effnetb0_all,LEPLAT,simple_prototype,minute,INCT4,12,0.11668014572702426
esp_aves2_effnetb0_all,LEPLAT,simple_prototype,minute,INCT41,0,
esp_aves2_effnetb0_audioset,LEPLAT,logistic,fenetre,INCT17,0,
esp_aves2_effnetb0_audioset,LEPLAT,logistic,fenetre,INCT20955,1473,0.5176110075652312
esp_aves2_effnetb0_audioset,LEPLAT,logistic,fenetre,INCT4,82,0.21465590823352365
esp_aves2_effnetb0_audioset,LEPLAT,logistic,fenetre,INCT41,0,
esp_aves2_effnetb0_audioset,LEPLAT,logistic+R37=glmm,fenetre,INCT17,0,
esp_aves2_effnetb0_audioset,LEPLAT,logistic+R37=glmm,fenetre,INCT20955,1473,0.5447287407223635
esp_aves2_effnetb0_audioset,LEPLAT,logistic+R37=glmm,fenetre,INCT4,82,0.23388523821733292
esp_aves2_effnetb0_audioset,LEPLAT,logistic+R37=glmm,fenetre,INCT41,0,
esp_aves2_effnetb0_audioset,LEPLAT,lda_shrunk,fenetre,INCT17,0,
esp_aves2_effnetb0_audioset,LEPLAT,lda_shrunk,fenetre,INCT20955,1473,0.44681461194417005
esp_aves2_effnetb0_audioset,LEPLAT,lda_shrunk,fenetre,INCT4,82,0.08015340184681093
esp_aves2_effnetb0_audioset,LEPLAT,lda_shrunk,fenetre,INCT41,0,
esp_aves2_effnetb0_audioset,LEPLAT,simple_prototype,fenetre,INCT17,0,
esp_aves2_effnetb0_audioset,LEPLAT,simple_prototype,fenetre,INCT20955,1473,0.2675240878519738
esp_aves2_effnetb0_audioset,LEPLAT,simple_prototype,fenetre,INCT4,82,0.018010073980032886
esp_aves2_effnetb0_audioset,LEPLAT,simple_prototype,fenetre,INCT41,0,
esp_aves2_effnetb0_audioset,LEPLAT,logistic,minute,INCT17,0,
esp_aves2_effnetb0_audioset,LEPLAT,logistic,minute,INCT20955,176,0.6144726450319167
esp_aves2_effnetb0_audioset,LEPLAT,logistic,minute,INCT4,12,0.37018229211037373
esp_aves2_effnetb0_audioset,LEPLAT,logistic,minute,INCT41,0,
esp_aves2_effnetb0_audioset,LEPLAT,logistic+R37=glmm,minute,INCT17,0,
esp_aves2_effnetb0_audioset,LEPLAT,logistic+R37=glmm,minute,INCT20955,176,0.6413324421783423
esp_aves2_effnetb0_audioset,LEPLAT,logistic+R37=glmm,minute,INCT4,12,0.3770786156351107
esp_aves2_effnetb0_audioset,LEPLAT,logistic+R37=glmm,minute,INCT41,0,
esp_aves2_effnetb0_audioset,LEPLAT,lda_shrunk,minute,INCT17,0,
esp_aves2_effnetb0_audioset,LEPLAT,lda_shrunk,minute,INCT20955,176,0.5963610566063726
esp_aves2_effnetb0_audioset,LEPLAT,lda_shrunk,minute,INCT4,12,0.19938065130304072
esp_aves2_effnetb0_audioset,LEPLAT,lda_shrunk,minute,INCT41,0,
esp_aves2_effnetb0_audioset,LEPLAT,simple_prototype,minute,INCT17,0,
esp_aves2_effnetb0_audioset,LEPLAT,simple_prototype,minute,INCT20955,176,0.3562121409180423
esp_aves2_effnetb0_audioset,LEPLAT,simple_prototype,minute,INCT4,12,0.030625699031710522
esp_aves2_effnetb0_audioset,LEPLAT,simple_prototype,minute,INCT41,0,
esp_aves2_effnetb0_bio,LEPLAT,logistic,fenetre,INCT17,0,
esp_aves2_effnetb0_bio,LEPLAT,logistic,fenetre,INCT20955,1473,0.4726379248553224
esp_aves2_effnetb0_bio,LEPLAT,logistic,fenetre,INCT4,82,0.07815130638645468
esp_aves2_effnetb0_bio,LEPLAT,logistic,fenetre,INCT41,0,
esp_aves2_effnetb0_bio,LEPLAT,logistic+R37=glmm,fenetre,INCT17,0,
esp_aves2_effnetb0_bio,LEPLAT,logistic+R37=glmm,fenetre,INCT20955,1473,0.49918363227762524
esp_aves2_effnetb0_bio,LEPLAT,logistic+R37=glmm,fenetre,INCT4,82,0.0816284199379183
esp_aves2_effnetb0_bio,LEPLAT,logistic+R37=glmm,fenetre,INCT41,0,
esp_aves2_effnetb0_bio,LEPLAT,lda_shrunk,fenetre,INCT17,0,
esp_aves2_effnetb0_bio,LEPLAT,lda_shrunk,fenetre,INCT20955,1473,0.36997745990729497
esp_aves2_effnetb0_bio,LEPLAT,lda_shrunk,fenetre,INCT4,82,0.06297866896268489
esp_aves2_effnetb0_bio,LEPLAT,lda_shrunk,fenetre,INCT41,0,
esp_aves2_effnetb0_bio,LEPLAT,simple_prototype,fenetre,INCT17,0,
esp_aves2_effnetb0_bio,LEPLAT,simple_prototype,fenetre,INCT20955,1473,0.3280431323463044
esp_aves2_effnetb0_bio,LEPLAT,simple_prototype,fenetre,INCT4,82,0.019841719472619555
esp_aves2_effnetb0_bio,LEPLAT,simple_prototype,fenetre,INCT41,0,
esp_aves2_effnetb0_bio,LEPLAT,logistic,minute,INCT17,0,
esp_aves2_effnetb0_bio,LEPLAT,logistic,minute,INCT20955,176,0.5677229446243328
esp_aves2_effnetb0_bio,LEPLAT,logistic,minute,INCT4,12,0.17873100394510044
esp_aves2_effnetb0_bio,LEPLAT,logistic,minute,INCT41,0,
esp_aves2_effnetb0_bio,LEPLAT,logistic+R37=glmm,minute,INCT17,0,
esp_aves2_effnetb0_bio,LEPLAT,logistic+R37=glmm,minute,INCT20955,176,0.5821615723679707
esp_aves2_effnetb0_bio,LEPLAT,logistic+R37=glmm,minute,INCT4,12,0.17881313007732696
esp_aves2_effnetb0_bio,LEPLAT,logistic+R37=glmm,minute,INCT41,0,
esp_aves2_effnetb0_bio,LEPLAT,lda_shrunk,minute,INCT17,0,
esp_aves2_effnetb0_bio,LEPLAT,lda_shrunk,minute,INCT20955,176,0.4922662312928471
esp_aves2_effnetb0_bio,LEPLAT,lda_shrunk,minute,INCT4,12,0.11342711006659655
esp_aves2_effnetb0_bio,LEPLAT,lda_shrunk,minute,INCT41,0,
esp_aves2_effnetb0_bio,LEPLAT,simple_prototype,minute,INCT17,0,
esp_aves2_effnetb0_bio,LEPLAT,simple_prototype,minute,INCT20955,176,0.4342510676977862
esp_aves2_effnetb0_bio,LEPLAT,simple_prototype,minute,INCT4,12,0.04635714840747468
esp_aves2_effnetb0_bio,LEPLAT,simple_prototype,minute,INCT41,0,
esp_aves2_sl_beats_all,LEPLAT,logistic,fenetre,INCT17,0,
esp_aves2_sl_beats_all,LEPLAT,logistic,fenetre,INCT20955,1473,0.8557022486348537
esp_aves2_sl_beats_all,LEPLAT,logistic,fenetre,INCT4,82,0.6165040778299075
esp_aves2_sl_beats_all,LEPLAT,logistic,fenetre,INCT41,0,
esp_aves2_sl_beats_all,LEPLAT,logistic+R37=glmm,fenetre,INCT17,0,
esp_aves2_sl_beats_all,LEPLAT,logistic+R37=glmm,fenetre,INCT20955,1473,0.8550971476797333
esp_aves2_sl_beats_all,LEPLAT,logistic+R37=glmm,fenetre,INCT4,82,0.6153038298814143
esp_aves2_sl_beats_all,LEPLAT,logistic+R37=glmm,fenetre,INCT41,0,
esp_aves2_sl_beats_all,LEPLAT,lda_shrunk,fenetre,INCT17,0,
esp_aves2_sl_beats_all,LEPLAT,lda_shrunk,fenetre,INCT20955,1473,0.6762493631592545
esp_aves2_sl_beats_all,LEPLAT,lda_shrunk,fenetre,INCT4,82,0.3724886768368426
esp_aves2_sl_beats_all,LEPLAT,lda_shrunk,fenetre,INCT41,0,
esp_aves2_sl_beats_all,LEPLAT,simple_prototype,fenetre,INCT17,0,
esp_aves2_sl_beats_all,LEPLAT,simple_prototype,fenetre,INCT20955,1473,0.6716885587070259
esp_aves2_sl_beats_all,LEPLAT,simple_prototype,fenetre,INCT4,82,0.05615707053079703
esp_aves2_sl_beats_all,LEPLAT,simple_prototype,fenetre,INCT41,0,
esp_aves2_sl_beats_all,LEPLAT,attentive,fenetre,INCT17,0,
esp_aves2_sl_beats_all,LEPLAT,attentive,fenetre,INCT20955,1473,0.634662770882166
esp_aves2_sl_beats_all,LEPLAT,attentive,fenetre,INCT4,82,0.262302586884427
esp_aves2_sl_beats_all,LEPLAT,attentive,fenetre,INCT41,0,
esp_aves2_sl_beats_all,LEPLAT,logistic:max,fenetre,INCT17,0,
esp_aves2_sl_beats_all,LEPLAT,logistic:max,fenetre,INCT20955,1473,0.8414076230964317
esp_aves2_sl_beats_all,LEPLAT,logistic:max,fenetre,INCT4,82,0.6200059215526066
esp_aves2_sl_beats_all,LEPLAT,logistic:max,fenetre,INCT41,0,
esp_aves2_sl_beats_all,LEPLAT,proto_probe,fenetre,INCT17,0,
esp_aves2_sl_beats_all,LEPLAT,proto_probe,fenetre,INCT20955,1473,0.8679423987940186
esp_aves2_sl_beats_all,LEPLAT,proto_probe,fenetre,INCT4,82,0.6710091144565261
esp_aves2_sl_beats_all,LEPLAT,proto_probe,fenetre,INCT41,0,
esp_aves2_sl_beats_all,LEPLAT,logistic,minute,INCT17,0,
esp_aves2_sl_beats_all,LEPLAT,logistic,minute,INCT20955,176,0.8933052536220993
esp_aves2_sl_beats_all,LEPLAT,logistic,minute,INCT4,12,0.7136967199467199
esp_aves2_sl_beats_all,LEPLAT,logistic,minute,INCT41,0,
esp_aves2_sl_beats_all,LEPLAT,logistic+R37=glmm,minute,INCT17,0,
esp_aves2_sl_beats_all,LEPLAT,logistic+R37=glmm,minute,INCT20955,176,0.8867920375750059
esp_aves2_sl_beats_all,LEPLAT,logistic+R37=glmm,minute,INCT4,12,0.7113819051319051
esp_aves2_sl_beats_all,LEPLAT,logistic+R37=glmm,minute,INCT41,0,
esp_aves2_sl_beats_all,LEPLAT,lda_shrunk,minute,INCT17,0,
esp_aves2_sl_beats_all,LEPLAT,lda_shrunk,minute,INCT20955,176,0.7118561724183379
esp_aves2_sl_beats_all,LEPLAT,lda_shrunk,minute,INCT4,12,0.5698063973063974
esp_aves2_sl_beats_all,LEPLAT,lda_shrunk,minute,INCT41,0,
esp_aves2_sl_beats_all,LEPLAT,simple_prototype,minute,INCT17,0,
esp_aves2_sl_beats_all,LEPLAT,simple_prototype,minute,INCT20955,176,0.7400206604194876
esp_aves2_sl_beats_all,LEPLAT,simple_prototype,minute,INCT4,12,0.15998022898723183
esp_aves2_sl_beats_all,LEPLAT,simple_prototype,minute,INCT41,0,
esp_aves2_sl_beats_all,LEPLAT,attentive,minute,INCT17,0,
esp_aves2_sl_beats_all,LEPLAT,attentive,minute,INCT20955,176,0.7084464665265026
esp_aves2_sl_beats_all,LEPLAT,attentive,minute,INCT4,12,0.4161674436674437
esp_aves2_sl_beats_all,LEPLAT,attentive,minute,INCT41,0,
esp_aves2_sl_beats_all,LEPLAT,logistic:max,minute,INCT17,0,
esp_aves2_sl_beats_all,LEPLAT,logistic:max,minute,INCT20955,176,0.885691270247261
esp_aves2_sl_beats_all,LEPLAT,logistic:max,minute,INCT4,12,0.7496131631212276
esp_aves2_sl_beats_all,LEPLAT,logistic:max,minute,INCT41,0,
esp_aves2_sl_beats_all,LEPLAT,proto_probe,minute,INCT17,0,
esp_aves2_sl_beats_all,LEPLAT,proto_probe,minute,INCT20955,176,0.9212762772733272
esp_aves2_sl_beats_all,LEPLAT,proto_probe,minute,INCT4,12,0.844519832019832
esp_aves2_sl_beats_all,LEPLAT,proto_probe,minute,INCT41,0,
esp_aves2_sl_beats_bio,LEPLAT,logistic,fenetre,INCT17,0,
esp_aves2_sl_beats_bio,LEPLAT,logistic,fenetre,INCT20955,1473,0.8429532471329515
esp_aves2_sl_beats_bio,LEPLAT,logistic,fenetre,INCT4,82,0.6450449014081876
esp_aves2_sl_beats_bio,LEPLAT,logistic,fenetre,INCT41,0,
esp_aves2_sl_beats_bio,LEPLAT,logistic+R37=glmm,fenetre,INCT17,0,
esp_aves2_sl_beats_bio,LEPLAT,logistic+R37=glmm,fenetre,INCT20955,1473,0.842431589018425
esp_aves2_sl_beats_bio,LEPLAT,logistic+R37=glmm,fenetre,INCT4,82,0.6506039955296224
esp_aves2_sl_beats_bio,LEPLAT,logistic+R37=glmm,fenetre,INCT41,0,
esp_aves2_sl_beats_bio,LEPLAT,lda_shrunk,fenetre,INCT17,0,
esp_aves2_sl_beats_bio,LEPLAT,lda_shrunk,fenetre,INCT20955,1473,0.8195148212781331
esp_aves2_sl_beats_bio,LEPLAT,lda_shrunk,fenetre,INCT4,82,0.43909525628416785
esp_aves2_sl_beats_bio,LEPLAT,lda_shrunk,fenetre,INCT41,0,
esp_aves2_sl_beats_bio,LEPLAT,simple_prototype,fenetre,INCT17,0,
esp_aves2_sl_beats_bio,LEPLAT,simple_prototype,fenetre,INCT20955,1473,0.715687319352711
esp_aves2_sl_beats_bio,LEPLAT,simple_prototype,fenetre,INCT4,82,0.06658225887326838
esp_aves2_sl_beats_bio,LEPLAT,simple_prototype,fenetre,INCT41,0,
esp_aves2_sl_beats_bio,LEPLAT,attentive,fenetre,INCT17,0,
esp_aves2_sl_beats_bio,LEPLAT,attentive,fenetre,INCT20955,1473,0.7845814600895709
esp_aves2_sl_beats_bio,LEPLAT,attentive,fenetre,INCT4,82,0.3211694559450581
esp_aves2_sl_beats_bio,LEPLAT,attentive,fenetre,INCT41,0,
esp_aves2_sl_beats_bio,LEPLAT,logistic:max,fenetre,INCT17,0,
esp_aves2_sl_beats_bio,LEPLAT,logistic:max,fenetre,INCT20955,1473,0.8496763720130427
esp_aves2_sl_beats_bio,LEPLAT,logistic:max,fenetre,INCT4,82,0.6500392543172918
esp_aves2_sl_beats_bio,LEPLAT,logistic:max,fenetre,INCT41,0,
esp_aves2_sl_beats_bio,LEPLAT,proto_probe,fenetre,INCT17,0,
esp_aves2_sl_beats_bio,LEPLAT,proto_probe,fenetre,INCT20955,1473,0.8640528489447937
esp_aves2_sl_beats_bio,LEPLAT,proto_probe,fenetre,INCT4,82,0.6832120875818942
esp_aves2_sl_beats_bio,LEPLAT,proto_probe,fenetre,INCT41,0,
esp_aves2_sl_beats_bio,LEPLAT,logistic,minute,INCT17,0,
esp_aves2_sl_beats_bio,LEPLAT,logistic,minute,INCT20955,176,0.8902020705014161
esp_aves2_sl_beats_bio,LEPLAT,logistic,minute,INCT4,12,0.7532169491728316
esp_aves2_sl_beats_bio,LEPLAT,logistic,minute,INCT41,0,
esp_aves2_sl_beats_bio,LEPLAT,logistic+R37=glmm,minute,INCT17,0,
esp_aves2_sl_beats_bio,LEPLAT,logistic+R37=glmm,minute,INCT20955,176,0.887256611616122
esp_aves2_sl_beats_bio,LEPLAT,logistic+R37=glmm,minute,INCT4,12,0.757280047905048
esp_aves2_sl_beats_bio,LEPLAT,logistic+R37=glmm,minute,INCT41,0,
esp_aves2_sl_beats_bio,LEPLAT,lda_shrunk,minute,INCT17,0,
esp_aves2_sl_beats_bio,LEPLAT,lda_shrunk,minute,INCT20955,176,0.8915757873663975
esp_aves2_sl_beats_bio,LEPLAT,lda_shrunk,minute,INCT4,12,0.6775876202762995
esp_aves2_sl_beats_bio,LEPLAT,lda_shrunk,minute,INCT41,0,
esp_aves2_sl_beats_bio,LEPLAT,simple_prototype,minute,INCT17,0,
esp_aves2_sl_beats_bio,LEPLAT,simple_prototype,minute,INCT20955,176,0.8307912415361822
esp_aves2_sl_beats_bio,LEPLAT,simple_prototype,minute,INCT4,12,0.16391847043325858
esp_aves2_sl_beats_bio,LEPLAT,simple_prototype,minute,INCT41,0,
esp_aves2_sl_beats_bio,LEPLAT,attentive,minute,INCT17,0,
esp_aves2_sl_beats_bio,LEPLAT,attentive,minute,INCT20955,176,0.868527874985236
esp_aves2_sl_beats_bio,LEPLAT,attentive,minute,INCT4,12,0.5106763679849533
esp_aves2_sl_beats_bio,LEPLAT,attentive,minute,INCT41,0,
esp_aves2_sl_beats_bio,LEPLAT,logistic:max,minute,INCT17,0,
esp_aves2_sl_beats_bio,LEPLAT,logistic:max,minute,INCT20955,176,0.8972602796188344
esp_aves2_sl_beats_bio,LEPLAT,logistic:max,minute,INCT4,12,0.7602377061935887
esp_aves2_sl_beats_bio,LEPLAT,logistic:max,minute,INCT41,0,
esp_aves2_sl_beats_bio,LEPLAT,proto_probe,minute,INCT17,0,
esp_aves2_sl_beats_bio,LEPLAT,proto_probe,minute,INCT20955,176,0.9085720911270652
esp_aves2_sl_beats_bio,LEPLAT,proto_probe,minute,INCT4,12,0.7830357142857143
esp_aves2_sl_beats_bio,LEPLAT,proto_probe,minute,INCT41,0,
esp_aves2_sl_eat_all_ssl_all,LEPLAT,logistic,fenetre,INCT17,0,
esp_aves2_sl_eat_all_ssl_all,LEPLAT,logistic,fenetre,INCT20955,1473,0.6871702173897055
esp_aves2_sl_eat_all_ssl_all,LEPLAT,logistic,fenetre,INCT4,82,0.2668614684091934
esp_aves2_sl_eat_all_ssl_all,LEPLAT,logistic,fenetre,INCT41,0,
esp_aves2_sl_eat_all_ssl_all,LEPLAT,logistic+R37=glmm,fenetre,INCT17,0,
esp_aves2_sl_eat_all_ssl_all,LEPLAT,logistic+R37=glmm,fenetre,INCT20955,1473,0.6881802095696506
esp_aves2_sl_eat_all_ssl_all,LEPLAT,logistic+R37=glmm,fenetre,INCT4,82,0.24016437077139785
esp_aves2_sl_eat_all_ssl_all,LEPLAT,logistic+R37=glmm,fenetre,INCT41,0,
esp_aves2_sl_eat_all_ssl_all,LEPLAT,lda_shrunk,fenetre,INCT17,0,
esp_aves2_sl_eat_all_ssl_all,LEPLAT,lda_shrunk,fenetre,INCT20955,1473,0.6674757307691224
esp_aves2_sl_eat_all_ssl_all,LEPLAT,lda_shrunk,fenetre,INCT4,82,0.1555435921236717
esp_aves2_sl_eat_all_ssl_all,LEPLAT,lda_shrunk,fenetre,INCT41,0,
esp_aves2_sl_eat_all_ssl_all,LEPLAT,simple_prototype,fenetre,INCT17,0,
esp_aves2_sl_eat_all_ssl_all,LEPLAT,simple_prototype,fenetre,INCT20955,1473,0.3475322674178757
esp_aves2_sl_eat_all_ssl_all,LEPLAT,simple_prototype,fenetre,INCT4,82,0.01665311545682545
esp_aves2_sl_eat_all_ssl_all,LEPLAT,simple_prototype,fenetre,INCT41,0,
esp_aves2_sl_eat_all_ssl_all,LEPLAT,attentive,fenetre,INCT17,0,
esp_aves2_sl_eat_all_ssl_all,LEPLAT,attentive,fenetre,INCT20955,1473,0.43672694694803
esp_aves2_sl_eat_all_ssl_all,LEPLAT,attentive,fenetre,INCT4,82,0.17571301556692936
esp_aves2_sl_eat_all_ssl_all,LEPLAT,attentive,fenetre,INCT41,0,
esp_aves2_sl_eat_all_ssl_all,LEPLAT,logistic:max,fenetre,INCT17,0,
esp_aves2_sl_eat_all_ssl_all,LEPLAT,logistic:max,fenetre,INCT20955,1473,0.3414318157558128
esp_aves2_sl_eat_all_ssl_all,LEPLAT,logistic:max,fenetre,INCT4,82,0.05553681642185501
esp_aves2_sl_eat_all_ssl_all,LEPLAT,logistic:max,fenetre,INCT41,0,
esp_aves2_sl_eat_all_ssl_all,LEPLAT,proto_probe,fenetre,INCT17,0,
esp_aves2_sl_eat_all_ssl_all,LEPLAT,proto_probe,fenetre,INCT20955,1473,0.5161983034252388
esp_aves2_sl_eat_all_ssl_all,LEPLAT,proto_probe,fenetre,INCT4,82,0.12339984531247068
esp_aves2_sl_eat_all_ssl_all,LEPLAT,proto_probe,fenetre,INCT41,0,
esp_aves2_sl_eat_all_ssl_all,LEPLAT,logistic,minute,INCT17,0,
esp_aves2_sl_eat_all_ssl_all,LEPLAT,logistic,minute,INCT20955,176,0.7406810471258721
esp_aves2_sl_eat_all_ssl_all,LEPLAT,logistic,minute,INCT4,12,0.603113939062215
esp_aves2_sl_eat_all_ssl_all,LEPLAT,logistic,minute,INCT41,0,
esp_aves2_sl_eat_all_ssl_all,LEPLAT,logistic+R37=glmm,minute,INCT17,0,
esp_aves2_sl_eat_all_ssl_all,LEPLAT,logistic+R37=glmm,minute,INCT20955,176,0.7439174913302309
esp_aves2_sl_eat_all_ssl_all,LEPLAT,logistic+R37=glmm,minute,INCT4,12,0.5169565316548075
esp_aves2_sl_eat_all_ssl_all,LEPLAT,logistic+R37=glmm,minute,INCT41,0,
esp_aves2_sl_eat_all_ssl_all,LEPLAT,lda_shrunk,minute,INCT17,0,
esp_aves2_sl_eat_all_ssl_all,LEPLAT,lda_shrunk,minute,INCT20955,176,0.7614897647812661
esp_aves2_sl_eat_all_ssl_all,LEPLAT,lda_shrunk,minute,INCT4,12,0.17579531717602082
esp_aves2_sl_eat_all_ssl_all,LEPLAT,lda_shrunk,minute,INCT41,0,
esp_aves2_sl_eat_all_ssl_all,LEPLAT,simple_prototype,minute,INCT17,0,
esp_aves2_sl_eat_all_ssl_all,LEPLAT,simple_prototype,minute,INCT20955,176,0.4117959677095023
esp_aves2_sl_eat_all_ssl_all,LEPLAT,simple_prototype,minute,INCT4,12,0.03478274864226963
esp_aves2_sl_eat_all_ssl_all,LEPLAT,simple_prototype,minute,INCT41,0,
esp_aves2_sl_eat_all_ssl_all,LEPLAT,attentive,minute,INCT17,0,
esp_aves2_sl_eat_all_ssl_all,LEPLAT,attentive,minute,INCT20955,176,0.5426697395392885
esp_aves2_sl_eat_all_ssl_all,LEPLAT,attentive,minute,INCT4,12,0.2512626019377162
esp_aves2_sl_eat_all_ssl_all,LEPLAT,attentive,minute,INCT41,0,
esp_aves2_sl_eat_all_ssl_all,LEPLAT,logistic:max,minute,INCT17,0,
esp_aves2_sl_eat_all_ssl_all,LEPLAT,logistic:max,minute,INCT20955,176,0.4189937938682616
esp_aves2_sl_eat_all_ssl_all,LEPLAT,logistic:max,minute,INCT4,12,0.13011580190169067
esp_aves2_sl_eat_all_ssl_all,LEPLAT,logistic:max,minute,INCT41,0,
esp_aves2_sl_eat_all_ssl_all,LEPLAT,proto_probe,minute,INCT17,0,
esp_aves2_sl_eat_all_ssl_all,LEPLAT,proto_probe,minute,INCT20955,176,0.6094924048348734
esp_aves2_sl_eat_all_ssl_all,LEPLAT,proto_probe,minute,INCT4,12,0.2574750392128043
esp_aves2_sl_eat_all_ssl_all,LEPLAT,proto_probe,minute,INCT41,0,
esp_aves2_sl_eat_bio_ssl_all,LEPLAT,logistic,fenetre,INCT17,0,
esp_aves2_sl_eat_bio_ssl_all,LEPLAT,logistic,fenetre,INCT20955,1473,0.7063632409595901
esp_aves2_sl_eat_bio_ssl_all,LEPLAT,logistic,fenetre,INCT4,82,0.4444643524341272
esp_aves2_sl_eat_bio_ssl_all,LEPLAT,logistic,fenetre,INCT41,0,
esp_aves2_sl_eat_bio_ssl_all,LEPLAT,logistic+R37=glmm,fenetre,INCT17,0,
esp_aves2_sl_eat_bio_ssl_all,LEPLAT,logistic+R37=glmm,fenetre,INCT20955,1473,0.7261718304267012
esp_aves2_sl_eat_bio_ssl_all,LEPLAT,logistic+R37=glmm,fenetre,INCT4,82,0.4505236758659379
esp_aves2_sl_eat_bio_ssl_all,LEPLAT,logistic+R37=glmm,fenetre,INCT41,0,
esp_aves2_sl_eat_bio_ssl_all,LEPLAT,lda_shrunk,fenetre,INCT17,0,
esp_aves2_sl_eat_bio_ssl_all,LEPLAT,lda_shrunk,fenetre,INCT20955,1473,0.6841693808348938
esp_aves2_sl_eat_bio_ssl_all,LEPLAT,lda_shrunk,fenetre,INCT4,82,0.1957474566928134
esp_aves2_sl_eat_bio_ssl_all,LEPLAT,lda_shrunk,fenetre,INCT41,0,
esp_aves2_sl_eat_bio_ssl_all,LEPLAT,simple_prototype,fenetre,INCT17,0,
esp_aves2_sl_eat_bio_ssl_all,LEPLAT,simple_prototype,fenetre,INCT20955,1473,0.5513666068775962
esp_aves2_sl_eat_bio_ssl_all,LEPLAT,simple_prototype,fenetre,INCT4,82,0.02392281060632944
esp_aves2_sl_eat_bio_ssl_all,LEPLAT,simple_prototype,fenetre,INCT41,0,
esp_aves2_sl_eat_bio_ssl_all,LEPLAT,attentive,fenetre,INCT17,0,
esp_aves2_sl_eat_bio_ssl_all,LEPLAT,attentive,fenetre,INCT20955,1473,0.2804997114590062
esp_aves2_sl_eat_bio_ssl_all,LEPLAT,attentive,fenetre,INCT4,82,0.20860002623929239
esp_aves2_sl_eat_bio_ssl_all,LEPLAT,attentive,fenetre,INCT41,0,
esp_aves2_sl_eat_bio_ssl_all,LEPLAT,logistic:max,fenetre,INCT17,0,
esp_aves2_sl_eat_bio_ssl_all,LEPLAT,logistic:max,fenetre,INCT20955,1473,0.6509605024125129
esp_aves2_sl_eat_bio_ssl_all,LEPLAT,logistic:max,fenetre,INCT4,82,0.2589940516683542
esp_aves2_sl_eat_bio_ssl_all,LEPLAT,logistic:max,fenetre,INCT41,0,
esp_aves2_sl_eat_bio_ssl_all,LEPLAT,proto_probe,fenetre,INCT17,0,
esp_aves2_sl_eat_bio_ssl_all,LEPLAT,proto_probe,fenetre,INCT20955,1473,0.7224930482351384
esp_aves2_sl_eat_bio_ssl_all,LEPLAT,proto_probe,fenetre,INCT4,82,0.4703713603007422
esp_aves2_sl_eat_bio_ssl_all,LEPLAT,proto_probe,fenetre,INCT41,0,
esp_aves2_sl_eat_bio_ssl_all,LEPLAT,logistic,minute,INCT17,0,
esp_aves2_sl_eat_bio_ssl_all,LEPLAT,logistic,minute,INCT20955,176,0.782975655623109
esp_aves2_sl_eat_bio_ssl_all,LEPLAT,logistic,minute,INCT4,12,0.6408783954836587
esp_aves2_sl_eat_bio_ssl_all,LEPLAT,logistic,minute,INCT41,0,
esp_aves2_sl_eat_bio_ssl_all,LEPLAT,logistic+R37=glmm,minute,INCT17,0,
esp_aves2_sl_eat_bio_ssl_all,LEPLAT,logistic+R37=glmm,minute,INCT20955,176,0.7931361463987769
esp_aves2_sl_eat_bio_ssl_all,LEPLAT,logistic+R37=glmm,minute,INCT4,12,0.6465134767766347
esp_aves2_sl_eat_bio_ssl_all,LEPLAT,logistic+R37=glmm,minute,INCT41,0,
esp_aves2_sl_eat_bio_ssl_all,LEPLAT,lda_shrunk,minute,INCT17,0,
esp_aves2_sl_eat_bio_ssl_all,LEPLAT,lda_shrunk,minute,INCT20955,176,0.7823722144954675
esp_aves2_sl_eat_bio_ssl_all,LEPLAT,lda_shrunk,minute,INCT4,12,0.4151211274542854
esp_aves2_sl_eat_bio_ssl_all,LEPLAT,lda_shrunk,minute,INCT41,0,
esp_aves2_sl_eat_bio_ssl_all,LEPLAT,simple_prototype,minute,INCT17,0,
esp_aves2_sl_eat_bio_ssl_all,LEPLAT,simple_prototype,minute,INCT20955,176,0.7045311704736678
esp_aves2_sl_eat_bio_ssl_all,LEPLAT,simple_prototype,minute,INCT4,12,0.10072633954229702
esp_aves2_sl_eat_bio_ssl_all,LEPLAT,simple_prototype,minute,INCT41,0,
esp_aves2_sl_eat_bio_ssl_all,LEPLAT,attentive,minute,INCT17,0,
esp_aves2_sl_eat_bio_ssl_all,LEPLAT,attentive,minute,INCT20955,176,0.38300268842718826
esp_aves2_sl_eat_bio_ssl_all,LEPLAT,attentive,minute,INCT4,12,0.32475111551493074
esp_aves2_sl_eat_bio_ssl_all,LEPLAT,attentive,minute,INCT41,0,
esp_aves2_sl_eat_bio_ssl_all,LEPLAT,logistic:max,minute,INCT17,0,
esp_aves2_sl_eat_bio_ssl_all,LEPLAT,logistic:max,minute,INCT20955,176,0.7067721483624542
esp_aves2_sl_eat_bio_ssl_all,LEPLAT,logistic:max,minute,INCT4,12,0.4756347145631927
esp_aves2_sl_eat_bio_ssl_all,LEPLAT,logistic:max,minute,INCT41,0,
esp_aves2_sl_eat_bio_ssl_all,LEPLAT,proto_probe,minute,INCT17,0,
esp_aves2_sl_eat_bio_ssl_all,LEPLAT,proto_probe,minute,INCT20955,176,0.8026350007618699
esp_aves2_sl_eat_bio_ssl_all,LEPLAT,proto_probe,minute,INCT4,12,0.6191554258086517
esp_aves2_sl_eat_bio_ssl_all,LEPLAT,proto_probe,minute,INCT41,0,
insect459,LEPLAT,logistic,fenetre,INCT17,0,
insect459,LEPLAT,logistic,fenetre,INCT20955,1399,0.21637647448870986
insect459,LEPLAT,logistic,fenetre,INCT4,81,0.013393022291899512
insect459,LEPLAT,logistic,fenetre,INCT41,0,
insect459,LEPLAT,logistic+R37=glmm,fenetre,INCT17,0,
insect459,LEPLAT,logistic+R37=glmm,fenetre,INCT20955,1399,0.22125164969576133
insect459,LEPLAT,logistic+R37=glmm,fenetre,INCT4,81,0.013946405912947914
insect459,LEPLAT,logistic+R37=glmm,fenetre,INCT41,0,
insect459,LEPLAT,lda_shrunk,fenetre,INCT17,0,
insect459,LEPLAT,lda_shrunk,fenetre,INCT20955,1399,0.2200672780731888
insect459,LEPLAT,lda_shrunk,fenetre,INCT4,81,0.0205461629057341
insect459,LEPLAT,lda_shrunk,fenetre,INCT41,0,
insect459,LEPLAT,simple_prototype,fenetre,INCT17,0,
insect459,LEPLAT,simple_prototype,fenetre,INCT20955,1399,0.2175722896765844
insect459,LEPLAT,simple_prototype,fenetre,INCT4,81,0.02971540822005958
insect459,LEPLAT,simple_prototype,fenetre,INCT41,0,
insect459,LEPLAT,logistic,minute,INCT17,0,
insect459,LEPLAT,logistic,minute,INCT20955,176,0.2809795354209246
insect459,LEPLAT,logistic,minute,INCT4,12,0.027874426454613497
insect459,LEPLAT,logistic,minute,INCT41,0,
insect459,LEPLAT,logistic+R37=glmm,minute,INCT17,0,
insect459,LEPLAT,logistic+R37=glmm,minute,INCT20955,176,0.2852628776474494
insect459,LEPLAT,logistic+R37=glmm,minute,INCT4,12,0.030161195633868446
insect459,LEPLAT,logistic+R37=glmm,minute,INCT41,0,
insect459,LEPLAT,lda_shrunk,minute,INCT17,0,
insect459,LEPLAT,lda_shrunk,minute,INCT20955,176,0.2985880050463235
insect459,LEPLAT,lda_shrunk,minute,INCT4,12,0.05148670303692032
insect459,LEPLAT,lda_shrunk,minute,INCT41,0,
insect459,LEPLAT,simple_prototype,minute,INCT17,0,
insect459,LEPLAT,simple_prototype,minute,INCT20955,176,0.285367997181454
insect459,LEPLAT,simple_prototype,minute,INCT4,12,0.04765588678806933
insect459,LEPLAT,simple_prototype,minute,INCT41,0,
insect66,LEPLAT,logistic,fenetre,INCT17,0,
insect66,LEPLAT,logistic,fenetre,INCT20955,1399,0.22879900776865492
insect66,LEPLAT,logistic,fenetre,INCT4,81,0.026814741787208374
insect66,LEPLAT,logistic,fenetre,INCT41,0,
insect66,LEPLAT,logistic+R37=glmm,fenetre,INCT17,0,
insect66,LEPLAT,logistic+R37=glmm,fenetre,INCT20955,1399,0.23259941787442612
insect66,LEPLAT,logistic+R37=glmm,fenetre,INCT4,81,0.029558539070124026
insect66,LEPLAT,logistic+R37=glmm,fenetre,INCT41,0,
insect66,LEPLAT,lda_shrunk,fenetre,INCT17,0,
insect66,LEPLAT,lda_shrunk,fenetre,INCT20955,1399,0.2267881585109353
insect66,LEPLAT,lda_shrunk,fenetre,INCT4,81,0.019747519863398327
insect66,LEPLAT,lda_shrunk,fenetre,INCT41,0,
insect66,LEPLAT,simple_prototype,fenetre,INCT17,0,
insect66,LEPLAT,simple_prototype,fenetre,INCT20955,1399,0.254263980656731
insect66,LEPLAT,simple_prototype,fenetre,INCT4,81,0.02645899690760632
insect66,LEPLAT,simple_prototype,fenetre,INCT41,0,
insect66,LEPLAT,logistic,minute,INCT17,0,
insect66,LEPLAT,logistic,minute,INCT20955,176,0.2892367022322386
insect66,LEPLAT,logistic,minute,INCT4,12,0.047623789152696126
insect66,LEPLAT,logistic,minute,INCT41,0,
insect66,LEPLAT,logistic+R37=glmm,minute,INCT17,0,
insect66,LEPLAT,logistic+R37=glmm,minute,INCT20955,176,0.2900723617220578
insect66,LEPLAT,logistic+R37=glmm,minute,INCT4,12,0.05207297186548307
insect66,LEPLAT,logistic+R37=glmm,minute,INCT41,0,
insect66,LEPLAT,lda_shrunk,minute,INCT17,0,
insect66,LEPLAT,lda_shrunk,minute,INCT20955,176,0.29551357691945357
insect66,LEPLAT,lda_shrunk,minute,INCT4,12,0.037346386520099986
insect66,LEPLAT,lda_shrunk,minute,INCT41,0,
insect66,LEPLAT,simple_prototype,minute,INCT17,0,
insect66,LEPLAT,simple_prototype,minute,INCT20955,176,0.31465144973325826
insect66,LEPLAT,simple_prototype,minute,INCT4,12,0.05724947520085841
insect66,LEPLAT,simple_prototype,minute,INCT41,0,
naturebeats,LEPLAT,logistic,fenetre,INCT17,0,
naturebeats,LEPLAT,logistic,fenetre,INCT20955,1473,0.8023117472021807
naturebeats,LEPLAT,logistic,fenetre,INCT4,82,0.7294864497968628
naturebeats,LEPLAT,logistic,fenetre,INCT41,0,
naturebeats,LEPLAT,logistic+R37=glmm,fenetre,INCT17,0,
naturebeats,LEPLAT,logistic+R37=glmm,fenetre,INCT20955,1473,0.8199509509329933
naturebeats,LEPLAT,logistic+R37=glmm,fenetre,INCT4,82,0.7441232018385384
naturebeats,LEPLAT,logistic+R37=glmm,fenetre,INCT41,0,
naturebeats,LEPLAT,lda_shrunk,fenetre,INCT17,0,
naturebeats,LEPLAT,lda_shrunk,fenetre,INCT20955,1473,0.8236714498292005
naturebeats,LEPLAT,lda_shrunk,fenetre,INCT4,82,0.6504720806784597
naturebeats,LEPLAT,lda_shrunk,fenetre,INCT41,0,
naturebeats,LEPLAT,simple_prototype,fenetre,INCT17,0,
naturebeats,LEPLAT,simple_prototype,fenetre,INCT20955,1473,0.34996487266595133
naturebeats,LEPLAT,simple_prototype,fenetre,INCT4,82,0.021054053851515195
naturebeats,LEPLAT,simple_prototype,fenetre,INCT41,0,
naturebeats,LEPLAT,attentive,fenetre,INCT17,0,
naturebeats,LEPLAT,attentive,fenetre,INCT20955,1473,0.7592073177978006
naturebeats,LEPLAT,attentive,fenetre,INCT4,82,0.5172071156650099
naturebeats,LEPLAT,attentive,fenetre,INCT41,0,
naturebeats,LEPLAT,logistic:max,fenetre,INCT17,0,
naturebeats,LEPLAT,logistic:max,fenetre,INCT20955,1473,0.8130054880221933
naturebeats,LEPLAT,logistic:max,fenetre,INCT4,82,0.7549960209219101
naturebeats,LEPLAT,logistic:max,fenetre,INCT41,0,
naturebeats,LEPLAT,proto_probe,fenetre,INCT17,0,
naturebeats,LEPLAT,proto_probe,fenetre,INCT20955,1473,0.918190171424285
naturebeats,LEPLAT,proto_probe,fenetre,INCT4,82,0.7875843326331129
naturebeats,LEPLAT,proto_probe,fenetre,INCT41,0,
naturebeats,LEPLAT,logistic,minute,INCT17,0,
naturebeats,LEPLAT,logistic,minute,INCT20955,176,0.8188874042654559
naturebeats,LEPLAT,logistic,minute,INCT4,12,0.8359298340548341
naturebeats,LEPLAT,logistic,minute,INCT41,0,
naturebeats,LEPLAT,logistic+R37=glmm,minute,INCT17,0,
naturebeats,LEPLAT,logistic+R37=glmm,minute,INCT20955,176,0.839937413057603
naturebeats,LEPLAT,logistic+R37=glmm,minute,INCT4,12,0.8395731583231584
naturebeats,LEPLAT,logistic+R37=glmm,minute,INCT41,0,
naturebeats,LEPLAT,lda_shrunk,minute,INCT17,0,
naturebeats,LEPLAT,lda_shrunk,minute,INCT20955,176,0.8764981687783863
naturebeats,LEPLAT,lda_shrunk,minute,INCT4,12,0.809599197099197
naturebeats,LEPLAT,lda_shrunk,minute,INCT41,0,
naturebeats,LEPLAT,simple_prototype,minute,INCT17,0,
naturebeats,LEPLAT,simple_prototype,minute,INCT20955,176,0.4289896919653148
naturebeats,LEPLAT,simple_prototype,minute,INCT4,12,0.04264881228853562
naturebeats,LEPLAT,simple_prototype,minute,INCT41,0,
naturebeats,LEPLAT,attentive,minute,INCT17,0,
naturebeats,LEPLAT,attentive,minute,INCT20955,176,0.8507990084065519
naturebeats,LEPLAT,attentive,minute,INCT4,12,0.5612913683992116
naturebeats,LEPLAT,attentive,minute,INCT41,0,
naturebeats,LEPLAT,logistic:max,minute,INCT17,0,
naturebeats,LEPLAT,logistic:max,minute,INCT20955,176,0.8305789008090463
naturebeats,LEPLAT,logistic:max,minute,INCT4,12,0.9006613756613756
naturebeats,LEPLAT,logistic:max,minute,INCT41,0,
naturebeats,LEPLAT,proto_probe,minute,INCT17,0,
naturebeats,LEPLAT,proto_probe,minute,INCT20955,176,0.952931392480693
naturebeats,LEPLAT,proto_probe,minute,INCT4,12,0.9057581307581307
naturebeats,LEPLAT,proto_probe,minute,INCT41,0,
perch_bird,LEPLAT,logistic,fenetre,INCT17,0,
perch_bird,LEPLAT,logistic,fenetre,INCT20955,1473,0.765293698129455
perch_bird,LEPLAT,logistic,fenetre,INCT4,82,0.685377127676935
perch_bird,LEPLAT,logistic,fenetre,INCT41,0,
perch_bird,LEPLAT,logistic+R37=glmm,fenetre,INCT17,0,
perch_bird,LEPLAT,logistic+R37=glmm,fenetre,INCT20955,1473,0.7660401749785745
perch_bird,LEPLAT,logistic+R37=glmm,fenetre,INCT4,82,0.6852347461187537
perch_bird,LEPLAT,logistic+R37=glmm,fenetre,INCT41,0,
perch_bird,LEPLAT,lda_shrunk,fenetre,INCT17,0,
perch_bird,LEPLAT,lda_shrunk,fenetre,INCT20955,1473,0.5845034846734153
perch_bird,LEPLAT,lda_shrunk,fenetre,INCT4,82,0.30804940118455365
perch_bird,LEPLAT,lda_shrunk,fenetre,INCT41,0,
perch_bird,LEPLAT,logistic,minute,INCT17,0,
perch_bird,LEPLAT,logistic,minute,INCT20955,176,0.8198413896143993
perch_bird,LEPLAT,logistic,minute,INCT4,12,0.751471027479092
perch_bird,LEPLAT,logistic,minute,INCT41,0,
perch_bird,LEPLAT,logistic+R37=glmm,minute,INCT17,0,
perch_bird,LEPLAT,logistic+R37=glmm,minute,INCT20955,176,0.8197982110642339
perch_bird,LEPLAT,logistic+R37=glmm,minute,INCT4,12,0.751471027479092
perch_bird,LEPLAT,logistic+R37=glmm,minute,INCT41,0,
perch_bird,LEPLAT,lda_shrunk,minute,INCT17,0,
perch_bird,LEPLAT,lda_shrunk,minute,INCT20955,176,0.6635428212276148
perch_bird,LEPLAT,lda_shrunk,minute,INCT4,12,0.4905803859261306
perch_bird,LEPLAT,lda_shrunk,minute,INCT41,0,
perch_v2,LEPLAT,logistic,fenetre,INCT17,0,
perch_v2,LEPLAT,logistic,fenetre,INCT20955,1473,0.8223378021985942
perch_v2,LEPLAT,logistic,fenetre,INCT4,82,0.6370736549388637
perch_v2,LEPLAT,logistic,fenetre,INCT41,0,
perch_v2,LEPLAT,logistic+R37=glmm,fenetre,INCT17,0,
perch_v2,LEPLAT,logistic+R37=glmm,fenetre,INCT20955,1473,0.8233400663741781
perch_v2,LEPLAT,logistic+R37=glmm,fenetre,INCT4,82,0.6374783685438439
perch_v2,LEPLAT,logistic+R37=glmm,fenetre,INCT41,0,
perch_v2,LEPLAT,lda_shrunk,fenetre,INCT17,0,
perch_v2,LEPLAT,lda_shrunk,fenetre,INCT20955,1473,0.6760038238850097
perch_v2,LEPLAT,lda_shrunk,fenetre,INCT4,82,0.5268676008240359
perch_v2,LEPLAT,lda_shrunk,fenetre,INCT41,0,
perch_v2,LEPLAT,simple_prototype,fenetre,INCT17,0,
perch_v2,LEPLAT,simple_prototype,fenetre,INCT20955,1473,0.39733565847143837
perch_v2,LEPLAT,simple_prototype,fenetre,INCT4,82,0.07781259166566805
perch_v2,LEPLAT,simple_prototype,fenetre,INCT41,0,
perch_v2,LEPLAT,attentive,fenetre,INCT17,0,
perch_v2,LEPLAT,attentive,fenetre,INCT20955,1473,0.7337397749007047
perch_v2,LEPLAT,attentive,fenetre,INCT4,82,0.27312863806014903
perch_v2,LEPLAT,attentive,fenetre,INCT41,0,
perch_v2,LEPLAT,logistic:max,fenetre,INCT17,0,
perch_v2,LEPLAT,logistic:max,fenetre,INCT20955,1473,0.7492653755893662
perch_v2,LEPLAT,logistic:max,fenetre,INCT4,82,0.627027468741507
perch_v2,LEPLAT,logistic:max,fenetre,INCT41,0,
perch_v2,LEPLAT,proto_probe,fenetre,INCT17,0,
perch_v2,LEPLAT,proto_probe,fenetre,INCT20955,1473,0.576316864935487
perch_v2,LEPLAT,proto_probe,fenetre,INCT4,82,0.7122988349181071
perch_v2,LEPLAT,proto_probe,fenetre,INCT41,0,
perch_v2,LEPLAT,logistic,minute,INCT17,0,
perch_v2,LEPLAT,logistic,minute,INCT20955,176,0.8614648738769103
perch_v2,LEPLAT,logistic,minute,INCT4,12,0.7868138562217509
perch_v2,LEPLAT,logistic,minute,INCT41,0,
perch_v2,LEPLAT,logistic+R37=glmm,minute,INCT17,0,
perch_v2,LEPLAT,logistic+R37=glmm,minute,INCT20955,176,0.861348450307038
perch_v2,LEPLAT,logistic+R37=glmm,minute,INCT4,12,0.7868138562217509
perch_v2,LEPLAT,logistic+R37=glmm,minute,INCT41,0,
perch_v2,LEPLAT,lda_shrunk,minute,INCT17,0,
perch_v2,LEPLAT,lda_shrunk,minute,INCT20955,176,0.7704455345599923
perch_v2,LEPLAT,lda_shrunk,minute,INCT4,12,0.6991230762128594
perch_v2,LEPLAT,lda_shrunk,minute,INCT41,0,
perch_v2,LEPLAT,simple_prototype,minute,INCT17,0,
perch_v2,LEPLAT,simple_prototype,minute,INCT20955,176,0.48508445979112447
perch_v2,LEPLAT,simple_prototype,minute,INCT4,12,0.1663240078677505
perch_v2,LEPLAT,simple_prototype,minute,INCT41,0,
perch_v2,LEPLAT,attentive,minute,INCT17,0,
perch_v2,LEPLAT,attentive,minute,INCT20955,176,0.8156952780198722
perch_v2,LEPLAT,attentive,minute,INCT4,12,0.6186689602387279
perch_v2,LEPLAT,attentive,minute,INCT41,0,
perch_v2,LEPLAT,logistic:max,minute,INCT17,0,
perch_v2,LEPLAT,logistic:max,minute,INCT20955,176,0.8222055510773216
perch_v2,LEPLAT,logistic:max,minute,INCT4,12,0.8534662097162097
perch_v2,LEPLAT,logistic:max,minute,INCT41,0,
perch_v2,LEPLAT,proto_probe,minute,INCT17,0,
perch_v2,LEPLAT,proto_probe,minute,INCT20955,176,0.7517488287261153
perch_v2,LEPLAT,proto_probe,minute,INCT4,12,0.819463589529379
perch_v2,LEPLAT,proto_probe,minute,INCT41,0,
protoclr,LEPLAT,logistic,fenetre,INCT17,0,
protoclr,LEPLAT,logistic,fenetre,INCT20955,1269,0.30138378088034257
protoclr,LEPLAT,logistic,fenetre,INCT4,76,0.11604813517368444
protoclr,LEPLAT,logistic,fenetre,INCT41,0,
protoclr,LEPLAT,logistic+R37=glmm,fenetre,INCT17,0,
protoclr,LEPLAT,logistic+R37=glmm,fenetre,INCT20955,1269,0.34186323358709725
protoclr,LEPLAT,logistic+R37=glmm,fenetre,INCT4,76,0.13876265043719221
protoclr,LEPLAT,logistic+R37=glmm,fenetre,INCT41,0,
protoclr,LEPLAT,lda_shrunk,fenetre,INCT17,0,
protoclr,LEPLAT,lda_shrunk,fenetre,INCT20955,1269,0.32517555364393536
protoclr,LEPLAT,lda_shrunk,fenetre,INCT4,76,0.03738775279144072
protoclr,LEPLAT,lda_shrunk,fenetre,INCT41,0,
protoclr,LEPLAT,logistic,minute,INCT17,0,
protoclr,LEPLAT,logistic,minute,INCT20955,176,0.38269131683777535
protoclr,LEPLAT,logistic,minute,INCT4,12,0.16112509169850125
protoclr,LEPLAT,logistic,minute,INCT41,0,
protoclr,LEPLAT,logistic+R37=glmm,minute,INCT17,0,
protoclr,LEPLAT,logistic+R37=glmm,minute,INCT20955,176,0.4340259029460276
protoclr,LEPLAT,logistic+R37=glmm,minute,INCT4,12,0.16569167636429305
protoclr,LEPLAT,logistic+R37=glmm,minute,INCT41,0,
protoclr,LEPLAT,lda_shrunk,minute,INCT17,0,
protoclr,LEPLAT,lda_shrunk,minute,INCT20955,176,0.42091291154833904
protoclr,LEPLAT,lda_shrunk,minute,INCT4,12,0.094159258312637
protoclr,LEPLAT,lda_shrunk,minute,INCT41,0,
rcl_fs_bsed,LEPLAT,logistic,fenetre,INCT17,0,
rcl_fs_bsed,LEPLAT,logistic,fenetre,INCT20955,26173,0.4342173783072981
rcl_fs_bsed,LEPLAT,logistic,fenetre,INCT4,208,0.018716791093834076
rcl_fs_bsed,LEPLAT,logistic,fenetre,INCT41,0,
rcl_fs_bsed,LEPLAT,logistic+R37=glmm,fenetre,INCT17,0,
rcl_fs_bsed,LEPLAT,logistic+R37=glmm,fenetre,INCT20955,26173,0.4855340857699419
rcl_fs_bsed,LEPLAT,logistic+R37=glmm,fenetre,INCT4,208,0.01893186762228606
rcl_fs_bsed,LEPLAT,logistic+R37=glmm,fenetre,INCT41,0,
rcl_fs_bsed,LEPLAT,lda_shrunk,fenetre,INCT17,0,
rcl_fs_bsed,LEPLAT,lda_shrunk,fenetre,INCT20955,26173,0.3403639080473133
rcl_fs_bsed,LEPLAT,lda_shrunk,fenetre,INCT4,208,0.011981259991139324
rcl_fs_bsed,LEPLAT,lda_shrunk,fenetre,INCT41,0,
rcl_fs_bsed,LEPLAT,simple_prototype,fenetre,INCT17,0,
rcl_fs_bsed,LEPLAT,simple_prototype,fenetre,INCT20955,26173,0.19738672044621725
rcl_fs_bsed,LEPLAT,simple_prototype,fenetre,INCT4,208,0.0009353076883737522
rcl_fs_bsed,LEPLAT,simple_prototype,fenetre,INCT41,0,
rcl_fs_bsed,LEPLAT,logistic,minute,INCT17,0,
rcl_fs_bsed,LEPLAT,logistic,minute,INCT20955,176,0.671956794620348
rcl_fs_bsed,LEPLAT,logistic,minute,INCT4,12,0.1908048573567403
rcl_fs_bsed,LEPLAT,logistic,minute,INCT41,0,
rcl_fs_bsed,LEPLAT,logistic+R37=glmm,minute,INCT17,0,
rcl_fs_bsed,LEPLAT,logistic+R37=glmm,minute,INCT20955,176,0.7090145619895734
rcl_fs_bsed,LEPLAT,logistic+R37=glmm,minute,INCT4,12,0.19148607109262752
rcl_fs_bsed,LEPLAT,logistic+R37=glmm,minute,INCT41,0,
rcl_fs_bsed,LEPLAT,lda_shrunk,minute,INCT17,0,
rcl_fs_bsed,LEPLAT,lda_shrunk,minute,INCT20955,176,0.61015169179568
rcl_fs_bsed,LEPLAT,lda_shrunk,minute,INCT4,12,0.1493969391818854
rcl_fs_bsed,LEPLAT,lda_shrunk,minute,INCT41,0,
rcl_fs_bsed,LEPLAT,simple_prototype,minute,INCT17,0,
rcl_fs_bsed,LEPLAT,simple_prototype,minute,INCT20955,176,0.33255573751317496
rcl_fs_bsed,LEPLAT,simple_prototype,minute,INCT4,12,0.017387311191809286
rcl_fs_bsed,LEPLAT,simple_prototype,minute,INCT41,0,
audioprotopnet,BOAFAB,logistic,fenetre,INCT17,0,
audioprotopnet,BOAFAB,logistic,fenetre,INCT20955,1078,0.9862653063340873
audioprotopnet,BOAFAB,logistic,fenetre,INCT4,780,0.9742547051826409
audioprotopnet,BOAFAB,logistic,fenetre,INCT41,0,
audioprotopnet,BOAFAB,logistic+R37=glmm,fenetre,INCT17,0,
audioprotopnet,BOAFAB,logistic+R37=glmm,fenetre,INCT20955,1078,0.9862754060960852
audioprotopnet,BOAFAB,logistic+R37=glmm,fenetre,INCT4,780,0.9735375636821534
audioprotopnet,BOAFAB,logistic+R37=glmm,fenetre,INCT41,0,
audioprotopnet,BOAFAB,lda_shrunk,fenetre,INCT17,0,
audioprotopnet,BOAFAB,lda_shrunk,fenetre,INCT20955,1078,0.9698859031660857
audioprotopnet,BOAFAB,lda_shrunk,fenetre,INCT4,780,0.970299195126353
audioprotopnet,BOAFAB,lda_shrunk,fenetre,INCT41,0,
audioprotopnet,BOAFAB,simple_prototype,fenetre,INCT17,0,
audioprotopnet,BOAFAB,simple_prototype,fenetre,INCT20955,1078,0.8406377729465625
audioprotopnet,BOAFAB,simple_prototype,fenetre,INCT4,780,0.855967036341091
audioprotopnet,BOAFAB,simple_prototype,fenetre,INCT41,0,
audioprotopnet,BOAFAB,logistic,minute,INCT17,0,
audioprotopnet,BOAFAB,logistic,minute,INCT20955,106,0.996743137407067
audioprotopnet,BOAFAB,logistic,minute,INCT4,87,0.9834671052960936
audioprotopnet,BOAFAB,logistic,minute,INCT41,0,
audioprotopnet,BOAFAB,logistic+R37=glmm,minute,INCT17,0,
audioprotopnet,BOAFAB,logistic+R37=glmm,minute,INCT20955,106,0.996743137407067
audioprotopnet,BOAFAB,logistic+R37=glmm,minute,INCT4,87,0.9825518971259618
audioprotopnet,BOAFAB,logistic+R37=glmm,minute,INCT41,0,
audioprotopnet,BOAFAB,lda_shrunk,minute,INCT17,0,
audioprotopnet,BOAFAB,lda_shrunk,minute,INCT20955,106,0.9900322004685906
audioprotopnet,BOAFAB,lda_shrunk,minute,INCT4,87,0.9825299667011682
audioprotopnet,BOAFAB,lda_shrunk,minute,INCT41,0,
audioprotopnet,BOAFAB,simple_prototype,minute,INCT17,0,
audioprotopnet,BOAFAB,simple_prototype,minute,INCT20955,106,0.8730552430098509
audioprotopnet,BOAFAB,simple_prototype,minute,INCT4,87,0.8678443740503596
audioprotopnet,BOAFAB,simple_prototype,minute,INCT41,0,
beats,BOAFAB,logistic,fenetre,INCT17,0,
beats,BOAFAB,logistic,fenetre,INCT20955,1078,0.9007461062947961
beats,BOAFAB,logistic,fenetre,INCT4,780,0.9215748794707292
beats,BOAFAB,logistic,fenetre,INCT41,0,
beats,BOAFAB,logistic+R37=glmm,fenetre,INCT17,0,
beats,BOAFAB,logistic+R37=glmm,fenetre,INCT20955,1078,0.8942794053078321
beats,BOAFAB,logistic+R37=glmm,fenetre,INCT4,780,0.9198000004424978
beats,BOAFAB,logistic+R37=glmm,fenetre,INCT41,0,
beats,BOAFAB,lda_shrunk,fenetre,INCT17,0,
beats,BOAFAB,lda_shrunk,fenetre,INCT20955,1078,0.7994930365671179
beats,BOAFAB,lda_shrunk,fenetre,INCT4,780,0.9206040138362561
beats,BOAFAB,lda_shrunk,fenetre,INCT41,0,
beats,BOAFAB,simple_prototype,fenetre,INCT17,0,
beats,BOAFAB,simple_prototype,fenetre,INCT20955,1078,0.2906141998617161
beats,BOAFAB,simple_prototype,fenetre,INCT4,780,0.4716739246631577
beats,BOAFAB,simple_prototype,fenetre,INCT41,0,
beats,BOAFAB,attentive,fenetre,INCT17,0,
beats,BOAFAB,attentive,fenetre,INCT20955,1078,0.9255192444002065
beats,BOAFAB,attentive,fenetre,INCT4,780,0.8649789045306024
beats,BOAFAB,attentive,fenetre,INCT41,0,
beats,BOAFAB,logistic:max,fenetre,INCT17,0,
beats,BOAFAB,logistic:max,fenetre,INCT20955,1078,0.9076814632597415
beats,BOAFAB,logistic:max,fenetre,INCT4,780,0.9247363091530298
beats,BOAFAB,logistic:max,fenetre,INCT41,0,
beats,BOAFAB,proto_probe,fenetre,INCT17,0,
beats,BOAFAB,proto_probe,fenetre,INCT20955,1078,0.9412160520869837
beats,BOAFAB,proto_probe,fenetre,INCT4,780,0.9543019255112647
beats,BOAFAB,proto_probe,fenetre,INCT41,0,
beats,BOAFAB,logistic,minute,INCT17,0,
beats,BOAFAB,logistic,minute,INCT20955,106,0.9280013709466803
beats,BOAFAB,logistic,minute,INCT4,87,0.9510591578896146
beats,BOAFAB,logistic,minute,INCT41,0,
beats,BOAFAB,logistic+R37=glmm,minute,INCT17,0,
beats,BOAFAB,logistic+R37=glmm,minute,INCT20955,106,0.9220931340663729
beats,BOAFAB,logistic+R37=glmm,minute,INCT4,87,0.9502603208617855
beats,BOAFAB,logistic+R37=glmm,minute,INCT41,0,
beats,BOAFAB,lda_shrunk,minute,INCT17,0,
beats,BOAFAB,lda_shrunk,minute,INCT20955,106,0.8796047797367079
beats,BOAFAB,lda_shrunk,minute,INCT4,87,0.9477796882157321
beats,BOAFAB,lda_shrunk,minute,INCT41,0,
beats,BOAFAB,simple_prototype,minute,INCT17,0,
beats,BOAFAB,simple_prototype,minute,INCT20955,106,0.41032461325770686
beats,BOAFAB,simple_prototype,minute,INCT4,87,0.5932236430856822
beats,BOAFAB,simple_prototype,minute,INCT41,0,
beats,BOAFAB,attentive,minute,INCT17,0,
beats,BOAFAB,attentive,minute,INCT20955,106,0.9462646883252435
beats,BOAFAB,attentive,minute,INCT4,87,0.9012448676853473
beats,BOAFAB,attentive,minute,INCT41,0,
beats,BOAFAB,logistic:max,minute,INCT17,0,
beats,BOAFAB,logistic:max,minute,INCT20955,106,0.934595478575713
beats,BOAFAB,logistic:max,minute,INCT4,87,0.9515901527752291
beats,BOAFAB,logistic:max,minute,INCT41,0,
beats,BOAFAB,proto_probe,minute,INCT17,0,
beats,BOAFAB,proto_probe,minute,INCT20955,106,0.964009600602548
beats,BOAFAB,proto_probe,minute,INCT4,87,0.979879566156401
beats,BOAFAB,proto_probe,minute,INCT41,0,
birdmae_base,BOAFAB,logistic,fenetre,INCT17,0,
birdmae_base,BOAFAB,logistic,fenetre,INCT20955,1078,0.9624894284134449
birdmae_base,BOAFAB,logistic,fenetre,INCT4,780,0.9193877892245235
birdmae_base,BOAFAB,logistic,fenetre,INCT41,0,
birdmae_base,BOAFAB,logistic+R37=glmm,fenetre,INCT17,0,
birdmae_base,BOAFAB,logistic+R37=glmm,fenetre,INCT20955,1078,0.9650679333900464
birdmae_base,BOAFAB,logistic+R37=glmm,fenetre,INCT4,780,0.9162647340397826
birdmae_base,BOAFAB,logistic+R37=glmm,fenetre,INCT41,0,
birdmae_base,BOAFAB,lda_shrunk,fenetre,INCT17,0,
birdmae_base,BOAFAB,lda_shrunk,fenetre,INCT20955,1078,0.9625948338266891
birdmae_base,BOAFAB,lda_shrunk,fenetre,INCT4,780,0.9510202330635846
birdmae_base,BOAFAB,lda_shrunk,fenetre,INCT41,0,
birdmae_base,BOAFAB,simple_prototype,fenetre,INCT17,0,
birdmae_base,BOAFAB,simple_prototype,fenetre,INCT20955,1078,0.5069651589658795
birdmae_base,BOAFAB,simple_prototype,fenetre,INCT4,780,0.734679363602629
birdmae_base,BOAFAB,simple_prototype,fenetre,INCT41,0,
birdmae_base,BOAFAB,attentive,fenetre,INCT17,0,
birdmae_base,BOAFAB,attentive,fenetre,INCT20955,1078,0.9649663799047542
birdmae_base,BOAFAB,attentive,fenetre,INCT4,780,0.9422069891534424
birdmae_base,BOAFAB,attentive,fenetre,INCT41,0,
birdmae_base,BOAFAB,logistic:max,fenetre,INCT17,0,
birdmae_base,BOAFAB,logistic:max,fenetre,INCT20955,1078,0.9625866291240156
birdmae_base,BOAFAB,logistic:max,fenetre,INCT4,780,0.9248996867426139
birdmae_base,BOAFAB,logistic:max,fenetre,INCT41,0,
birdmae_base,BOAFAB,proto_probe,fenetre,INCT17,0,
birdmae_base,BOAFAB,proto_probe,fenetre,INCT20955,1078,0.9833567844410346
birdmae_base,BOAFAB,proto_probe,fenetre,INCT4,780,0.972711655915691
birdmae_base,BOAFAB,proto_probe,fenetre,INCT41,0,
birdmae_base,BOAFAB,logistic,minute,INCT17,0,
birdmae_base,BOAFAB,logistic,minute,INCT20955,106,0.9606777627339604
birdmae_base,BOAFAB,logistic,minute,INCT4,87,0.9075005988378276
birdmae_base,BOAFAB,logistic,minute,INCT41,0,
birdmae_base,BOAFAB,logistic+R37=glmm,minute,INCT17,0,
birdmae_base,BOAFAB,logistic+R37=glmm,minute,INCT20955,106,0.9625096350779946
birdmae_base,BOAFAB,logistic+R37=glmm,minute,INCT4,87,0.9034446381692528
birdmae_base,BOAFAB,logistic+R37=glmm,minute,INCT41,0,
birdmae_base,BOAFAB,lda_shrunk,minute,INCT17,0,
birdmae_base,BOAFAB,lda_shrunk,minute,INCT20955,106,0.9640327690532016
birdmae_base,BOAFAB,lda_shrunk,minute,INCT4,87,0.9439531153136634
birdmae_base,BOAFAB,lda_shrunk,minute,INCT41,0,
birdmae_base,BOAFAB,simple_prototype,minute,INCT17,0,
birdmae_base,BOAFAB,simple_prototype,minute,INCT20955,106,0.5851754757120341
birdmae_base,BOAFAB,simple_prototype,minute,INCT4,87,0.7538171210791169
birdmae_base,BOAFAB,simple_prototype,minute,INCT41,0,
birdmae_base,BOAFAB,attentive,minute,INCT17,0,
birdmae_base,BOAFAB,attentive,minute,INCT20955,106,0.9640470270381323
birdmae_base,BOAFAB,attentive,minute,INCT4,87,0.9437261147140679
birdmae_base,BOAFAB,attentive,minute,INCT41,0,
birdmae_base,BOAFAB,logistic:max,minute,INCT17,0,
birdmae_base,BOAFAB,logistic:max,minute,INCT20955,106,0.9602914953068978
birdmae_base,BOAFAB,logistic:max,minute,INCT4,87,0.9105936873252402
birdmae_base,BOAFAB,logistic:max,minute,INCT41,0,
birdmae_base,BOAFAB,proto_probe,minute,INCT17,0,
birdmae_base,BOAFAB,proto_probe,minute,INCT20955,106,0.9800153799736966
birdmae_base,BOAFAB,proto_probe,minute,INCT4,87,0.9749035322513642
birdmae_base,BOAFAB,proto_probe,minute,INCT41,0,
birdmae_huge,BOAFAB,logistic,fenetre,INCT17,0,
birdmae_huge,BOAFAB,logistic,fenetre,INCT20955,1078,0.9554543318106895
birdmae_huge,BOAFAB,logistic,fenetre,INCT4,780,0.9330401220881299
birdmae_huge,BOAFAB,logistic,fenetre,INCT41,0,
birdmae_huge,BOAFAB,logistic+R37=glmm,fenetre,INCT17,0,
birdmae_huge,BOAFAB,logistic+R37=glmm,fenetre,INCT20955,1078,0.9570985071304917
birdmae_huge,BOAFAB,logistic+R37=glmm,fenetre,INCT4,780,0.9307269669665198
birdmae_huge,BOAFAB,logistic+R37=glmm,fenetre,INCT41,0,
birdmae_huge,BOAFAB,lda_shrunk,fenetre,INCT17,0,
birdmae_huge,BOAFAB,lda_shrunk,fenetre,INCT20955,1078,0.9291513300931258
birdmae_huge,BOAFAB,lda_shrunk,fenetre,INCT4,780,0.9398348087584708
birdmae_huge,BOAFAB,lda_shrunk,fenetre,INCT41,0,
birdmae_huge,BOAFAB,logistic,minute,INCT17,0,
birdmae_huge,BOAFAB,logistic,minute,INCT20955,106,0.9598859504443273
birdmae_huge,BOAFAB,logistic,minute,INCT4,87,0.9183047062218306
birdmae_huge,BOAFAB,logistic,minute,INCT41,0,
birdmae_huge,BOAFAB,logistic+R37=glmm,minute,INCT17,0,
birdmae_huge,BOAFAB,logistic+R37=glmm,minute,INCT20955,106,0.9608557672837412
birdmae_huge,BOAFAB,logistic+R37=glmm,minute,INCT4,87,0.9140393024858617
birdmae_huge,BOAFAB,logistic+R37=glmm,minute,INCT41,0,
birdmae_huge,BOAFAB,lda_shrunk,minute,INCT17,0,
birdmae_huge,BOAFAB,lda_shrunk,minute,INCT20955,106,0.9452313370593727
birdmae_huge,BOAFAB,lda_shrunk,minute,INCT4,87,0.9375587836983044
birdmae_huge,BOAFAB,lda_shrunk,minute,INCT41,0,
birdmae_large,BOAFAB,logistic,fenetre,INCT17,0,
birdmae_large,BOAFAB,logistic,fenetre,INCT20955,1078,0.967416120477077
birdmae_large,BOAFAB,logistic,fenetre,INCT4,780,0.9312986423376172
birdmae_large,BOAFAB,logistic,fenetre,INCT41,0,
birdmae_large,BOAFAB,logistic+R37=glmm,fenetre,INCT17,0,
birdmae_large,BOAFAB,logistic+R37=glmm,fenetre,INCT20955,1078,0.9679446392088643
birdmae_large,BOAFAB,logistic+R37=glmm,fenetre,INCT4,780,0.930798175284395
birdmae_large,BOAFAB,logistic+R37=glmm,fenetre,INCT41,0,
birdmae_large,BOAFAB,lda_shrunk,fenetre,INCT17,0,
birdmae_large,BOAFAB,lda_shrunk,fenetre,INCT20955,1078,0.936837383897988
birdmae_large,BOAFAB,lda_shrunk,fenetre,INCT4,780,0.9590995175015944
birdmae_large,BOAFAB,lda_shrunk,fenetre,INCT41,0,
birdmae_large,BOAFAB,simple_prototype,fenetre,INCT17,0,
birdmae_large,BOAFAB,simple_prototype,fenetre,INCT20955,1078,0.46624665677056687
birdmae_large,BOAFAB,simple_prototype,fenetre,INCT4,780,0.6942667335022654
birdmae_large,BOAFAB,simple_prototype,fenetre,INCT41,0,
birdmae_large,BOAFAB,attentive,fenetre,INCT17,0,
birdmae_large,BOAFAB,attentive,fenetre,INCT20955,1078,0.9622435120036562
birdmae_large,BOAFAB,attentive,fenetre,INCT4,780,0.9460664866790649
birdmae_large,BOAFAB,attentive,fenetre,INCT41,0,
birdmae_large,BOAFAB,logistic:max,fenetre,INCT17,0,
birdmae_large,BOAFAB,logistic:max,fenetre,INCT20955,1078,0.9592987642245977
birdmae_large,BOAFAB,logistic:max,fenetre,INCT4,780,0.9306665604730928
birdmae_large,BOAFAB,logistic:max,fenetre,INCT41,0,
birdmae_large,BOAFAB,proto_probe,fenetre,INCT17,0,
birdmae_large,BOAFAB,proto_probe,fenetre,INCT20955,1078,0.9820215222474666
birdmae_large,BOAFAB,proto_probe,fenetre,INCT4,780,0.9747946109008387
birdmae_large,BOAFAB,proto_probe,fenetre,INCT41,0,
birdmae_large,BOAFAB,logistic,minute,INCT17,0,
birdmae_large,BOAFAB,logistic,minute,INCT20955,106,0.9628399075017506
birdmae_large,BOAFAB,logistic,minute,INCT4,87,0.9126464644068482
birdmae_large,BOAFAB,logistic,minute,INCT41,0,
birdmae_large,BOAFAB,logistic+R37=glmm,minute,INCT17,0,
birdmae_large,BOAFAB,logistic+R37=glmm,minute,INCT20955,106,0.9620210044117722
birdmae_large,BOAFAB,logistic+R37=glmm,minute,INCT4,87,0.9119878327997175
birdmae_large,BOAFAB,logistic+R37=glmm,minute,INCT41,0,
birdmae_large,BOAFAB,lda_shrunk,minute,INCT17,0,
birdmae_large,BOAFAB,lda_shrunk,minute,INCT20955,106,0.9342520200521887
birdmae_large,BOAFAB,lda_shrunk,minute,INCT4,87,0.9611641151976968
birdmae_large,BOAFAB,lda_shrunk,minute,INCT41,0,
birdmae_large,BOAFAB,simple_prototype,minute,INCT17,0,
birdmae_large,BOAFAB,simple_prototype,minute,INCT20955,106,0.545232427487971
birdmae_large,BOAFAB,simple_prototype,minute,INCT4,87,0.7198442782396615
birdmae_large,BOAFAB,simple_prototype,minute,INCT41,0,
birdmae_large,BOAFAB,attentive,minute,INCT17,0,
birdmae_large,BOAFAB,attentive,minute,INCT20955,106,0.963288136995239
birdmae_large,BOAFAB,attentive,minute,INCT4,87,0.9396987600331712
birdmae_large,BOAFAB,attentive,minute,INCT41,0,
birdmae_large,BOAFAB,logistic:max,minute,INCT17,0,
birdmae_large,BOAFAB,logistic:max,minute,INCT20955,106,0.9633369756761173
birdmae_large,BOAFAB,logistic:max,minute,INCT4,87,0.9186221294303161
birdmae_large,BOAFAB,logistic:max,minute,INCT41,0,
birdmae_large,BOAFAB,proto_probe,minute,INCT17,0,
birdmae_large,BOAFAB,proto_probe,minute,INCT20955,106,0.976379620586778
birdmae_large,BOAFAB,proto_probe,minute,INCT4,87,0.9813961891756463
birdmae_large,BOAFAB,proto_probe,minute,INCT41,0,
birdnet,BOAFAB,logistic,fenetre,INCT17,0,
birdnet,BOAFAB,logistic,fenetre,INCT20955,1815,0.9732257730170162
birdnet,BOAFAB,logistic,fenetre,INCT4,1289,0.9523294550680569
birdnet,BOAFAB,logistic,fenetre,INCT41,0,
birdnet,BOAFAB,logistic+R37=glmm,fenetre,INCT17,0,
birdnet,BOAFAB,logistic+R37=glmm,fenetre,INCT20955,1815,0.9725772048969537
birdnet,BOAFAB,logistic+R37=glmm,fenetre,INCT4,1289,0.9523843582120698
birdnet,BOAFAB,logistic+R37=glmm,fenetre,INCT41,0,
birdnet,BOAFAB,lda_shrunk,fenetre,INCT17,0,
birdnet,BOAFAB,lda_shrunk,fenetre,INCT20955,1815,0.9564887920822513
birdnet,BOAFAB,lda_shrunk,fenetre,INCT4,1289,0.9354424993551991
birdnet,BOAFAB,lda_shrunk,fenetre,INCT41,0,
birdnet,BOAFAB,logistic,minute,INCT17,0,
birdnet,BOAFAB,logistic,minute,INCT20955,106,0.9745385718716103
birdnet,BOAFAB,logistic,minute,INCT4,87,0.9712828863272516
birdnet,BOAFAB,logistic,minute,INCT41,0,
birdnet,BOAFAB,logistic+R37=glmm,minute,INCT17,0,
birdnet,BOAFAB,logistic+R37=glmm,minute,INCT20955,106,0.9751641342187882
birdnet,BOAFAB,logistic+R37=glmm,minute,INCT4,87,0.9712161917059134
birdnet,BOAFAB,logistic+R37=glmm,minute,INCT41,0,
birdnet,BOAFAB,lda_shrunk,minute,INCT17,0,
birdnet,BOAFAB,lda_shrunk,minute,INCT20955,106,0.9608069258583869
birdnet,BOAFAB,lda_shrunk,minute,INCT4,87,0.9656746004623296
birdnet,BOAFAB,lda_shrunk,minute,INCT41,0,
birdnet_v3,BOAFAB,logistic,fenetre,INCT17,0,
birdnet_v3,BOAFAB,logistic,fenetre,INCT20955,1815,0.9491309476516523
birdnet_v3,BOAFAB,logistic,fenetre,INCT4,1289,0.9647788019091358
birdnet_v3,BOAFAB,logistic,fenetre,INCT41,0,
birdnet_v3,BOAFAB,logistic+R37=glmm,fenetre,INCT17,0,
birdnet_v3,BOAFAB,logistic+R37=glmm,fenetre,INCT20955,1815,0.9490743737551826
birdnet_v3,BOAFAB,logistic+R37=glmm,fenetre,INCT4,1289,0.9641861427726488
birdnet_v3,BOAFAB,logistic+R37=glmm,fenetre,INCT41,0,
birdnet_v3,BOAFAB,lda_shrunk,fenetre,INCT17,0,
birdnet_v3,BOAFAB,lda_shrunk,fenetre,INCT20955,1815,0.9163137937624888
birdnet_v3,BOAFAB,lda_shrunk,fenetre,INCT4,1289,0.9466871776848715
birdnet_v3,BOAFAB,lda_shrunk,fenetre,INCT41,0,
birdnet_v3,BOAFAB,simple_prototype,fenetre,INCT17,0,
birdnet_v3,BOAFAB,simple_prototype,fenetre,INCT20955,1815,0.8740590955717913
birdnet_v3,BOAFAB,simple_prototype,fenetre,INCT4,1289,0.8226652954530018
birdnet_v3,BOAFAB,simple_prototype,fenetre,INCT41,0,
birdnet_v3,BOAFAB,classifieur_origine,fenetre,INCT17,0,
birdnet_v3,BOAFAB,classifieur_origine,fenetre,INCT20955,1815,0.9577624786395212
birdnet_v3,BOAFAB,classifieur_origine,fenetre,INCT4,1289,0.9826227256350272
birdnet_v3,BOAFAB,classifieur_origine,fenetre,INCT41,0,
birdnet_v3,BOAFAB,logistic,minute,INCT17,0,
birdnet_v3,BOAFAB,logistic,minute,INCT20955,106,0.980394704053715
birdnet_v3,BOAFAB,logistic,minute,INCT4,87,0.9883354033911785
birdnet_v3,BOAFAB,logistic,minute,INCT41,0,
birdnet_v3,BOAFAB,logistic+R37=glmm,minute,INCT17,0,
birdnet_v3,BOAFAB,logistic+R37=glmm,minute,INCT20955,106,0.9801829646917757
birdnet_v3,BOAFAB,logistic+R37=glmm,minute,INCT4,87,0.9882043909206898
birdnet_v3,BOAFAB,logistic+R37=glmm,minute,INCT41,0,
birdnet_v3,BOAFAB,lda_shrunk,minute,INCT17,0,
birdnet_v3,BOAFAB,lda_shrunk,minute,INCT20955,106,0.957161059658112
birdnet_v3,BOAFAB,lda_shrunk,minute,INCT4,87,0.9680219576523724
birdnet_v3,BOAFAB,lda_shrunk,minute,INCT41,0,
birdnet_v3,BOAFAB,simple_prototype,minute,INCT17,0,
birdnet_v3,BOAFAB,simple_prototype,minute,INCT20955,106,0.946982615967948
birdnet_v3,BOAFAB,simple_prototype,minute,INCT4,87,0.8971529363076625
birdnet_v3,BOAFAB,simple_prototype,minute,INCT41,0,
birdnet_v3,BOAFAB,classifieur_origine,minute,INCT17,0,
birdnet_v3,BOAFAB,classifieur_origine,minute,INCT20955,106,0.9829834420852485
birdnet_v3,BOAFAB,classifieur_origine,minute,INCT4,87,0.9905252835849686
birdnet_v3,BOAFAB,classifieur_origine,minute,INCT41,0,
convnext_birdset,BOAFAB,logistic,fenetre,INCT17,0,
convnext_birdset,BOAFAB,logistic,fenetre,INCT20955,1078,0.9775191801115719
convnext_birdset,BOAFAB,logistic,fenetre,INCT4,780,0.9717723606140437
convnext_birdset,BOAFAB,logistic,fenetre,INCT41,0,
convnext_birdset,BOAFAB,logistic+R37=glmm,fenetre,INCT17,0,
convnext_birdset,BOAFAB,logistic+R37=glmm,fenetre,INCT20955,1078,0.9774983476402895
convnext_birdset,BOAFAB,logistic+R37=glmm,fenetre,INCT4,780,0.9717414286439197
convnext_birdset,BOAFAB,logistic+R37=glmm,fenetre,INCT41,0,
convnext_birdset,BOAFAB,lda_shrunk,fenetre,INCT17,0,
convnext_birdset,BOAFAB,lda_shrunk,fenetre,INCT20955,1078,0.9620925648570596
convnext_birdset,BOAFAB,lda_shrunk,fenetre,INCT4,780,0.9487482203903389
convnext_birdset,BOAFAB,lda_shrunk,fenetre,INCT41,0,
convnext_birdset,BOAFAB,simple_prototype,fenetre,INCT17,0,
convnext_birdset,BOAFAB,simple_prototype,fenetre,INCT20955,1078,0.9500170590157638
convnext_birdset,BOAFAB,simple_prototype,fenetre,INCT4,780,0.92402082579019
convnext_birdset,BOAFAB,simple_prototype,fenetre,INCT41,0,
convnext_birdset,BOAFAB,logistic,minute,INCT17,0,
convnext_birdset,BOAFAB,logistic,minute,INCT20955,106,0.9833335605217292
convnext_birdset,BOAFAB,logistic,minute,INCT4,87,0.9787384245788334
convnext_birdset,BOAFAB,logistic,minute,INCT41,0,
convnext_birdset,BOAFAB,logistic+R37=glmm,minute,INCT17,0,
convnext_birdset,BOAFAB,logistic+R37=glmm,minute,INCT20955,106,0.9832454410939869
convnext_birdset,BOAFAB,logistic+R37=glmm,minute,INCT4,87,0.9787384245788334
convnext_birdset,BOAFAB,logistic+R37=glmm,minute,INCT41,0,
convnext_birdset,BOAFAB,lda_shrunk,minute,INCT17,0,
convnext_birdset,BOAFAB,lda_shrunk,minute,INCT20955,106,0.9702412278342303
convnext_birdset,BOAFAB,lda_shrunk,minute,INCT4,87,0.9663704459693969
convnext_birdset,BOAFAB,lda_shrunk,minute,INCT41,0,
convnext_birdset,BOAFAB,simple_prototype,minute,INCT17,0,
convnext_birdset,BOAFAB,simple_prototype,minute,INCT20955,106,0.9485329738678691
convnext_birdset,BOAFAB,simple_prototype,minute,INCT4,87,0.9322259601862342
convnext_birdset,BOAFAB,simple_prototype,minute,INCT41,0,
esp_aves2_eat_all,BOAFAB,logistic,fenetre,INCT17,0,
esp_aves2_eat_all,BOAFAB,logistic,fenetre,INCT20955,1078,0.941957102610268
esp_aves2_eat_all,BOAFAB,logistic,fenetre,INCT4,780,0.8965866778071803
esp_aves2_eat_all,BOAFAB,logistic,fenetre,INCT41,0,
esp_aves2_eat_all,BOAFAB,logistic+R37=glmm,fenetre,INCT17,0,
esp_aves2_eat_all,BOAFAB,logistic+R37=glmm,fenetre,INCT20955,1078,0.942725095508791
esp_aves2_eat_all,BOAFAB,logistic+R37=glmm,fenetre,INCT4,780,0.897620878595695
esp_aves2_eat_all,BOAFAB,logistic+R37=glmm,fenetre,INCT41,0,
esp_aves2_eat_all,BOAFAB,lda_shrunk,fenetre,INCT17,0,
esp_aves2_eat_all,BOAFAB,lda_shrunk,fenetre,INCT20955,1078,0.9600158227260477
esp_aves2_eat_all,BOAFAB,lda_shrunk,fenetre,INCT4,780,0.9193223227841963
esp_aves2_eat_all,BOAFAB,lda_shrunk,fenetre,INCT41,0,
esp_aves2_eat_all,BOAFAB,simple_prototype,fenetre,INCT17,0,
esp_aves2_eat_all,BOAFAB,simple_prototype,fenetre,INCT20955,1078,0.6831042782253334
esp_aves2_eat_all,BOAFAB,simple_prototype,fenetre,INCT4,780,0.7473127068076393
esp_aves2_eat_all,BOAFAB,simple_prototype,fenetre,INCT41,0,
esp_aves2_eat_all,BOAFAB,attentive,fenetre,INCT17,0,
esp_aves2_eat_all,BOAFAB,attentive,fenetre,INCT20955,1078,0.9555853980129422
esp_aves2_eat_all,BOAFAB,attentive,fenetre,INCT4,780,0.8841661441976797
esp_aves2_eat_all,BOAFAB,attentive,fenetre,INCT41,0,
esp_aves2_eat_all,BOAFAB,logistic:max,fenetre,INCT17,0,
esp_aves2_eat_all,BOAFAB,logistic:max,fenetre,INCT20955,1078,0.9360727341052711
esp_aves2_eat_all,BOAFAB,logistic:max,fenetre,INCT4,780,0.8794165493169042
esp_aves2_eat_all,BOAFAB,logistic:max,fenetre,INCT41,0,
esp_aves2_eat_all,BOAFAB,proto_probe,fenetre,INCT17,0,
esp_aves2_eat_all,BOAFAB,proto_probe,fenetre,INCT20955,1078,0.9775993575496601
esp_aves2_eat_all,BOAFAB,proto_probe,fenetre,INCT4,780,0.9564400702846276
esp_aves2_eat_all,BOAFAB,proto_probe,fenetre,INCT41,0,
esp_aves2_eat_all,BOAFAB,logistic,minute,INCT17,0,
esp_aves2_eat_all,BOAFAB,logistic,minute,INCT20955,106,0.9425599139253348
esp_aves2_eat_all,BOAFAB,logistic,minute,INCT4,87,0.8979041295394301
esp_aves2_eat_all,BOAFAB,logistic,minute,INCT41,0,
esp_aves2_eat_all,BOAFAB,logistic+R37=glmm,minute,INCT17,0,
esp_aves2_eat_all,BOAFAB,logistic+R37=glmm,minute,INCT20955,106,0.9438796403117946
esp_aves2_eat_all,BOAFAB,logistic+R37=glmm,minute,INCT4,87,0.9000010502777639
esp_aves2_eat_all,BOAFAB,logistic+R37=glmm,minute,INCT41,0,
esp_aves2_eat_all,BOAFAB,lda_shrunk,minute,INCT17,0,
esp_aves2_eat_all,BOAFAB,lda_shrunk,minute,INCT20955,106,0.951162936289653
esp_aves2_eat_all,BOAFAB,lda_shrunk,minute,INCT4,87,0.9303357083753194
esp_aves2_eat_all,BOAFAB,lda_shrunk,minute,INCT41,0,
esp_aves2_eat_all,BOAFAB,simple_prototype,minute,INCT17,0,
esp_aves2_eat_all,BOAFAB,simple_prototype,minute,INCT20955,106,0.6613893449462758
esp_aves2_eat_all,BOAFAB,simple_prototype,minute,INCT4,87,0.744816752980237
esp_aves2_eat_all,BOAFAB,simple_prototype,minute,INCT41,0,
esp_aves2_eat_all,BOAFAB,attentive,minute,INCT17,0,
esp_aves2_eat_all,BOAFAB,attentive,minute,INCT20955,106,0.9600367863184494
esp_aves2_eat_all,BOAFAB,attentive,minute,INCT4,87,0.9035619185020356
esp_aves2_eat_all,BOAFAB,attentive,minute,INCT41,0,
esp_aves2_eat_all,BOAFAB,logistic:max,minute,INCT17,0,
esp_aves2_eat_all,BOAFAB,logistic:max,minute,INCT20955,106,0.9484443340349947
esp_aves2_eat_all,BOAFAB,logistic:max,minute,INCT4,87,0.8712918942748632
esp_aves2_eat_all,BOAFAB,logistic:max,minute,INCT41,0,
esp_aves2_eat_all,BOAFAB,proto_probe,minute,INCT17,0,
esp_aves2_eat_all,BOAFAB,proto_probe,minute,INCT20955,106,0.9726433619636574
esp_aves2_eat_all,BOAFAB,proto_probe,minute,INCT4,87,0.9750397476809628
esp_aves2_eat_all,BOAFAB,proto_probe,minute,INCT41,0,
esp_aves2_eat_bio,BOAFAB,logistic,fenetre,INCT17,0,
esp_aves2_eat_bio,BOAFAB,logistic,fenetre,INCT20955,1078,0.9015168550204815
esp_aves2_eat_bio,BOAFAB,logistic,fenetre,INCT4,780,0.9005051265770054
esp_aves2_eat_bio,BOAFAB,logistic,fenetre,INCT41,0,
esp_aves2_eat_bio,BOAFAB,logistic+R37=glmm,fenetre,INCT17,0,
esp_aves2_eat_bio,BOAFAB,logistic+R37=glmm,fenetre,INCT20955,1078,0.9004154839738604
esp_aves2_eat_bio,BOAFAB,logistic+R37=glmm,fenetre,INCT4,780,0.9006256178448165
esp_aves2_eat_bio,BOAFAB,logistic+R37=glmm,fenetre,INCT41,0,
esp_aves2_eat_bio,BOAFAB,lda_shrunk,fenetre,INCT17,0,
esp_aves2_eat_bio,BOAFAB,lda_shrunk,fenetre,INCT20955,1078,0.9631658526302649
esp_aves2_eat_bio,BOAFAB,lda_shrunk,fenetre,INCT4,780,0.5275886052994081
esp_aves2_eat_bio,BOAFAB,lda_shrunk,fenetre,INCT41,0,
esp_aves2_eat_bio,BOAFAB,simple_prototype,fenetre,INCT17,0,
esp_aves2_eat_bio,BOAFAB,simple_prototype,fenetre,INCT20955,1078,0.8421450093607985
esp_aves2_eat_bio,BOAFAB,simple_prototype,fenetre,INCT4,780,0.8304172947936913
esp_aves2_eat_bio,BOAFAB,simple_prototype,fenetre,INCT41,0,
esp_aves2_eat_bio,BOAFAB,attentive,fenetre,INCT17,0,
esp_aves2_eat_bio,BOAFAB,attentive,fenetre,INCT20955,1078,0.969236454431291
esp_aves2_eat_bio,BOAFAB,attentive,fenetre,INCT4,780,0.8214545820083059
esp_aves2_eat_bio,BOAFAB,attentive,fenetre,INCT41,0,
esp_aves2_eat_bio,BOAFAB,logistic:max,fenetre,INCT17,0,
esp_aves2_eat_bio,BOAFAB,logistic:max,fenetre,INCT20955,1078,0.9534415009209941
esp_aves2_eat_bio,BOAFAB,logistic:max,fenetre,INCT4,780,0.8918483129692215
esp_aves2_eat_bio,BOAFAB,logistic:max,fenetre,INCT41,0,
esp_aves2_eat_bio,BOAFAB,proto_probe,fenetre,INCT17,0,
esp_aves2_eat_bio,BOAFAB,proto_probe,fenetre,INCT20955,1078,0.9789935963639024
esp_aves2_eat_bio,BOAFAB,proto_probe,fenetre,INCT4,780,0.956080446846113
esp_aves2_eat_bio,BOAFAB,proto_probe,fenetre,INCT41,0,
esp_aves2_eat_bio,BOAFAB,logistic,minute,INCT17,0,
esp_aves2_eat_bio,BOAFAB,logistic,minute,INCT20955,106,0.8944139094223034
esp_aves2_eat_bio,BOAFAB,logistic,minute,INCT4,87,0.9035706246509875
esp_aves2_eat_bio,BOAFAB,logistic,minute,INCT41,0,
esp_aves2_eat_bio,BOAFAB,logistic+R37=glmm,minute,INCT17,0,
esp_aves2_eat_bio,BOAFAB,logistic+R37=glmm,minute,INCT20955,106,0.8919512727916451
esp_aves2_eat_bio,BOAFAB,logistic+R37=glmm,minute,INCT4,87,0.8999374874123283
esp_aves2_eat_bio,BOAFAB,logistic+R37=glmm,minute,INCT41,0,
esp_aves2_eat_bio,BOAFAB,lda_shrunk,minute,INCT17,0,
esp_aves2_eat_bio,BOAFAB,lda_shrunk,minute,INCT20955,106,0.9582679412649527
esp_aves2_eat_bio,BOAFAB,lda_shrunk,minute,INCT4,87,0.48370069752305994
esp_aves2_eat_bio,BOAFAB,lda_shrunk,minute,INCT41,0,
esp_aves2_eat_bio,BOAFAB,simple_prototype,minute,INCT17,0,
esp_aves2_eat_bio,BOAFAB,simple_prototype,minute,INCT20955,106,0.8461014414473641
esp_aves2_eat_bio,BOAFAB,simple_prototype,minute,INCT4,87,0.8465318423928324
esp_aves2_eat_bio,BOAFAB,simple_prototype,minute,INCT41,0,
esp_aves2_eat_bio,BOAFAB,attentive,minute,INCT17,0,
esp_aves2_eat_bio,BOAFAB,attentive,minute,INCT20955,106,0.9671458579527081
esp_aves2_eat_bio,BOAFAB,attentive,minute,INCT4,87,0.8570685456757473
esp_aves2_eat_bio,BOAFAB,attentive,minute,INCT41,0,
esp_aves2_eat_bio,BOAFAB,logistic:max,minute,INCT17,0,
esp_aves2_eat_bio,BOAFAB,logistic:max,minute,INCT20955,106,0.9553870004327237
esp_aves2_eat_bio,BOAFAB,logistic:max,minute,INCT4,87,0.8876217251373169
esp_aves2_eat_bio,BOAFAB,logistic:max,minute,INCT41,0,
esp_aves2_eat_bio,BOAFAB,proto_probe,minute,INCT17,0,
esp_aves2_eat_bio,BOAFAB,proto_probe,minute,INCT20955,106,0.9775777430884094
esp_aves2_eat_bio,BOAFAB,proto_probe,minute,INCT4,87,0.9761780650520308
esp_aves2_eat_bio,BOAFAB,proto_probe,minute,INCT41,0,
esp_aves2_effnetb0_all,BOAFAB,logistic,fenetre,INCT17,0,
esp_aves2_effnetb0_all,BOAFAB,logistic,fenetre,INCT20955,1078,0.9471365344218403
esp_aves2_effnetb0_all,BOAFAB,logistic,fenetre,INCT4,780,0.9593804541733121
esp_aves2_effnetb0_all,BOAFAB,logistic,fenetre,INCT41,0,
esp_aves2_effnetb0_all,BOAFAB,logistic+R37=glmm,fenetre,INCT17,0,
esp_aves2_effnetb0_all,BOAFAB,logistic+R37=glmm,fenetre,INCT20955,1078,0.9450475593772938
esp_aves2_effnetb0_all,BOAFAB,logistic+R37=glmm,fenetre,INCT4,780,0.9585265703894209
esp_aves2_effnetb0_all,BOAFAB,logistic+R37=glmm,fenetre,INCT41,0,
esp_aves2_effnetb0_all,BOAFAB,lda_shrunk,fenetre,INCT17,0,
esp_aves2_effnetb0_all,BOAFAB,lda_shrunk,fenetre,INCT20955,1078,0.906163827419205
esp_aves2_effnetb0_all,BOAFAB,lda_shrunk,fenetre,INCT4,780,0.934832839253253
esp_aves2_effnetb0_all,BOAFAB,lda_shrunk,fenetre,INCT41,0,
esp_aves2_effnetb0_all,BOAFAB,simple_prototype,fenetre,INCT17,0,
esp_aves2_effnetb0_all,BOAFAB,simple_prototype,fenetre,INCT20955,1078,0.7974681290840945
esp_aves2_effnetb0_all,BOAFAB,simple_prototype,fenetre,INCT4,780,0.8678334883186939
esp_aves2_effnetb0_all,BOAFAB,simple_prototype,fenetre,INCT41,0,
esp_aves2_effnetb0_all,BOAFAB,logistic,minute,INCT17,0,
esp_aves2_effnetb0_all,BOAFAB,logistic,minute,INCT20955,106,0.9690763727465544
esp_aves2_effnetb0_all,BOAFAB,logistic,minute,INCT4,87,0.9740158021001203
esp_aves2_effnetb0_all,BOAFAB,logistic,minute,INCT41,0,
esp_aves2_effnetb0_all,BOAFAB,logistic+R37=glmm,minute,INCT17,0,
esp_aves2_effnetb0_all,BOAFAB,logistic+R37=glmm,minute,INCT20955,106,0.9675360140343264
esp_aves2_effnetb0_all,BOAFAB,logistic+R37=glmm,minute,INCT4,87,0.9724649835744696
esp_aves2_effnetb0_all,BOAFAB,logistic+R37=glmm,minute,INCT41,0,
esp_aves2_effnetb0_all,BOAFAB,lda_shrunk,minute,INCT17,0,
esp_aves2_effnetb0_all,BOAFAB,lda_shrunk,minute,INCT20955,106,0.9579072154084288
esp_aves2_effnetb0_all,BOAFAB,lda_shrunk,minute,INCT4,87,0.9538824021717646
esp_aves2_effnetb0_all,BOAFAB,lda_shrunk,minute,INCT41,0,
esp_aves2_effnetb0_all,BOAFAB,simple_prototype,minute,INCT17,0,
esp_aves2_effnetb0_all,BOAFAB,simple_prototype,minute,INCT20955,106,0.8660181944784494
esp_aves2_effnetb0_all,BOAFAB,simple_prototype,minute,INCT4,87,0.8808667328208772
esp_aves2_effnetb0_all,BOAFAB,simple_prototype,minute,INCT41,0,
esp_aves2_effnetb0_audioset,BOAFAB,logistic,fenetre,INCT17,0,
esp_aves2_effnetb0_audioset,BOAFAB,logistic,fenetre,INCT20955,1078,0.8987198067742946
esp_aves2_effnetb0_audioset,BOAFAB,logistic,fenetre,INCT4,780,0.90506556872398
esp_aves2_effnetb0_audioset,BOAFAB,logistic,fenetre,INCT41,0,
esp_aves2_effnetb0_audioset,BOAFAB,logistic+R37=glmm,fenetre,INCT17,0,
esp_aves2_effnetb0_audioset,BOAFAB,logistic+R37=glmm,fenetre,INCT20955,1078,0.9028955467218318
esp_aves2_effnetb0_audioset,BOAFAB,logistic+R37=glmm,fenetre,INCT4,780,0.9023686266201671
esp_aves2_effnetb0_audioset,BOAFAB,logistic+R37=glmm,fenetre,INCT41,0,
esp_aves2_effnetb0_audioset,BOAFAB,lda_shrunk,fenetre,INCT17,0,
esp_aves2_effnetb0_audioset,BOAFAB,lda_shrunk,fenetre,INCT20955,1078,0.8644548065248299
esp_aves2_effnetb0_audioset,BOAFAB,lda_shrunk,fenetre,INCT4,780,0.9172989322223635
esp_aves2_effnetb0_audioset,BOAFAB,lda_shrunk,fenetre,INCT41,0,
esp_aves2_effnetb0_audioset,BOAFAB,simple_prototype,fenetre,INCT17,0,
esp_aves2_effnetb0_audioset,BOAFAB,simple_prototype,fenetre,INCT20955,1078,0.22047783264491055
esp_aves2_effnetb0_audioset,BOAFAB,simple_prototype,fenetre,INCT4,780,0.35411799624192664
esp_aves2_effnetb0_audioset,BOAFAB,simple_prototype,fenetre,INCT41,0,
esp_aves2_effnetb0_audioset,BOAFAB,logistic,minute,INCT17,0,
esp_aves2_effnetb0_audioset,BOAFAB,logistic,minute,INCT20955,106,0.9423098658753238
esp_aves2_effnetb0_audioset,BOAFAB,logistic,minute,INCT4,87,0.9049415497301523
esp_aves2_effnetb0_audioset,BOAFAB,logistic,minute,INCT41,0,
esp_aves2_effnetb0_audioset,BOAFAB,logistic+R37=glmm,minute,INCT17,0,
esp_aves2_effnetb0_audioset,BOAFAB,logistic+R37=glmm,minute,INCT20955,106,0.9464481138847881
esp_aves2_effnetb0_audioset,BOAFAB,logistic+R37=glmm,minute,INCT4,87,0.9019337077936924
esp_aves2_effnetb0_audioset,BOAFAB,logistic+R37=glmm,minute,INCT41,0,
esp_aves2_effnetb0_audioset,BOAFAB,lda_shrunk,minute,INCT17,0,
esp_aves2_effnetb0_audioset,BOAFAB,lda_shrunk,minute,INCT20955,106,0.9253155946721725
esp_aves2_effnetb0_audioset,BOAFAB,lda_shrunk,minute,INCT4,87,0.9244352751632908
esp_aves2_effnetb0_audioset,BOAFAB,lda_shrunk,minute,INCT41,0,
esp_aves2_effnetb0_audioset,BOAFAB,simple_prototype,minute,INCT17,0,
esp_aves2_effnetb0_audioset,BOAFAB,simple_prototype,minute,INCT20955,106,0.33016046042463076
esp_aves2_effnetb0_audioset,BOAFAB,simple_prototype,minute,INCT4,87,0.4742973193888114
esp_aves2_effnetb0_audioset,BOAFAB,simple_prototype,minute,INCT41,0,
esp_aves2_effnetb0_bio,BOAFAB,logistic,fenetre,INCT17,0,
esp_aves2_effnetb0_bio,BOAFAB,logistic,fenetre,INCT20955,1078,0.9558110926878827
esp_aves2_effnetb0_bio,BOAFAB,logistic,fenetre,INCT4,780,0.9427952417875046
esp_aves2_effnetb0_bio,BOAFAB,logistic,fenetre,INCT41,0,
esp_aves2_effnetb0_bio,BOAFAB,logistic+R37=glmm,fenetre,INCT17,0,
esp_aves2_effnetb0_bio,BOAFAB,logistic+R37=glmm,fenetre,INCT20955,1078,0.9555210559587202
esp_aves2_effnetb0_bio,BOAFAB,logistic+R37=glmm,fenetre,INCT4,780,0.9412692657157569
esp_aves2_effnetb0_bio,BOAFAB,logistic+R37=glmm,fenetre,INCT41,0,
esp_aves2_effnetb0_bio,BOAFAB,lda_shrunk,fenetre,INCT17,0,
esp_aves2_effnetb0_bio,BOAFAB,lda_shrunk,fenetre,INCT20955,1078,0.7802219035769136
esp_aves2_effnetb0_bio,BOAFAB,lda_shrunk,fenetre,INCT4,780,0.9174796547278137
esp_aves2_effnetb0_bio,BOAFAB,lda_shrunk,fenetre,INCT41,0,
esp_aves2_effnetb0_bio,BOAFAB,simple_prototype,fenetre,INCT17,0,
esp_aves2_effnetb0_bio,BOAFAB,simple_prototype,fenetre,INCT20955,1078,0.9618425105723776
esp_aves2_effnetb0_bio,BOAFAB,simple_prototype,fenetre,INCT4,780,0.9260628666122457
esp_aves2_effnetb0_bio,BOAFAB,simple_prototype,fenetre,INCT41,0,
esp_aves2_effnetb0_bio,BOAFAB,logistic,minute,INCT17,0,
esp_aves2_effnetb0_bio,BOAFAB,logistic,minute,INCT20955,106,0.9682490344440828
esp_aves2_effnetb0_bio,BOAFAB,logistic,minute,INCT4,87,0.960243110273239
esp_aves2_effnetb0_bio,BOAFAB,logistic,minute,INCT41,0,
esp_aves2_effnetb0_bio,BOAFAB,logistic+R37=glmm,minute,INCT17,0,
esp_aves2_effnetb0_bio,BOAFAB,logistic+R37=glmm,minute,INCT20955,106,0.9682273162747699
esp_aves2_effnetb0_bio,BOAFAB,logistic+R37=glmm,minute,INCT4,87,0.9599325277554794
esp_aves2_effnetb0_bio,BOAFAB,logistic+R37=glmm,minute,INCT41,0,
esp_aves2_effnetb0_bio,BOAFAB,lda_shrunk,minute,INCT17,0,
esp_aves2_effnetb0_bio,BOAFAB,lda_shrunk,minute,INCT20955,106,0.8214420942808219
esp_aves2_effnetb0_bio,BOAFAB,lda_shrunk,minute,INCT4,87,0.9384834948621498
esp_aves2_effnetb0_bio,BOAFAB,lda_shrunk,minute,INCT41,0,
esp_aves2_effnetb0_bio,BOAFAB,simple_prototype,minute,INCT17,0,
esp_aves2_effnetb0_bio,BOAFAB,simple_prototype,minute,INCT20955,106,0.9647053939608574
esp_aves2_effnetb0_bio,BOAFAB,simple_prototype,minute,INCT4,87,0.9324689450635425
esp_aves2_effnetb0_bio,BOAFAB,simple_prototype,minute,INCT41,0,
esp_aves2_sl_beats_all,BOAFAB,logistic,fenetre,INCT17,0,
esp_aves2_sl_beats_all,BOAFAB,logistic,fenetre,INCT20955,1078,0.9538937618841091
esp_aves2_sl_beats_all,BOAFAB,logistic,fenetre,INCT4,780,0.9768820230169774
esp_aves2_sl_beats_all,BOAFAB,logistic,fenetre,INCT41,0,
esp_aves2_sl_beats_all,BOAFAB,logistic+R37=glmm,fenetre,INCT17,0,
esp_aves2_sl_beats_all,BOAFAB,logistic+R37=glmm,fenetre,INCT20955,1078,0.9537567146462479
esp_aves2_sl_beats_all,BOAFAB,logistic+R37=glmm,fenetre,INCT4,780,0.9755117707067483
esp_aves2_sl_beats_all,BOAFAB,logistic+R37=glmm,fenetre,INCT41,0,
esp_aves2_sl_beats_all,BOAFAB,lda_shrunk,fenetre,INCT17,0,
esp_aves2_sl_beats_all,BOAFAB,lda_shrunk,fenetre,INCT20955,1078,0.95744562764834
esp_aves2_sl_beats_all,BOAFAB,lda_shrunk,fenetre,INCT4,780,0.9495491072942032
esp_aves2_sl_beats_all,BOAFAB,lda_shrunk,fenetre,INCT41,0,
esp_aves2_sl_beats_all,BOAFAB,simple_prototype,fenetre,INCT17,0,
esp_aves2_sl_beats_all,BOAFAB,simple_prototype,fenetre,INCT20955,1078,0.8829564060969739
esp_aves2_sl_beats_all,BOAFAB,simple_prototype,fenetre,INCT4,780,0.8901574492493484
esp_aves2_sl_beats_all,BOAFAB,simple_prototype,fenetre,INCT41,0,
esp_aves2_sl_beats_all,BOAFAB,attentive,fenetre,INCT17,0,
esp_aves2_sl_beats_all,BOAFAB,attentive,fenetre,INCT20955,1078,0.962034939480181
esp_aves2_sl_beats_all,BOAFAB,attentive,fenetre,INCT4,780,0.9243449799848801
esp_aves2_sl_beats_all,BOAFAB,attentive,fenetre,INCT41,0,
esp_aves2_sl_beats_all,BOAFAB,logistic:max,fenetre,INCT17,0,
esp_aves2_sl_beats_all,BOAFAB,logistic:max,fenetre,INCT20955,1078,0.9591600956108384
esp_aves2_sl_beats_all,BOAFAB,logistic:max,fenetre,INCT4,780,0.9790609380428512
esp_aves2_sl_beats_all,BOAFAB,logistic:max,fenetre,INCT41,0,
esp_aves2_sl_beats_all,BOAFAB,proto_probe,fenetre,INCT17,0,
esp_aves2_sl_beats_all,BOAFAB,proto_probe,fenetre,INCT20955,1078,0.9775529412534375
esp_aves2_sl_beats_all,BOAFAB,proto_probe,fenetre,INCT4,780,0.9850717578053458
esp_aves2_sl_beats_all,BOAFAB,proto_probe,fenetre,INCT41,0,
esp_aves2_sl_beats_all,BOAFAB,logistic,minute,INCT17,0,
esp_aves2_sl_beats_all,BOAFAB,logistic,minute,INCT20955,106,0.9900299409060093
esp_aves2_sl_beats_all,BOAFAB,logistic,minute,INCT4,87,0.9828932156845761
esp_aves2_sl_beats_all,BOAFAB,logistic,minute,INCT41,0,
esp_aves2_sl_beats_all,BOAFAB,logistic+R37=glmm,minute,INCT17,0,
esp_aves2_sl_beats_all,BOAFAB,logistic+R37=glmm,minute,INCT20955,106,0.9895303905404964
esp_aves2_sl_beats_all,BOAFAB,logistic+R37=glmm,minute,INCT4,87,0.9798918182343911
esp_aves2_sl_beats_all,BOAFAB,logistic+R37=glmm,minute,INCT41,0,
esp_aves2_sl_beats_all,BOAFAB,lda_shrunk,minute,INCT17,0,
esp_aves2_sl_beats_all,BOAFAB,lda_shrunk,minute,INCT20955,106,0.9826228903276485
esp_aves2_sl_beats_all,BOAFAB,lda_shrunk,minute,INCT4,87,0.9627837982397505
esp_aves2_sl_beats_all,BOAFAB,lda_shrunk,minute,INCT41,0,
esp_aves2_sl_beats_all,BOAFAB,simple_prototype,minute,INCT17,0,
esp_aves2_sl_beats_all,BOAFAB,simple_prototype,minute,INCT20955,106,0.9275944102429924
esp_aves2_sl_beats_all,BOAFAB,simple_prototype,minute,INCT4,87,0.8759520742058691
esp_aves2_sl_beats_all,BOAFAB,simple_prototype,minute,INCT41,0,
esp_aves2_sl_beats_all,BOAFAB,attentive,minute,INCT17,0,
esp_aves2_sl_beats_all,BOAFAB,attentive,minute,INCT20955,106,0.9806817123743056
esp_aves2_sl_beats_all,BOAFAB,attentive,minute,INCT4,87,0.9391389976485831
esp_aves2_sl_beats_all,BOAFAB,attentive,minute,INCT41,0,
esp_aves2_sl_beats_all,BOAFAB,logistic:max,minute,INCT17,0,
esp_aves2_sl_beats_all,BOAFAB,logistic:max,minute,INCT20955,106,0.9933363954440239
esp_aves2_sl_beats_all,BOAFAB,logistic:max,minute,INCT4,87,0.9855476487799898
esp_aves2_sl_beats_all,BOAFAB,logistic:max,minute,INCT41,0,
esp_aves2_sl_beats_all,BOAFAB,proto_probe,minute,INCT17,0,
esp_aves2_sl_beats_all,BOAFAB,proto_probe,minute,INCT20955,106,0.9944464697909904
esp_aves2_sl_beats_all,BOAFAB,proto_probe,minute,INCT4,87,0.9926314076697499
esp_aves2_sl_beats_all,BOAFAB,proto_probe,minute,INCT41,0,
esp_aves2_sl_beats_bio,BOAFAB,logistic,fenetre,INCT17,0,
esp_aves2_sl_beats_bio,BOAFAB,logistic,fenetre,INCT20955,1078,0.9684368840886182
esp_aves2_sl_beats_bio,BOAFAB,logistic,fenetre,INCT4,780,0.9806248400351654
esp_aves2_sl_beats_bio,BOAFAB,logistic,fenetre,INCT41,0,
esp_aves2_sl_beats_bio,BOAFAB,logistic+R37=glmm,fenetre,INCT17,0,
esp_aves2_sl_beats_bio,BOAFAB,logistic+R37=glmm,fenetre,INCT20955,1078,0.9682464412488355
esp_aves2_sl_beats_bio,BOAFAB,logistic+R37=glmm,fenetre,INCT4,780,0.9800818112578307
esp_aves2_sl_beats_bio,BOAFAB,logistic+R37=glmm,fenetre,INCT41,0,
esp_aves2_sl_beats_bio,BOAFAB,lda_shrunk,fenetre,INCT17,0,
esp_aves2_sl_beats_bio,BOAFAB,lda_shrunk,fenetre,INCT20955,1078,0.9654032524172851
esp_aves2_sl_beats_bio,BOAFAB,lda_shrunk,fenetre,INCT4,780,0.9616359043543574
esp_aves2_sl_beats_bio,BOAFAB,lda_shrunk,fenetre,INCT41,0,
esp_aves2_sl_beats_bio,BOAFAB,simple_prototype,fenetre,INCT17,0,
esp_aves2_sl_beats_bio,BOAFAB,simple_prototype,fenetre,INCT20955,1078,0.9448987637165365
esp_aves2_sl_beats_bio,BOAFAB,simple_prototype,fenetre,INCT4,780,0.9567381222229383
esp_aves2_sl_beats_bio,BOAFAB,simple_prototype,fenetre,INCT41,0,
esp_aves2_sl_beats_bio,BOAFAB,attentive,fenetre,INCT17,0,
esp_aves2_sl_beats_bio,BOAFAB,attentive,fenetre,INCT20955,1078,0.9693247612364241
esp_aves2_sl_beats_bio,BOAFAB,attentive,fenetre,INCT4,780,0.9399005262266668
esp_aves2_sl_beats_bio,BOAFAB,attentive,fenetre,INCT41,0,
esp_aves2_sl_beats_bio,BOAFAB,logistic:max,fenetre,INCT17,0,
esp_aves2_sl_beats_bio,BOAFAB,logistic:max,fenetre,INCT20955,1078,0.9722496641224064
esp_aves2_sl_beats_bio,BOAFAB,logistic:max,fenetre,INCT4,780,0.9831662367378234
esp_aves2_sl_beats_bio,BOAFAB,logistic:max,fenetre,INCT41,0,
esp_aves2_sl_beats_bio,BOAFAB,proto_probe,fenetre,INCT17,0,
esp_aves2_sl_beats_bio,BOAFAB,proto_probe,fenetre,INCT20955,1078,0.9813378452481594
esp_aves2_sl_beats_bio,BOAFAB,proto_probe,fenetre,INCT4,780,0.9861938200388085
esp_aves2_sl_beats_bio,BOAFAB,proto_probe,fenetre,INCT41,0,
esp_aves2_sl_beats_bio,BOAFAB,logistic,minute,INCT17,0,
esp_aves2_sl_beats_bio,BOAFAB,logistic,minute,INCT20955,106,0.98819548143317
esp_aves2_sl_beats_bio,BOAFAB,logistic,minute,INCT4,87,0.9906568254585105
esp_aves2_sl_beats_bio,BOAFAB,logistic,minute,INCT41,0,
esp_aves2_sl_beats_bio,BOAFAB,logistic+R37=glmm,minute,INCT17,0,
esp_aves2_sl_beats_bio,BOAFAB,logistic+R37=glmm,minute,INCT20955,106,0.9884771797782573
esp_aves2_sl_beats_bio,BOAFAB,logistic+R37=glmm,minute,INCT4,87,0.9899546576734936
esp_aves2_sl_beats_bio,BOAFAB,logistic+R37=glmm,minute,INCT41,0,
esp_aves2_sl_beats_bio,BOAFAB,lda_shrunk,minute,INCT17,0,
esp_aves2_sl_beats_bio,BOAFAB,lda_shrunk,minute,INCT20955,106,0.9769937653562452
esp_aves2_sl_beats_bio,BOAFAB,lda_shrunk,minute,INCT4,87,0.9795760056500166
esp_aves2_sl_beats_bio,BOAFAB,lda_shrunk,minute,INCT41,0,
esp_aves2_sl_beats_bio,BOAFAB,simple_prototype,minute,INCT17,0,
esp_aves2_sl_beats_bio,BOAFAB,simple_prototype,minute,INCT20955,106,0.9647375103140217
esp_aves2_sl_beats_bio,BOAFAB,simple_prototype,minute,INCT4,87,0.973105524350403
esp_aves2_sl_beats_bio,BOAFAB,simple_prototype,minute,INCT41,0,
esp_aves2_sl_beats_bio,BOAFAB,attentive,minute,INCT17,0,
esp_aves2_sl_beats_bio,BOAFAB,attentive,minute,INCT20955,106,0.9839084216337258
esp_aves2_sl_beats_bio,BOAFAB,attentive,minute,INCT4,87,0.9600792810067342
esp_aves2_sl_beats_bio,BOAFAB,attentive,minute,INCT41,0,
esp_aves2_sl_beats_bio,BOAFAB,logistic:max,minute,INCT17,0,
esp_aves2_sl_beats_bio,BOAFAB,logistic:max,minute,INCT20955,106,0.9898483109008648
esp_aves2_sl_beats_bio,BOAFAB,logistic:max,minute,INCT4,87,0.9918419542098394
esp_aves2_sl_beats_bio,BOAFAB,logistic:max,minute,INCT41,0,
esp_aves2_sl_beats_bio,BOAFAB,proto_probe,minute,INCT17,0,
esp_aves2_sl_beats_bio,BOAFAB,proto_probe,minute,INCT20955,106,0.9950556516650317
esp_aves2_sl_beats_bio,BOAFAB,proto_probe,minute,INCT4,87,0.9933231730856953
esp_aves2_sl_beats_bio,BOAFAB,proto_probe,minute,INCT41,0,
esp_aves2_sl_eat_all_ssl_all,BOAFAB,logistic,fenetre,INCT17,0,
esp_aves2_sl_eat_all_ssl_all,BOAFAB,logistic,fenetre,INCT20955,1078,0.9522206143473253
esp_aves2_sl_eat_all_ssl_all,BOAFAB,logistic,fenetre,INCT4,780,0.9326023179401681
esp_aves2_sl_eat_all_ssl_all,BOAFAB,logistic,fenetre,INCT41,0,
esp_aves2_sl_eat_all_ssl_all,BOAFAB,logistic+R37=glmm,fenetre,INCT17,0,
esp_aves2_sl_eat_all_ssl_all,BOAFAB,logistic+R37=glmm,fenetre,INCT20955,1078,0.953545411983225
esp_aves2_sl_eat_all_ssl_all,BOAFAB,logistic+R37=glmm,fenetre,INCT4,780,0.9283521002547362
esp_aves2_sl_eat_all_ssl_all,BOAFAB,logistic+R37=glmm,fenetre,INCT41,0,
esp_aves2_sl_eat_all_ssl_all,BOAFAB,lda_shrunk,fenetre,INCT17,0,
esp_aves2_sl_eat_all_ssl_all,BOAFAB,lda_shrunk,fenetre,INCT20955,1078,0.958002843537346
esp_aves2_sl_eat_all_ssl_all,BOAFAB,lda_shrunk,fenetre,INCT4,780,0.9215119361587789
esp_aves2_sl_eat_all_ssl_all,BOAFAB,lda_shrunk,fenetre,INCT41,0,
esp_aves2_sl_eat_all_ssl_all,BOAFAB,simple_prototype,fenetre,INCT17,0,
esp_aves2_sl_eat_all_ssl_all,BOAFAB,simple_prototype,fenetre,INCT20955,1078,0.6375082158350396
esp_aves2_sl_eat_all_ssl_all,BOAFAB,simple_prototype,fenetre,INCT4,780,0.5826790698661575
esp_aves2_sl_eat_all_ssl_all,BOAFAB,simple_prototype,fenetre,INCT41,0,
esp_aves2_sl_eat_all_ssl_all,BOAFAB,attentive,fenetre,INCT17,0,
esp_aves2_sl_eat_all_ssl_all,BOAFAB,attentive,fenetre,INCT20955,1078,0.9119199523785289
esp_aves2_sl_eat_all_ssl_all,BOAFAB,attentive,fenetre,INCT4,780,0.8493617597391343
esp_aves2_sl_eat_all_ssl_all,BOAFAB,attentive,fenetre,INCT41,0,
esp_aves2_sl_eat_all_ssl_all,BOAFAB,logistic:max,fenetre,INCT17,0,
esp_aves2_sl_eat_all_ssl_all,BOAFAB,logistic:max,fenetre,INCT20955,1078,0.952992746946199
esp_aves2_sl_eat_all_ssl_all,BOAFAB,logistic:max,fenetre,INCT4,780,0.8859954623590558
esp_aves2_sl_eat_all_ssl_all,BOAFAB,logistic:max,fenetre,INCT41,0,
esp_aves2_sl_eat_all_ssl_all,BOAFAB,proto_probe,fenetre,INCT17,0,
esp_aves2_sl_eat_all_ssl_all,BOAFAB,proto_probe,fenetre,INCT20955,1078,0.9577373684467971
esp_aves2_sl_eat_all_ssl_all,BOAFAB,proto_probe,fenetre,INCT4,780,0.9391412170960524
esp_aves2_sl_eat_all_ssl_all,BOAFAB,proto_probe,fenetre,INCT41,0,
esp_aves2_sl_eat_all_ssl_all,BOAFAB,logistic,minute,INCT17,0,
esp_aves2_sl_eat_all_ssl_all,BOAFAB,logistic,minute,INCT20955,106,0.9771508241566617
esp_aves2_sl_eat_all_ssl_all,BOAFAB,logistic,minute,INCT4,87,0.9483796782285645
esp_aves2_sl_eat_all_ssl_all,BOAFAB,logistic,minute,INCT41,0,
esp_aves2_sl_eat_all_ssl_all,BOAFAB,logistic+R37=glmm,minute,INCT17,0,
esp_aves2_sl_eat_all_ssl_all,BOAFAB,logistic+R37=glmm,minute,INCT20955,106,0.977638833990295
esp_aves2_sl_eat_all_ssl_all,BOAFAB,logistic+R37=glmm,minute,INCT4,87,0.944847830802036
esp_aves2_sl_eat_all_ssl_all,BOAFAB,logistic+R37=glmm,minute,INCT41,0,
esp_aves2_sl_eat_all_ssl_all,BOAFAB,lda_shrunk,minute,INCT17,0,
esp_aves2_sl_eat_all_ssl_all,BOAFAB,lda_shrunk,minute,INCT20955,106,0.9732929275283351
esp_aves2_sl_eat_all_ssl_all,BOAFAB,lda_shrunk,minute,INCT4,87,0.955501761225483
esp_aves2_sl_eat_all_ssl_all,BOAFAB,lda_shrunk,minute,INCT41,0,
esp_aves2_sl_eat_all_ssl_all,BOAFAB,simple_prototype,minute,INCT17,0,
esp_aves2_sl_eat_all_ssl_all,BOAFAB,simple_prototype,minute,INCT20955,106,0.7690577723593597
esp_aves2_sl_eat_all_ssl_all,BOAFAB,simple_prototype,minute,INCT4,87,0.6867000629870998
esp_aves2_sl_eat_all_ssl_all,BOAFAB,simple_prototype,minute,INCT41,0,
esp_aves2_sl_eat_all_ssl_all,BOAFAB,attentive,minute,INCT17,0,
esp_aves2_sl_eat_all_ssl_all,BOAFAB,attentive,minute,INCT20955,106,0.9435569209168553
esp_aves2_sl_eat_all_ssl_all,BOAFAB,attentive,minute,INCT4,87,0.8888895408134336
esp_aves2_sl_eat_all_ssl_all,BOAFAB,attentive,minute,INCT41,0,
esp_aves2_sl_eat_all_ssl_all,BOAFAB,logistic:max,minute,INCT17,0,
esp_aves2_sl_eat_all_ssl_all,BOAFAB,logistic:max,minute,INCT20955,106,0.9585384348283812
esp_aves2_sl_eat_all_ssl_all,BOAFAB,logistic:max,minute,INCT4,87,0.8845654825396236
esp_aves2_sl_eat_all_ssl_all,BOAFAB,logistic:max,minute,INCT41,0,
esp_aves2_sl_eat_all_ssl_all,BOAFAB,proto_probe,minute,INCT17,0,
esp_aves2_sl_eat_all_ssl_all,BOAFAB,proto_probe,minute,INCT20955,106,0.9671516477072895
esp_aves2_sl_eat_all_ssl_all,BOAFAB,proto_probe,minute,INCT4,87,0.955316651584221
esp_aves2_sl_eat_all_ssl_all,BOAFAB,proto_probe,minute,INCT41,0,
esp_aves2_sl_eat_bio_ssl_all,BOAFAB,logistic,fenetre,INCT17,0,
esp_aves2_sl_eat_bio_ssl_all,BOAFAB,logistic,fenetre,INCT20955,1078,0.9572960136169205
esp_aves2_sl_eat_bio_ssl_all,BOAFAB,logistic,fenetre,INCT4,780,0.9556278714887421
esp_aves2_sl_eat_bio_ssl_all,BOAFAB,logistic,fenetre,INCT41,0,
esp_aves2_sl_eat_bio_ssl_all,BOAFAB,logistic+R37=glmm,fenetre,INCT17,0,
esp_aves2_sl_eat_bio_ssl_all,BOAFAB,logistic+R37=glmm,fenetre,INCT20955,1078,0.9567799611998854
esp_aves2_sl_eat_bio_ssl_all,BOAFAB,logistic+R37=glmm,fenetre,INCT4,780,0.9555757973377055
esp_aves2_sl_eat_bio_ssl_all,BOAFAB,logistic+R37=glmm,fenetre,INCT41,0,
esp_aves2_sl_eat_bio_ssl_all,BOAFAB,lda_shrunk,fenetre,INCT17,0,
esp_aves2_sl_eat_bio_ssl_all,BOAFAB,lda_shrunk,fenetre,INCT20955,1078,0.9501685548843888
esp_aves2_sl_eat_bio_ssl_all,BOAFAB,lda_shrunk,fenetre,INCT4,780,0.9411302529647803
esp_aves2_sl_eat_bio_ssl_all,BOAFAB,lda_shrunk,fenetre,INCT41,0,
esp_aves2_sl_eat_bio_ssl_all,BOAFAB,simple_prototype,fenetre,INCT17,0,
esp_aves2_sl_eat_bio_ssl_all,BOAFAB,simple_prototype,fenetre,INCT20955,1078,0.9131810742426025
esp_aves2_sl_eat_bio_ssl_all,BOAFAB,simple_prototype,fenetre,INCT4,780,0.9287002747963058
esp_aves2_sl_eat_bio_ssl_all,BOAFAB,simple_prototype,fenetre,INCT41,0,
esp_aves2_sl_eat_bio_ssl_all,BOAFAB,attentive,fenetre,INCT17,0,
esp_aves2_sl_eat_bio_ssl_all,BOAFAB,attentive,fenetre,INCT20955,1078,0.934432626544773
esp_aves2_sl_eat_bio_ssl_all,BOAFAB,attentive,fenetre,INCT4,780,0.912361719563898
esp_aves2_sl_eat_bio_ssl_all,BOAFAB,attentive,fenetre,INCT41,0,
esp_aves2_sl_eat_bio_ssl_all,BOAFAB,logistic:max,fenetre,INCT17,0,
esp_aves2_sl_eat_bio_ssl_all,BOAFAB,logistic:max,fenetre,INCT20955,1078,0.9633818649259279
esp_aves2_sl_eat_bio_ssl_all,BOAFAB,logistic:max,fenetre,INCT4,780,0.9572875063524032
esp_aves2_sl_eat_bio_ssl_all,BOAFAB,logistic:max,fenetre,INCT41,0,
esp_aves2_sl_eat_bio_ssl_all,BOAFAB,proto_probe,fenetre,INCT17,0,
esp_aves2_sl_eat_bio_ssl_all,BOAFAB,proto_probe,fenetre,INCT20955,1078,0.9672481635626725
esp_aves2_sl_eat_bio_ssl_all,BOAFAB,proto_probe,fenetre,INCT4,780,0.9653301348269637
esp_aves2_sl_eat_bio_ssl_all,BOAFAB,proto_probe,fenetre,INCT41,0,
esp_aves2_sl_eat_bio_ssl_all,BOAFAB,logistic,minute,INCT17,0,
esp_aves2_sl_eat_bio_ssl_all,BOAFAB,logistic,minute,INCT20955,106,0.9781435405014427
esp_aves2_sl_eat_bio_ssl_all,BOAFAB,logistic,minute,INCT4,87,0.980971716093838
esp_aves2_sl_eat_bio_ssl_all,BOAFAB,logistic,minute,INCT41,0,
esp_aves2_sl_eat_bio_ssl_all,BOAFAB,logistic+R37=glmm,minute,INCT17,0,
esp_aves2_sl_eat_bio_ssl_all,BOAFAB,logistic+R37=glmm,minute,INCT20955,106,0.9786502500201624
esp_aves2_sl_eat_bio_ssl_all,BOAFAB,logistic+R37=glmm,minute,INCT4,87,0.9812119215414409
esp_aves2_sl_eat_bio_ssl_all,BOAFAB,logistic+R37=glmm,minute,INCT41,0,
esp_aves2_sl_eat_bio_ssl_all,BOAFAB,lda_shrunk,minute,INCT17,0,
esp_aves2_sl_eat_bio_ssl_all,BOAFAB,lda_shrunk,minute,INCT20955,106,0.9758175052713369
esp_aves2_sl_eat_bio_ssl_all,BOAFAB,lda_shrunk,minute,INCT4,87,0.9616154584701511
esp_aves2_sl_eat_bio_ssl_all,BOAFAB,lda_shrunk,minute,INCT41,0,
esp_aves2_sl_eat_bio_ssl_all,BOAFAB,simple_prototype,minute,INCT17,0,
esp_aves2_sl_eat_bio_ssl_all,BOAFAB,simple_prototype,minute,INCT20955,106,0.9481617696731767
esp_aves2_sl_eat_bio_ssl_all,BOAFAB,simple_prototype,minute,INCT4,87,0.9602509558383898
esp_aves2_sl_eat_bio_ssl_all,BOAFAB,simple_prototype,minute,INCT41,0,
esp_aves2_sl_eat_bio_ssl_all,BOAFAB,attentive,minute,INCT17,0,
esp_aves2_sl_eat_bio_ssl_all,BOAFAB,attentive,minute,INCT20955,106,0.9388527596545845
esp_aves2_sl_eat_bio_ssl_all,BOAFAB,attentive,minute,INCT4,87,0.9426743284522396
esp_aves2_sl_eat_bio_ssl_all,BOAFAB,attentive,minute,INCT41,0,
esp_aves2_sl_eat_bio_ssl_all,BOAFAB,logistic:max,minute,INCT17,0,
esp_aves2_sl_eat_bio_ssl_all,BOAFAB,logistic:max,minute,INCT20955,106,0.9663629999277742
esp_aves2_sl_eat_bio_ssl_all,BOAFAB,logistic:max,minute,INCT4,87,0.9719924165816106
esp_aves2_sl_eat_bio_ssl_all,BOAFAB,logistic:max,minute,INCT41,0,
esp_aves2_sl_eat_bio_ssl_all,BOAFAB,proto_probe,minute,INCT17,0,
esp_aves2_sl_eat_bio_ssl_all,BOAFAB,proto_probe,minute,INCT20955,106,0.9719296638033366
esp_aves2_sl_eat_bio_ssl_all,BOAFAB,proto_probe,minute,INCT4,87,0.9764849728554853
esp_aves2_sl_eat_bio_ssl_all,BOAFAB,proto_probe,minute,INCT41,0,
insect459,BOAFAB,logistic,fenetre,INCT17,0,
insect459,BOAFAB,logistic,fenetre,INCT20955,1039,0.8686680127919781
insect459,BOAFAB,logistic,fenetre,INCT4,750,0.7571532170471371
insect459,BOAFAB,logistic,fenetre,INCT41,0,
insect459,BOAFAB,logistic+R37=glmm,fenetre,INCT17,0,
insect459,BOAFAB,logistic+R37=glmm,fenetre,INCT20955,1039,0.8601433409821028
insect459,BOAFAB,logistic+R37=glmm,fenetre,INCT4,750,0.7575926210625187
insect459,BOAFAB,logistic+R37=glmm,fenetre,INCT41,0,
insect459,BOAFAB,lda_shrunk,fenetre,INCT17,0,
insect459,BOAFAB,lda_shrunk,fenetre,INCT20955,1039,0.6297542687285895
insect459,BOAFAB,lda_shrunk,fenetre,INCT4,750,0.5079515523813865
insect459,BOAFAB,lda_shrunk,fenetre,INCT41,0,
insect459,BOAFAB,simple_prototype,fenetre,INCT17,0,
insect459,BOAFAB,simple_prototype,fenetre,INCT20955,1039,0.46864126421675145
insect459,BOAFAB,simple_prototype,fenetre,INCT4,750,0.41642679760504464
insect459,BOAFAB,simple_prototype,fenetre,INCT41,0,
insect459,BOAFAB,logistic,minute,INCT17,0,
insect459,BOAFAB,logistic,minute,INCT20955,106,0.9020213100250208
insect459,BOAFAB,logistic,minute,INCT4,87,0.8248345904779862
insect459,BOAFAB,logistic,minute,INCT41,0,
insect459,BOAFAB,logistic+R37=glmm,minute,INCT17,0,
insect459,BOAFAB,logistic+R37=glmm,minute,INCT20955,106,0.8936893007588346
insect459,BOAFAB,logistic+R37=glmm,minute,INCT4,87,0.8257642709972123
insect459,BOAFAB,logistic+R37=glmm,minute,INCT41,0,
insect459,BOAFAB,lda_shrunk,minute,INCT17,0,
insect459,BOAFAB,lda_shrunk,minute,INCT20955,106,0.7058070781573992
insect459,BOAFAB,lda_shrunk,minute,INCT4,87,0.6345477151281168
insect459,BOAFAB,lda_shrunk,minute,INCT41,0,
insect459,BOAFAB,simple_prototype,minute,INCT17,0,
insect459,BOAFAB,simple_prototype,minute,INCT20955,106,0.4786442542340907
insect459,BOAFAB,simple_prototype,minute,INCT4,87,0.4648936584913279
insect459,BOAFAB,simple_prototype,minute,INCT41,0,
insect66,BOAFAB,logistic,fenetre,INCT17,0,
insect66,BOAFAB,logistic,fenetre,INCT20955,1039,0.9479334091687782
insect66,BOAFAB,logistic,fenetre,INCT4,750,0.8702700272641293
insect66,BOAFAB,logistic,fenetre,INCT41,0,
insect66,BOAFAB,logistic+R37=glmm,fenetre,INCT17,0,
insect66,BOAFAB,logistic+R37=glmm,fenetre,INCT20955,1039,0.9431955240931674
insect66,BOAFAB,logistic+R37=glmm,fenetre,INCT4,750,0.8704109811110015
insect66,BOAFAB,logistic+R37=glmm,fenetre,INCT41,0,
insect66,BOAFAB,lda_shrunk,fenetre,INCT17,0,
insect66,BOAFAB,lda_shrunk,fenetre,INCT20955,1039,0.9114166970909783
insect66,BOAFAB,lda_shrunk,fenetre,INCT4,750,0.687254260157338
insect66,BOAFAB,lda_shrunk,fenetre,INCT41,0,
insect66,BOAFAB,simple_prototype,fenetre,INCT17,0,
insect66,BOAFAB,simple_prototype,fenetre,INCT20955,1039,0.8220415630042347
insect66,BOAFAB,simple_prototype,fenetre,INCT4,750,0.6771935983108811
insect66,BOAFAB,simple_prototype,fenetre,INCT41,0,
insect66,BOAFAB,logistic,minute,INCT17,0,
insect66,BOAFAB,logistic,minute,INCT20955,106,0.9547386255225999
insect66,BOAFAB,logistic,minute,INCT4,87,0.8768168118523013
insect66,BOAFAB,logistic,minute,INCT41,0,
insect66,BOAFAB,logistic+R37=glmm,minute,INCT17,0,
insect66,BOAFAB,logistic+R37=glmm,minute,INCT20955,106,0.9538909535437866
insect66,BOAFAB,logistic+R37=glmm,minute,INCT4,87,0.8768874366124767
insect66,BOAFAB,logistic+R37=glmm,minute,INCT41,0,
insect66,BOAFAB,lda_shrunk,minute,INCT17,0,
insect66,BOAFAB,lda_shrunk,minute,INCT20955,106,0.927494789405653
insect66,BOAFAB,lda_shrunk,minute,INCT4,87,0.752479427259046
insect66,BOAFAB,lda_shrunk,minute,INCT41,0,
insect66,BOAFAB,simple_prototype,minute,INCT17,0,
insect66,BOAFAB,simple_prototype,minute,INCT20955,106,0.8328571012267604
insect66,BOAFAB,simple_prototype,minute,INCT4,87,0.7080953400987385
insect66,BOAFAB,simple_prototype,minute,INCT41,0,
naturebeats,BOAFAB,logistic,fenetre,INCT17,0,
naturebeats,BOAFAB,logistic,fenetre,INCT20955,1078,0.9582678256304074
naturebeats,BOAFAB,logistic,fenetre,INCT4,780,0.9472615550520104
naturebeats,BOAFAB,logistic,fenetre,INCT41,0,
naturebeats,BOAFAB,logistic+R37=glmm,fenetre,INCT17,0,
naturebeats,BOAFAB,logistic+R37=glmm,fenetre,INCT20955,1078,0.9564061962300276
naturebeats,BOAFAB,logistic+R37=glmm,fenetre,INCT4,780,0.9453466215903834
naturebeats,BOAFAB,logistic+R37=glmm,fenetre,INCT41,0,
naturebeats,BOAFAB,lda_shrunk,fenetre,INCT17,0,
naturebeats,BOAFAB,lda_shrunk,fenetre,INCT20955,1078,0.9544544027687957
naturebeats,BOAFAB,lda_shrunk,fenetre,INCT4,780,0.953867901971928
naturebeats,BOAFAB,lda_shrunk,fenetre,INCT41,0,
naturebeats,BOAFAB,simple_prototype,fenetre,INCT17,0,
naturebeats,BOAFAB,simple_prototype,fenetre,INCT20955,1078,0.8934265216778368
naturebeats,BOAFAB,simple_prototype,fenetre,INCT4,780,0.8378694016743947
naturebeats,BOAFAB,simple_prototype,fenetre,INCT41,0,
naturebeats,BOAFAB,attentive,fenetre,INCT17,0,
naturebeats,BOAFAB,attentive,fenetre,INCT20955,1078,0.9517361767444851
naturebeats,BOAFAB,attentive,fenetre,INCT4,780,0.9115353865635235
naturebeats,BOAFAB,attentive,fenetre,INCT41,0,
naturebeats,BOAFAB,logistic:max,fenetre,INCT17,0,
naturebeats,BOAFAB,logistic:max,fenetre,INCT20955,1078,0.9684440103223427
naturebeats,BOAFAB,logistic:max,fenetre,INCT4,780,0.9567736617060876
naturebeats,BOAFAB,logistic:max,fenetre,INCT41,0,
naturebeats,BOAFAB,proto_probe,fenetre,INCT17,0,
naturebeats,BOAFAB,proto_probe,fenetre,INCT20955,1078,0.9850454042214389
naturebeats,BOAFAB,proto_probe,fenetre,INCT4,780,0.9742608128542378
naturebeats,BOAFAB,proto_probe,fenetre,INCT41,0,
naturebeats,BOAFAB,logistic,minute,INCT17,0,
naturebeats,BOAFAB,logistic,minute,INCT20955,106,0.9669062963241492
naturebeats,BOAFAB,logistic,minute,INCT4,87,0.9576564102064837
naturebeats,BOAFAB,logistic,minute,INCT41,0,
naturebeats,BOAFAB,logistic+R37=glmm,minute,INCT17,0,
naturebeats,BOAFAB,logistic+R37=glmm,minute,INCT20955,106,0.9652216802264769
naturebeats,BOAFAB,logistic+R37=glmm,minute,INCT4,87,0.955591977567958
naturebeats,BOAFAB,logistic+R37=glmm,minute,INCT41,0,
naturebeats,BOAFAB,lda_shrunk,minute,INCT17,0,
naturebeats,BOAFAB,lda_shrunk,minute,INCT20955,106,0.9537915015082005
naturebeats,BOAFAB,lda_shrunk,minute,INCT4,87,0.9712034115741243
naturebeats,BOAFAB,lda_shrunk,minute,INCT41,0,
naturebeats,BOAFAB,simple_prototype,minute,INCT17,0,
naturebeats,BOAFAB,simple_prototype,minute,INCT20955,106,0.9056472740058319
naturebeats,BOAFAB,simple_prototype,minute,INCT4,87,0.8506353070981281
naturebeats,BOAFAB,simple_prototype,minute,INCT41,0,
naturebeats,BOAFAB,attentive,minute,INCT17,0,
naturebeats,BOAFAB,attentive,minute,INCT20955,106,0.9702808041425547
naturebeats,BOAFAB,attentive,minute,INCT4,87,0.9300428066903074
naturebeats,BOAFAB,attentive,minute,INCT41,0,
naturebeats,BOAFAB,logistic:max,minute,INCT17,0,
naturebeats,BOAFAB,logistic:max,minute,INCT20955,106,0.9788277516011422
naturebeats,BOAFAB,logistic:max,minute,INCT4,87,0.967456305724227
naturebeats,BOAFAB,logistic:max,minute,INCT41,0,
naturebeats,BOAFAB,proto_probe,minute,INCT17,0,
naturebeats,BOAFAB,proto_probe,minute,INCT20955,106,0.995827445555092
naturebeats,BOAFAB,proto_probe,minute,INCT4,87,0.9813797377035768
naturebeats,BOAFAB,proto_probe,minute,INCT41,0,
perch_bird,BOAFAB,logistic,fenetre,INCT17,0,
perch_bird,BOAFAB,logistic,fenetre,INCT20955,1078,0.9797104059464584
perch_bird,BOAFAB,logistic,fenetre,INCT4,780,0.977976814291168
perch_bird,BOAFAB,logistic,fenetre,INCT41,0,
perch_bird,BOAFAB,logistic+R37=glmm,fenetre,INCT17,0,
perch_bird,BOAFAB,logistic+R37=glmm,fenetre,INCT20955,1078,0.9794085243285797
perch_bird,BOAFAB,logistic+R37=glmm,fenetre,INCT4,780,0.9779738270471897
perch_bird,BOAFAB,logistic+R37=glmm,fenetre,INCT41,0,
perch_bird,BOAFAB,lda_shrunk,fenetre,INCT17,0,
perch_bird,BOAFAB,lda_shrunk,fenetre,INCT20955,1078,0.9741877032149313
perch_bird,BOAFAB,lda_shrunk,fenetre,INCT4,780,0.9629304928619773
perch_bird,BOAFAB,lda_shrunk,fenetre,INCT41,0,
perch_bird,BOAFAB,logistic,minute,INCT17,0,
perch_bird,BOAFAB,logistic,minute,INCT20955,106,0.9824415116797064
perch_bird,BOAFAB,logistic,minute,INCT4,87,0.9879266472403151
perch_bird,BOAFAB,logistic,minute,INCT41,0,
perch_bird,BOAFAB,logistic+R37=glmm,minute,INCT17,0,
perch_bird,BOAFAB,logistic+R37=glmm,minute,INCT20955,106,0.9822276146814799
perch_bird,BOAFAB,logistic+R37=glmm,minute,INCT4,87,0.9879266472403151
perch_bird,BOAFAB,logistic+R37=glmm,minute,INCT41,0,
perch_bird,BOAFAB,lda_shrunk,minute,INCT17,0,
perch_bird,BOAFAB,lda_shrunk,minute,INCT20955,106,0.973379598140793
perch_bird,BOAFAB,lda_shrunk,minute,INCT4,87,0.9725245625351132
perch_bird,BOAFAB,lda_shrunk,minute,INCT41,0,
perch_v2,BOAFAB,logistic,fenetre,INCT17,0,
perch_v2,BOAFAB,logistic,fenetre,INCT20955,1078,0.963718911072672
perch_v2,BOAFAB,logistic,fenetre,INCT4,780,0.9728248607513637
perch_v2,BOAFAB,logistic,fenetre,INCT41,0,
perch_v2,BOAFAB,logistic+R37=glmm,fenetre,INCT17,0,
perch_v2,BOAFAB,logistic+R37=glmm,fenetre,INCT20955,1078,0.9635969140595728
perch_v2,BOAFAB,logistic+R37=glmm,fenetre,INCT4,780,0.9717943414895787
perch_v2,BOAFAB,logistic+R37=glmm,fenetre,INCT41,0,
perch_v2,BOAFAB,lda_shrunk,fenetre,INCT17,0,
perch_v2,BOAFAB,lda_shrunk,fenetre,INCT20955,1078,0.9606241375616649
perch_v2,BOAFAB,lda_shrunk,fenetre,INCT4,780,0.9658092763831778
perch_v2,BOAFAB,lda_shrunk,fenetre,INCT41,0,
perch_v2,BOAFAB,simple_prototype,fenetre,INCT17,0,
perch_v2,BOAFAB,simple_prototype,fenetre,INCT20955,1078,0.9658110821734947
perch_v2,BOAFAB,simple_prototype,fenetre,INCT4,780,0.958501773701557
perch_v2,BOAFAB,simple_prototype,fenetre,INCT41,0,
perch_v2,BOAFAB,attentive,fenetre,INCT17,0,
perch_v2,BOAFAB,attentive,fenetre,INCT20955,1078,0.97325859771197
perch_v2,BOAFAB,attentive,fenetre,INCT4,780,0.9427887365024962
perch_v2,BOAFAB,attentive,fenetre,INCT41,0,
perch_v2,BOAFAB,logistic:max,fenetre,INCT17,0,
perch_v2,BOAFAB,logistic:max,fenetre,INCT20955,1078,0.9404392193066268
perch_v2,BOAFAB,logistic:max,fenetre,INCT4,780,0.9051932049262968
perch_v2,BOAFAB,logistic:max,fenetre,INCT41,0,
perch_v2,BOAFAB,proto_probe,fenetre,INCT17,0,
perch_v2,BOAFAB,proto_probe,fenetre,INCT20955,1078,0.976711452203042
perch_v2,BOAFAB,proto_probe,fenetre,INCT4,780,0.9734306061296031
perch_v2,BOAFAB,proto_probe,fenetre,INCT41,0,
perch_v2,BOAFAB,logistic,minute,INCT17,0,
perch_v2,BOAFAB,logistic,minute,INCT20955,106,0.987872596562455
perch_v2,BOAFAB,logistic,minute,INCT4,87,0.9813874999546146
perch_v2,BOAFAB,logistic,minute,INCT41,0,
perch_v2,BOAFAB,logistic+R37=glmm,minute,INCT17,0,
perch_v2,BOAFAB,logistic+R37=glmm,minute,INCT20955,106,0.9874284144644991
perch_v2,BOAFAB,logistic+R37=glmm,minute,INCT4,87,0.9820680731978818
perch_v2,BOAFAB,logistic+R37=glmm,minute,INCT41,0,
perch_v2,BOAFAB,lda_shrunk,minute,INCT17,0,
perch_v2,BOAFAB,lda_shrunk,minute,INCT20955,106,0.9741117278736948
perch_v2,BOAFAB,lda_shrunk,minute,INCT4,87,0.9741840370324426
perch_v2,BOAFAB,lda_shrunk,minute,INCT41,0,
perch_v2,BOAFAB,simple_prototype,minute,INCT17,0,
perch_v2,BOAFAB,simple_prototype,minute,INCT20955,106,0.9659711337305664
perch_v2,BOAFAB,simple_prototype,minute,INCT4,87,0.9530404850065135
perch_v2,BOAFAB,simple_prototype,minute,INCT41,0,
perch_v2,BOAFAB,attentive,minute,INCT17,0,
perch_v2,BOAFAB,attentive,minute,INCT20955,106,0.9811861744919217
perch_v2,BOAFAB,attentive,minute,INCT4,87,0.9656893866815095
perch_v2,BOAFAB,attentive,minute,INCT41,0,
perch_v2,BOAFAB,logistic:max,minute,INCT17,0,
perch_v2,BOAFAB,logistic:max,minute,INCT20955,106,0.978011592602942
perch_v2,BOAFAB,logistic:max,minute,INCT4,87,0.9358939844891595
perch_v2,BOAFAB,logistic:max,minute,INCT41,0,
perch_v2,BOAFAB,proto_probe,minute,INCT17,0,
perch_v2,BOAFAB,proto_probe,minute,INCT20955,106,0.9907467815239284
perch_v2,BOAFAB,proto_probe,minute,INCT4,87,0.9782017618472109
perch_v2,BOAFAB,proto_probe,minute,INCT41,0,
protoclr,BOAFAB,logistic,fenetre,INCT17,0,
protoclr,BOAFAB,logistic,fenetre,INCT20955,891,0.9038294169892975
protoclr,BOAFAB,logistic,fenetre,INCT4,648,0.8051088648529519
protoclr,BOAFAB,logistic,fenetre,INCT41,0,
protoclr,BOAFAB,logistic+R37=glmm,fenetre,INCT17,0,
protoclr,BOAFAB,logistic+R37=glmm,fenetre,INCT20955,891,0.9056711472828327
protoclr,BOAFAB,logistic+R37=glmm,fenetre,INCT4,648,0.7938332649554173
protoclr,BOAFAB,logistic+R37=glmm,fenetre,INCT41,0,
protoclr,BOAFAB,lda_shrunk,fenetre,INCT17,0,
protoclr,BOAFAB,lda_shrunk,fenetre,INCT20955,891,0.9160233464816949
protoclr,BOAFAB,lda_shrunk,fenetre,INCT4,648,0.8251407039376438
protoclr,BOAFAB,lda_shrunk,fenetre,INCT41,0,
protoclr,BOAFAB,logistic,minute,INCT17,0,
protoclr,BOAFAB,logistic,minute,INCT20955,106,0.89457730009724
protoclr,BOAFAB,logistic,minute,INCT4,87,0.8038642675071618
protoclr,BOAFAB,logistic,minute,INCT41,0,
protoclr,BOAFAB,logistic+R37=glmm,minute,INCT17,0,
protoclr,BOAFAB,logistic+R37=glmm,minute,INCT20955,106,0.8962804937003548
protoclr,BOAFAB,logistic+R37=glmm,minute,INCT4,87,0.7947935516292984
protoclr,BOAFAB,logistic+R37=glmm,minute,INCT41,0,
protoclr,BOAFAB,lda_shrunk,minute,INCT17,0,
protoclr,BOAFAB,lda_shrunk,minute,INCT20955,106,0.9154488223143428
protoclr,BOAFAB,lda_shrunk,minute,INCT4,87,0.8397972250412584
protoclr,BOAFAB,lda_shrunk,minute,INCT41,0,
rcl_fs_bsed,BOAFAB,logistic,fenetre,INCT17,0,
rcl_fs_bsed,BOAFAB,logistic,fenetre,INCT20955,27520,0.7609594433243108
rcl_fs_bsed,BOAFAB,logistic,fenetre,INCT4,18449,0.5933923143137068
rcl_fs_bsed,BOAFAB,logistic,fenetre,INCT41,0,
rcl_fs_bsed,BOAFAB,logistic+R37=glmm,fenetre,INCT17,0,
rcl_fs_bsed,BOAFAB,logistic+R37=glmm,fenetre,INCT20955,27520,0.7600570573225337
rcl_fs_bsed,BOAFAB,logistic+R37=glmm,fenetre,INCT4,18449,0.5936109016637597
rcl_fs_bsed,BOAFAB,logistic+R37=glmm,fenetre,INCT41,0,
rcl_fs_bsed,BOAFAB,lda_shrunk,fenetre,INCT17,0,
rcl_fs_bsed,BOAFAB,lda_shrunk,fenetre,INCT20955,27520,0.7251097245903616
rcl_fs_bsed,BOAFAB,lda_shrunk,fenetre,INCT4,18449,0.5243096448342424
rcl_fs_bsed,BOAFAB,lda_shrunk,fenetre,INCT41,0,
rcl_fs_bsed,BOAFAB,simple_prototype,fenetre,INCT17,0,
rcl_fs_bsed,BOAFAB,simple_prototype,fenetre,INCT20955,27520,0.14756026284686605
rcl_fs_bsed,BOAFAB,simple_prototype,fenetre,INCT4,18449,0.1629219589194521
rcl_fs_bsed,BOAFAB,simple_prototype,fenetre,INCT41,0,
rcl_fs_bsed,BOAFAB,logistic,minute,INCT17,0,
rcl_fs_bsed,BOAFAB,logistic,minute,INCT20955,106,0.9028115395180206
rcl_fs_bsed,BOAFAB,logistic,minute,INCT4,87,0.5336973061888199
rcl_fs_bsed,BOAFAB,logistic,minute,INCT41,0,
rcl_fs_bsed,BOAFAB,logistic+R37=glmm,minute,INCT17,0,
rcl_fs_bsed,BOAFAB,logistic+R37=glmm,minute,INCT20955,106,0.9023187173222659
rcl_fs_bsed,BOAFAB,logistic+R37=glmm,minute,INCT4,87,0.534295662445514
rcl_fs_bsed,BOAFAB,logistic+R37=glmm,minute,INCT41,0,
rcl_fs_bsed,BOAFAB,lda_shrunk,minute,INCT17,0,
rcl_fs_bsed,BOAFAB,lda_shrunk,minute,INCT20955,106,0.744762132234423
rcl_fs_bsed,BOAFAB,lda_shrunk,minute,INCT4,87,0.5038233009132002
rcl_fs_bsed,BOAFAB,lda_shrunk,minute,INCT41,0,
rcl_fs_bsed,BOAFAB,simple_prototype,minute,INCT17,0,
rcl_fs_bsed,BOAFAB,simple_prototype,minute,INCT20955,106,0.23690926467815615
rcl_fs_bsed,BOAFAB,simple_prototype,minute,INCT4,87,0.30278191329247095
rcl_fs_bsed,BOAFAB,simple_prototype,minute,INCT41,0,
