encoder,species,site,repeat,k,k_pos,k_neg,head,ap_window,ap_minute,n_test_pos_windows,n_test_pos_rec,n_test_rec
birdmae_base,BOAFAB,INCT20955,0,0,0,0,logistic,0.9633212451016444,0.9746898807423522,543,53,232
birdmae_base,BOAFAB,INCT20955,0,0,0,0,logistic+R37=glmm,0.9667549247277204,0.9767458372165204,543,53,232
birdmae_base,BOAFAB,INCT20955,0,0,0,0,lda_shrunk,0.959004849449793,0.9712019649976948,543,53,232
birdmae_base,BOAFAB,INCT20955,0,0,0,0,logistic+R20,0.965055282004853,0.9766173674443334,543,53,232
birdmae_base,BOAFAB,INCT20955,0,0,0,0,prototype,0.8671669541654389,0.8798982275979493,543,53,232
birdmae_base,BOAFAB,INCT20955,0,1,1,3,logistic,0.9688133027811646,0.9770505051575308,543,53,232
birdmae_base,BOAFAB,INCT20955,0,1,1,3,logistic+R37=glmm,0.9695422631632544,0.9772219118793116,543,53,232
birdmae_base,BOAFAB,INCT20955,0,1,1,3,lda_shrunk,0.9666708321031792,0.9734677218867088,543,53,232
birdmae_base,BOAFAB,INCT20955,0,1,1,3,logistic+R20,0.968989051324578,0.978470859048684,543,53,232
birdmae_base,BOAFAB,INCT20955,0,1,1,3,prototype,0.8670361600391987,0.879168137192151,543,53,232
birdmae_base,BOAFAB,INCT20955,0,2,2,7,logistic,0.969155108780655,0.9763050202639048,543,53,232
birdmae_base,BOAFAB,INCT20955,0,2,2,7,logistic+R37=glmm,0.9702443006852532,0.97645090086317,543,53,232
birdmae_base,BOAFAB,INCT20955,0,2,2,7,lda_shrunk,0.961992834240632,0.9729206896143756,543,53,232
birdmae_base,BOAFAB,INCT20955,0,2,2,7,logistic+R20,0.9696215705686256,0.9784192267212568,543,53,232
birdmae_base,BOAFAB,INCT20955,0,2,2,7,prototype,0.8667566802021871,0.8782280628115894,543,53,232
birdmae_base,BOAFAB,INCT20955,0,5,5,17,logistic,0.9692365205038742,0.9758805499543844,543,53,232
birdmae_base,BOAFAB,INCT20955,0,5,5,17,logistic+R37=glmm,0.968761941865411,0.9746886870531188,543,53,232
birdmae_base,BOAFAB,INCT20955,0,5,5,17,lda_shrunk,0.9567748341059416,0.9721375254662225,543,53,232
birdmae_base,BOAFAB,INCT20955,0,5,5,17,logistic+R20,0.9686102526883956,0.97571420050682,543,53,232
birdmae_base,BOAFAB,INCT20955,0,5,5,17,prototype,0.8674745527377961,0.8791199013786765,543,53,232
birdmae_base,BOAFAB,INCT20955,0,10,10,34,logistic,0.9758906907822298,0.9800798141712608,543,53,232
birdmae_base,BOAFAB,INCT20955,0,10,10,34,logistic+R37=glmm,0.9756206278251206,0.9791393783930028,543,53,232
birdmae_base,BOAFAB,INCT20955,0,10,10,34,lda_shrunk,0.9619602801777768,0.9768951387595456,543,53,232
birdmae_base,BOAFAB,INCT20955,0,10,10,34,logistic+R20,0.9733991159258664,0.979139924750862,543,53,232
birdmae_base,BOAFAB,INCT20955,0,10,10,34,prototype,0.8673197982896993,0.8769900905942896,543,53,232
birdmae_base,BOAFAB,INCT20955,0,20,20,68,logistic,0.9773107366814208,0.980857926140945,543,53,232
birdmae_base,BOAFAB,INCT20955,0,20,20,68,logistic+R37=glmm,0.9771753715074366,0.9806794098886854,543,53,232
birdmae_base,BOAFAB,INCT20955,0,20,20,68,lda_shrunk,0.9555380519758532,0.9796082659478884,543,53,232
birdmae_base,BOAFAB,INCT20955,0,20,20,68,logistic+R20,0.9758158048285736,0.981672663448881,543,53,232
birdmae_base,BOAFAB,INCT20955,0,20,20,68,prototype,0.8649968153165265,0.8724808162454197,543,53,232
birdmae_base,BOAFAB,INCT20955,0,-1,53,179,logistic,0.9786928758960004,0.979506539994886,543,53,232
birdmae_base,BOAFAB,INCT20955,0,-1,53,179,logistic+R37=glmm,0.9786683259090576,0.9794479962576016,543,53,232
birdmae_base,BOAFAB,INCT20955,0,-1,53,179,lda_shrunk,0.9631660632387348,0.9817527308838132,543,53,232
birdmae_base,BOAFAB,INCT20955,0,-1,53,179,logistic+R20,0.9783547910844834,0.9798232834689502,543,53,232
birdmae_base,BOAFAB,INCT20955,0,-1,53,179,prototype,0.8663351826457814,0.8731563564912198,543,53,232
birdmae_base,BOAFAB,INCT20955,1,0,0,0,logistic,0.9476769348375385,0.9554075781316962,525,53,232
birdmae_base,BOAFAB,INCT20955,1,0,0,0,logistic+R37=glmm,0.9516697712216704,0.9575670214088532,525,53,232
birdmae_base,BOAFAB,INCT20955,1,0,0,0,lda_shrunk,0.943686113245016,0.9674113952392092,525,53,232
birdmae_base,BOAFAB,INCT20955,1,0,0,0,logistic+R20,0.948534078867744,0.9547836937853676,525,53,232
birdmae_base,BOAFAB,INCT20955,1,0,0,0,prototype,0.8842895501248469,0.8874972815870749,525,53,232
birdmae_base,BOAFAB,INCT20955,1,1,1,3,logistic,0.9520061268348512,0.9582286570782452,525,53,232
birdmae_base,BOAFAB,INCT20955,1,1,1,3,logistic+R37=glmm,0.9545052495851511,0.9578401338127976,525,53,232
birdmae_base,BOAFAB,INCT20955,1,1,1,3,lda_shrunk,0.9463836761950644,0.971101910465463,525,53,232
birdmae_base,BOAFAB,INCT20955,1,1,1,3,logistic+R20,0.9521922844235496,0.9549168535251592,525,53,232
birdmae_base,BOAFAB,INCT20955,1,1,1,3,prototype,0.8838299368340109,0.8868582302947408,525,53,232
birdmae_base,BOAFAB,INCT20955,1,2,2,7,logistic,0.955816627583736,0.959770592958803,525,53,232
birdmae_base,BOAFAB,INCT20955,1,2,2,7,logistic+R37=glmm,0.9576142333136078,0.9596188420547892,525,53,232
birdmae_base,BOAFAB,INCT20955,1,2,2,7,lda_shrunk,0.9501628488993776,0.9742058211093906,525,53,232
birdmae_base,BOAFAB,INCT20955,1,2,2,7,logistic+R20,0.9553566902500492,0.956831084486375,525,53,232
birdmae_base,BOAFAB,INCT20955,1,2,2,7,prototype,0.8838391041739164,0.8877042544323586,525,53,232
birdmae_base,BOAFAB,INCT20955,1,5,5,17,logistic,0.9577742270558258,0.9611359697056951,525,53,232
birdmae_base,BOAFAB,INCT20955,1,5,5,17,logistic+R37=glmm,0.9598107376876354,0.9622096957213268,525,53,232
birdmae_base,BOAFAB,INCT20955,1,5,5,17,lda_shrunk,0.9517010192729088,0.9773677386021258,525,53,232
birdmae_base,BOAFAB,INCT20955,1,5,5,17,logistic+R20,0.958108889081874,0.95867009428203,525,53,232
birdmae_base,BOAFAB,INCT20955,1,5,5,17,prototype,0.8836560948666924,0.8880717336433365,525,53,232
birdmae_base,BOAFAB,INCT20955,1,10,10,34,logistic,0.9597334043238144,0.9614010962599908,525,53,232
birdmae_base,BOAFAB,INCT20955,1,10,10,34,logistic+R37=glmm,0.9598303810746692,0.9615396755443688,525,53,232
birdmae_base,BOAFAB,INCT20955,1,10,10,34,lda_shrunk,0.943276812074613,0.9757486693712776,525,53,232
birdmae_base,BOAFAB,INCT20955,1,10,10,34,logistic+R20,0.957408365773476,0.9600582902667496,525,53,232
birdmae_base,BOAFAB,INCT20955,1,10,10,34,prototype,0.8835737287704092,0.8894851912538314,525,53,232
birdmae_base,BOAFAB,INCT20955,1,20,20,68,logistic,0.9600816990506862,0.9612626859206996,525,53,232
birdmae_base,BOAFAB,INCT20955,1,20,20,68,logistic+R37=glmm,0.9595456288141412,0.9596722599730632,525,53,232
birdmae_base,BOAFAB,INCT20955,1,20,20,68,lda_shrunk,0.9476536798799536,0.9795477536302252,525,53,232
birdmae_base,BOAFAB,INCT20955,1,20,20,68,logistic+R20,0.9576345398724522,0.957931569163768,525,53,232
birdmae_base,BOAFAB,INCT20955,1,20,20,68,prototype,0.8858474978135998,0.8909728035661718,525,53,232
birdmae_base,BOAFAB,INCT20955,1,-1,53,179,logistic,0.969245474348528,0.9696557552016616,525,53,232
birdmae_base,BOAFAB,INCT20955,1,-1,53,179,logistic+R37=glmm,0.9687568571268244,0.9688647570198918,525,53,232
birdmae_base,BOAFAB,INCT20955,1,-1,53,179,lda_shrunk,0.953570992537436,0.9826459730022002,525,53,232
birdmae_base,BOAFAB,INCT20955,1,-1,53,179,logistic+R20,0.9679035864865074,0.9697729353566666,525,53,232
birdmae_base,BOAFAB,INCT20955,1,-1,53,179,prototype,0.8885751922948018,0.8905332356848799,525,53,232
birdmae_base,BOAFAB,INCT4,0,0,0,0,logistic,0.9193852377090792,0.931261209719724,402,44,208
birdmae_base,BOAFAB,INCT4,0,0,0,0,logistic+R37=glmm,0.9152175820296404,0.9283260702645352,402,44,208
birdmae_base,BOAFAB,INCT4,0,0,0,0,lda_shrunk,0.9421223911034514,0.9537737787476436,402,44,208
birdmae_base,BOAFAB,INCT4,0,0,0,0,logistic+R20,0.9069995868718894,0.9213839537986476,402,44,208
birdmae_base,BOAFAB,INCT4,0,0,0,0,prototype,0.5013865829132336,0.5184468238206326,402,44,208
birdmae_base,BOAFAB,INCT4,0,1,1,4,logistic,0.9203132678033844,0.9325230177688344,402,44,208
birdmae_base,BOAFAB,INCT4,0,1,1,4,logistic+R37=glmm,0.9163594660483968,0.9279540897894352,402,44,208
birdmae_base,BOAFAB,INCT4,0,1,1,4,lda_shrunk,0.941700320006352,0.9463423913979624,402,44,208
birdmae_base,BOAFAB,INCT4,0,1,1,4,logistic+R20,0.9061592492638082,0.9200288368919476,402,44,208
birdmae_base,BOAFAB,INCT4,0,1,1,4,prototype,0.5016684966732409,0.518628882867492,402,44,208
birdmae_base,BOAFAB,INCT4,0,2,2,8,logistic,0.9206244610272154,0.9330603651064364,402,44,208
birdmae_base,BOAFAB,INCT4,0,2,2,8,logistic+R37=glmm,0.9167498346308616,0.9286522684930484,402,44,208
birdmae_base,BOAFAB,INCT4,0,2,2,8,lda_shrunk,0.9457787524478454,0.9506002683632075,402,44,208
birdmae_base,BOAFAB,INCT4,0,2,2,8,logistic+R20,0.9064967052246676,0.9210160570766426,402,44,208
birdmae_base,BOAFAB,INCT4,0,2,2,8,prototype,0.5022537564739755,0.5187867242167549,402,44,208
birdmae_base,BOAFAB,INCT4,0,5,5,19,logistic,0.9248896750688442,0.937328695606979,402,44,208
birdmae_base,BOAFAB,INCT4,0,5,5,19,logistic+R37=glmm,0.918596920499105,0.9318542878454076,402,44,208
birdmae_base,BOAFAB,INCT4,0,5,5,19,lda_shrunk,0.949062401073988,0.9552237784435368,402,44,208
birdmae_base,BOAFAB,INCT4,0,5,5,19,logistic+R20,0.9131356292998524,0.9238827096726772,402,44,208
birdmae_base,BOAFAB,INCT4,0,5,5,19,prototype,0.5026587753218329,0.5188187775373704,402,44,208
birdmae_base,BOAFAB,INCT4,0,10,10,38,logistic,0.9268723614627143,0.9371591938023378,402,44,208
birdmae_base,BOAFAB,INCT4,0,10,10,38,logistic+R37=glmm,0.9250777590877872,0.9339138571769912,402,44,208
birdmae_base,BOAFAB,INCT4,0,10,10,38,lda_shrunk,0.9511792717012846,0.9604305208495418,402,44,208
birdmae_base,BOAFAB,INCT4,0,10,10,38,logistic+R20,0.9190533749735847,0.9333565329701848,402,44,208
birdmae_base,BOAFAB,INCT4,0,10,10,38,prototype,0.5041960395603413,0.5195184122459934,402,44,208
birdmae_base,BOAFAB,INCT4,0,20,20,76,logistic,0.9364566568779028,0.9499441305216484,402,44,208
birdmae_base,BOAFAB,INCT4,0,20,20,76,logistic+R37=glmm,0.9357926910127116,0.9486673378998678,402,44,208
birdmae_base,BOAFAB,INCT4,0,20,20,76,lda_shrunk,0.9602112980427098,0.9700311680094802,402,44,208
birdmae_base,BOAFAB,INCT4,0,20,20,76,logistic+R20,0.9330117019174852,0.9465975272752676,402,44,208
birdmae_base,BOAFAB,INCT4,0,20,20,76,prototype,0.5146038246919498,0.5249370442873689,402,44,208
birdmae_base,BOAFAB,INCT4,0,-1,43,164,logistic,0.9530603521982788,0.9670882430328416,402,44,208
birdmae_base,BOAFAB,INCT4,0,-1,43,164,logistic+R37=glmm,0.9520016902227854,0.9661615224687262,402,44,208
birdmae_base,BOAFAB,INCT4,0,-1,43,164,lda_shrunk,0.9692771466797468,0.9772886702486324,402,44,208
birdmae_base,BOAFAB,INCT4,0,-1,43,164,logistic+R20,0.9511587219758296,0.9657441405484468,402,44,208
birdmae_base,BOAFAB,INCT4,0,-1,43,164,prototype,0.5246040647330427,0.5309198152532112,402,44,208
birdmae_base,BOAFAB,INCT4,1,0,0,0,logistic,0.9323904421800386,0.9210684169789208,413,44,208
birdmae_base,BOAFAB,INCT4,1,0,0,0,logistic+R37=glmm,0.9322148147908936,0.9192322787732506,413,44,208
birdmae_base,BOAFAB,INCT4,1,0,0,0,lda_shrunk,0.9560022699673978,0.9529631251165728,413,44,208
birdmae_base,BOAFAB,INCT4,1,0,0,0,logistic+R20,0.9285925273962202,0.91065490087528,413,44,208
birdmae_base,BOAFAB,INCT4,1,0,0,0,prototype,0.5832403207728577,0.543342832172077,413,44,208
birdmae_base,BOAFAB,INCT4,1,1,1,4,logistic,0.9344679855507768,0.9206467196208432,413,44,208
birdmae_base,BOAFAB,INCT4,1,1,1,4,logistic+R37=glmm,0.9350292751093272,0.920993018542586,413,44,208
birdmae_base,BOAFAB,INCT4,1,1,1,4,lda_shrunk,0.9537911163508084,0.9502795311664336,413,44,208
birdmae_base,BOAFAB,INCT4,1,1,1,4,logistic+R20,0.93136726913309,0.915160703714978,413,44,208
birdmae_base,BOAFAB,INCT4,1,1,1,4,prototype,0.5859064113900938,0.5441020100341458,413,44,208
birdmae_base,BOAFAB,INCT4,1,2,2,8,logistic,0.938415719423518,0.9249816360369356,413,44,208
birdmae_base,BOAFAB,INCT4,1,2,2,8,logistic+R37=glmm,0.9383942616981008,0.9246681602279292,413,44,208
birdmae_base,BOAFAB,INCT4,1,2,2,8,lda_shrunk,0.9587442583069092,0.9597574203440724,413,44,208
birdmae_base,BOAFAB,INCT4,1,2,2,8,logistic+R20,0.9363524537558796,0.9250902340904096,413,44,208
birdmae_base,BOAFAB,INCT4,1,2,2,8,prototype,0.5858051903402093,0.5442618834816906,413,44,208
birdmae_base,BOAFAB,INCT4,1,5,5,19,logistic,0.94536060252084,0.9311790818581316,413,44,208
birdmae_base,BOAFAB,INCT4,1,5,5,19,logistic+R37=glmm,0.9449882112277364,0.9312698484677746,413,44,208
birdmae_base,BOAFAB,INCT4,1,5,5,19,lda_shrunk,0.9593722327319936,0.9563230386912712,413,44,208
birdmae_base,BOAFAB,INCT4,1,5,5,19,logistic+R20,0.9433784361087304,0.9285702475961728,413,44,208
birdmae_base,BOAFAB,INCT4,1,5,5,19,prototype,0.5869466760885556,0.5450424387082414,413,44,208
birdmae_base,BOAFAB,INCT4,1,10,10,38,logistic,0.942295218280618,0.93055957786857,413,44,208
birdmae_base,BOAFAB,INCT4,1,10,10,38,logistic+R37=glmm,0.9416063412539342,0.9279887809091224,413,44,208
birdmae_base,BOAFAB,INCT4,1,10,10,38,lda_shrunk,0.9575383493790156,0.9530539387667374,413,44,208
birdmae_base,BOAFAB,INCT4,1,10,10,38,logistic+R20,0.9401093740947508,0.9259320239301626,413,44,208
birdmae_base,BOAFAB,INCT4,1,10,10,38,prototype,0.5945665251597415,0.5498187656105848,413,44,208
birdmae_base,BOAFAB,INCT4,1,20,20,76,logistic,0.9450203076867671,0.9330549796439128,413,44,208
birdmae_base,BOAFAB,INCT4,1,20,20,76,logistic+R37=glmm,0.943578008295302,0.931648422279557,413,44,208
birdmae_base,BOAFAB,INCT4,1,20,20,76,lda_shrunk,0.9692822133864912,0.963179783762166,413,44,208
birdmae_base,BOAFAB,INCT4,1,20,20,76,logistic+R20,0.9432456952993352,0.9306402658325874,413,44,208
birdmae_base,BOAFAB,INCT4,1,20,20,76,prototype,0.5998845809981564,0.5518585653929937,413,44,208
birdmae_base,BOAFAB,INCT4,1,-1,43,164,logistic,0.9649016743585672,0.9584919073947316,413,44,208
birdmae_base,BOAFAB,INCT4,1,-1,43,164,logistic+R37=glmm,0.9638637238130666,0.9567558769031612,413,44,208
birdmae_base,BOAFAB,INCT4,1,-1,43,164,lda_shrunk,0.9823110689512464,0.983679332834281,413,44,208
birdmae_base,BOAFAB,INCT4,1,-1,43,164,logistic+R20,0.9640641713775888,0.9570074096349726,413,44,208
birdmae_base,BOAFAB,INCT4,1,-1,43,164,prototype,0.6089105702868643,0.5606410429356621,413,44,208
birdmae_base,DENMIN,INCT17,0,0,0,0,logistic,0.7751502974141056,0.8671364709384897,870,114,173
birdmae_base,DENMIN,INCT17,0,0,0,0,logistic+R37=glmm,0.7867132980989482,0.8845961658643156,870,114,173
birdmae_base,DENMIN,INCT17,0,0,0,0,lda_shrunk,0.7922729649477293,0.914652264147847,870,114,173
birdmae_base,DENMIN,INCT17,0,0,0,0,logistic+R20,0.7896889467107326,0.8858302979013378,870,114,173
birdmae_base,DENMIN,INCT17,0,0,0,0,prototype,0.6010722405995074,0.7907052259474657,870,114,173
birdmae_base,DENMIN,INCT17,0,1,1,1,logistic,0.8085243719019615,0.8853715531914446,870,114,173
birdmae_base,DENMIN,INCT17,0,1,1,1,logistic+R37=glmm,0.8019201619878223,0.8918087980937999,870,114,173
birdmae_base,DENMIN,INCT17,0,1,1,1,lda_shrunk,0.8572108162249459,0.9349380981612656,870,114,173
birdmae_base,DENMIN,INCT17,0,1,1,1,logistic+R20,0.8479135866937141,0.909671413852964,870,114,173
birdmae_base,DENMIN,INCT17,0,1,1,1,prototype,0.6085725468510121,0.7941880157703278,870,114,173
birdmae_base,DENMIN,INCT17,0,2,2,1,logistic,0.8033505527714894,0.8845569597712761,870,114,173
birdmae_base,DENMIN,INCT17,0,2,2,1,logistic+R37=glmm,0.8046741632392683,0.8940984460822197,870,114,173
birdmae_base,DENMIN,INCT17,0,2,2,1,lda_shrunk,0.857364044773157,0.9359351637267384,870,114,173
birdmae_base,DENMIN,INCT17,0,2,2,1,logistic+R20,0.8527382644550487,0.909874484436518,870,114,173
birdmae_base,DENMIN,INCT17,0,2,2,1,prototype,0.6088451501329017,0.7929911783343742,870,114,173
birdmae_base,DENMIN,INCT17,0,5,5,3,logistic,0.825440491260356,0.8957918959104365,870,114,173
birdmae_base,DENMIN,INCT17,0,5,5,3,logistic+R37=glmm,0.8191239233356413,0.9007593118913216,870,114,173
birdmae_base,DENMIN,INCT17,0,5,5,3,lda_shrunk,0.8870960832784679,0.9502774173258388,870,114,173
birdmae_base,DENMIN,INCT17,0,5,5,3,logistic+R20,0.8712517055359597,0.922885976361702,870,114,173
birdmae_base,DENMIN,INCT17,0,5,5,3,prototype,0.6084082761295162,0.7915856636539877,870,114,173
birdmae_base,DENMIN,INCT17,0,10,10,5,logistic,0.8757400775852731,0.929675842676727,870,114,173
birdmae_base,DENMIN,INCT17,0,10,10,5,logistic+R37=glmm,0.867180185180935,0.9280157798371632,870,114,173
birdmae_base,DENMIN,INCT17,0,10,10,5,lda_shrunk,0.9203338508901908,0.9601834223987892,870,114,173
birdmae_base,DENMIN,INCT17,0,10,10,5,logistic+R20,0.8766382232950314,0.9294037737014788,870,114,173
birdmae_base,DENMIN,INCT17,0,10,10,5,prototype,0.6139175754233402,0.7937115448266961,870,114,173
birdmae_base,DENMIN,INCT17,0,20,20,10,logistic,0.9003751897762462,0.94221416537341,870,114,173
birdmae_base,DENMIN,INCT17,0,20,20,10,logistic+R37=glmm,0.8908276048563988,0.9403617999578432,870,114,173
birdmae_base,DENMIN,INCT17,0,20,20,10,lda_shrunk,0.9161769178561942,0.9600749093883154,870,114,173
birdmae_base,DENMIN,INCT17,0,20,20,10,logistic+R20,0.883422762031614,0.9440704325374996,870,114,173
birdmae_base,DENMIN,INCT17,0,20,20,10,prototype,0.6260637568418347,0.7960228990842314,870,114,173
birdmae_base,DENMIN,INCT17,0,-1,114,59,logistic,0.9521906398646296,0.97007590056611,870,114,173
birdmae_base,DENMIN,INCT17,0,-1,114,59,logistic+R37=glmm,0.9509504728828602,0.9707123549138404,870,114,173
birdmae_base,DENMIN,INCT17,0,-1,114,59,lda_shrunk,0.9584065945403668,0.9711999481163288,870,114,173
birdmae_base,DENMIN,INCT17,0,-1,114,59,logistic+R20,0.9346458014960084,0.9696864731541722,870,114,173
birdmae_base,DENMIN,INCT17,0,-1,114,59,prototype,0.6511869400287991,0.8096954430687768,870,114,173
birdmae_base,DENMIN,INCT17,1,0,0,0,logistic,0.7916958751334706,0.8709621000566392,903,114,173
birdmae_base,DENMIN,INCT17,1,0,0,0,logistic+R37=glmm,0.8068428506531299,0.884465556751228,903,114,173
birdmae_base,DENMIN,INCT17,1,0,0,0,lda_shrunk,0.8292665034597102,0.9181210630354556,903,114,173
birdmae_base,DENMIN,INCT17,1,0,0,0,logistic+R20,0.8148488329846613,0.894657857291882,903,114,173
birdmae_base,DENMIN,INCT17,1,0,0,0,prototype,0.6450386605656996,0.7617656456556745,903,114,173
birdmae_base,DENMIN,INCT17,1,1,1,1,logistic,0.8258008930136168,0.9056652516437124,903,114,173
birdmae_base,DENMIN,INCT17,1,1,1,1,logistic+R37=glmm,0.8307331737651327,0.9084981100726718,903,114,173
birdmae_base,DENMIN,INCT17,1,1,1,1,lda_shrunk,0.8509803427486361,0.923226227783666,903,114,173
birdmae_base,DENMIN,INCT17,1,1,1,1,logistic+R20,0.8548109711048899,0.920453053480374,903,114,173
birdmae_base,DENMIN,INCT17,1,1,1,1,prototype,0.6486346790497923,0.7638090403013813,903,114,173
birdmae_base,DENMIN,INCT17,1,2,2,1,logistic,0.8016863886395019,0.8867349910277079,903,114,173
birdmae_base,DENMIN,INCT17,1,2,2,1,logistic+R37=glmm,0.8208775151841727,0.9025366591663808,903,114,173
birdmae_base,DENMIN,INCT17,1,2,2,1,lda_shrunk,0.8303553225161987,0.9090394327960498,903,114,173
birdmae_base,DENMIN,INCT17,1,2,2,1,logistic+R20,0.8403838056614701,0.9101335000215752,903,114,173
birdmae_base,DENMIN,INCT17,1,2,2,1,prototype,0.6481513835866537,0.7636255518907461,903,114,173
birdmae_base,DENMIN,INCT17,1,5,5,3,logistic,0.8292815536327021,0.9171923286726396,903,114,173
birdmae_base,DENMIN,INCT17,1,5,5,3,logistic+R37=glmm,0.8388673230016062,0.9229647156619474,903,114,173
birdmae_base,DENMIN,INCT17,1,5,5,3,lda_shrunk,0.8633873101943985,0.9292200204218358,903,114,173
birdmae_base,DENMIN,INCT17,1,5,5,3,logistic+R20,0.8289208093713213,0.9304041796759894,903,114,173
birdmae_base,DENMIN,INCT17,1,5,5,3,prototype,0.6493891519758889,0.7662218050950572,903,114,173
birdmae_base,DENMIN,INCT17,1,10,10,5,logistic,0.8382284941828366,0.9193278124480986,903,114,173
birdmae_base,DENMIN,INCT17,1,10,10,5,logistic+R37=glmm,0.8400987621419571,0.9196759044289504,903,114,173
birdmae_base,DENMIN,INCT17,1,10,10,5,lda_shrunk,0.8665744832031981,0.921171745761425,903,114,173
birdmae_base,DENMIN,INCT17,1,10,10,5,logistic+R20,0.8409213314768211,0.9346349365209026,903,114,173
birdmae_base,DENMIN,INCT17,1,10,10,5,prototype,0.6463284837886072,0.7572536565962779,903,114,173
birdmae_base,DENMIN,INCT17,1,20,20,10,logistic,0.8787086987935322,0.94335499393691,903,114,173
birdmae_base,DENMIN,INCT17,1,20,20,10,logistic+R37=glmm,0.8803100003546314,0.9432491040470316,903,114,173
birdmae_base,DENMIN,INCT17,1,20,20,10,lda_shrunk,0.9174715335566372,0.955044855261615,903,114,173
birdmae_base,DENMIN,INCT17,1,20,20,10,logistic+R20,0.9017027282277998,0.9617046101931428,903,114,173
birdmae_base,DENMIN,INCT17,1,20,20,10,prototype,0.6488711346187679,0.7575828774804474,903,114,173
birdmae_base,DENMIN,INCT17,1,-1,114,59,logistic,0.9574217792103162,0.9717308167934215,903,114,173
birdmae_base,DENMIN,INCT17,1,-1,114,59,logistic+R37=glmm,0.9559301406898773,0.9746543911127992,903,114,173
birdmae_base,DENMIN,INCT17,1,-1,114,59,lda_shrunk,0.9704331210164568,0.9744358085755028,903,114,173
birdmae_base,DENMIN,INCT17,1,-1,114,59,logistic+R20,0.943805531856556,0.965427156627108,903,114,173
birdmae_base,DENMIN,INCT17,1,-1,114,59,prototype,0.6857571165155105,0.7778838938705467,903,114,173
birdmae_base,DENMIN,INCT20955,0,0,0,0,logistic,0.0517733330569563,0.0833796296411021,117,18,234
birdmae_base,DENMIN,INCT20955,0,0,0,0,logistic+R37=glmm,0.0516564833226578,0.0832408355480184,117,18,234
birdmae_base,DENMIN,INCT20955,0,0,0,0,lda_shrunk,0.102516586570071,0.1421591982840847,117,18,234
birdmae_base,DENMIN,INCT20955,0,0,0,0,logistic+R20,0.0907091767835114,0.1258991428806877,117,18,234
birdmae_base,DENMIN,INCT20955,0,0,0,0,prototype,0.1844603007808131,0.2417715829607754,117,18,234
birdmae_base,DENMIN,INCT20955,0,1,1,12,logistic,0.0793873141256254,0.1198414907570644,117,18,234
birdmae_base,DENMIN,INCT20955,0,1,1,12,logistic+R37=glmm,0.0795476248921286,0.1212222775968371,117,18,234
birdmae_base,DENMIN,INCT20955,0,1,1,12,lda_shrunk,0.2033142236763485,0.2610750531189169,117,18,234
birdmae_base,DENMIN,INCT20955,0,1,1,12,logistic+R20,0.0835839940872795,0.1113549026624226,117,18,234
birdmae_base,DENMIN,INCT20955,0,1,1,12,prototype,0.1890266814589159,0.2481973991605157,117,18,234
birdmae_base,DENMIN,INCT20955,0,2,2,24,logistic,0.0968250604261497,0.1376454966771342,117,18,234
birdmae_base,DENMIN,INCT20955,0,2,2,24,logistic+R37=glmm,0.0972957380255421,0.1418658405402166,117,18,234
birdmae_base,DENMIN,INCT20955,0,2,2,24,lda_shrunk,0.2111258430240784,0.2364953578152707,117,18,234
birdmae_base,DENMIN,INCT20955,0,2,2,24,logistic+R20,0.0934110598597219,0.1164542691726688,117,18,234
birdmae_base,DENMIN,INCT20955,0,2,2,24,prototype,0.1932511987673338,0.2559587341819183,117,18,234
birdmae_base,DENMIN,INCT20955,0,5,5,60,logistic,0.2868006270002506,0.3265278459759709,117,18,234
birdmae_base,DENMIN,INCT20955,0,5,5,60,logistic+R37=glmm,0.2878856224111785,0.3342319831512607,117,18,234
birdmae_base,DENMIN,INCT20955,0,5,5,60,lda_shrunk,0.3729031215663177,0.3774386821917421,117,18,234
birdmae_base,DENMIN,INCT20955,0,5,5,60,logistic+R20,0.2040051152744582,0.2485562910236614,117,18,234
birdmae_base,DENMIN,INCT20955,0,5,5,60,prototype,0.1980360928595065,0.2662675175511568,117,18,234
birdmae_base,DENMIN,INCT20955,0,10,10,119,logistic,0.4134938107655789,0.4772842571134688,117,18,234
birdmae_base,DENMIN,INCT20955,0,10,10,119,logistic+R37=glmm,0.4081337526764332,0.4766538329034325,117,18,234
birdmae_base,DENMIN,INCT20955,0,10,10,119,lda_shrunk,0.4179436556692342,0.4852037352175877,117,18,234
birdmae_base,DENMIN,INCT20955,0,10,10,119,logistic+R20,0.2949779414461141,0.3735397510430251,117,18,234
birdmae_base,DENMIN,INCT20955,0,10,10,119,prototype,0.2063627412770034,0.2781954808801642,117,18,234
birdmae_base,DENMIN,INCT20955,0,20,20,239,logistic,0.4476287563035545,0.51785546173115,117,18,234
birdmae_base,DENMIN,INCT20955,0,20,20,239,logistic+R37=glmm,0.4399554718942952,0.5088862488852358,117,18,234
birdmae_base,DENMIN,INCT20955,0,20,20,239,lda_shrunk,0.4813114196726539,0.4992752529350994,117,18,234
birdmae_base,DENMIN,INCT20955,0,20,20,239,logistic+R20,0.3698305177399384,0.4295928589737156,117,18,234
birdmae_base,DENMIN,INCT20955,0,20,20,239,prototype,0.2142039536883353,0.2925974144901057,117,18,234
birdmae_base,DENMIN,INCT20955,0,-1,18,215,logistic,0.4476287563035545,0.51785546173115,117,18,234
birdmae_base,DENMIN,INCT20955,0,-1,18,215,logistic+R37=glmm,0.4399554718942952,0.5088862488852358,117,18,234
birdmae_base,DENMIN,INCT20955,0,-1,18,215,lda_shrunk,0.4813114196726539,0.4992752529350994,117,18,234
birdmae_base,DENMIN,INCT20955,0,-1,18,215,logistic+R20,0.3698305177399384,0.4295928589737156,117,18,234
birdmae_base,DENMIN,INCT20955,0,-1,18,215,prototype,0.2142039536883353,0.2925974144901057,117,18,234
birdmae_base,DENMIN,INCT20955,1,0,0,0,logistic,0.0385916113830583,0.0731262635732195,112,18,234
birdmae_base,DENMIN,INCT20955,1,0,0,0,logistic+R37=glmm,0.038570972873155,0.072619348761702,112,18,234
birdmae_base,DENMIN,INCT20955,1,0,0,0,lda_shrunk,0.0645390965729954,0.1045401676559826,112,18,234
birdmae_base,DENMIN,INCT20955,1,0,0,0,logistic+R20,0.0721621078296145,0.1312611262154101,112,18,234
birdmae_base,DENMIN,INCT20955,1,0,0,0,prototype,0.2313138533593774,0.2631939797600579,112,18,234
birdmae_base,DENMIN,INCT20955,1,1,1,12,logistic,0.0495696152134588,0.0884017488575703,112,18,234
birdmae_base,DENMIN,INCT20955,1,1,1,12,logistic+R37=glmm,0.0494849618383627,0.0889076947286201,112,18,234
birdmae_base,DENMIN,INCT20955,1,1,1,12,lda_shrunk,0.0864215384132154,0.1286178990013882,112,18,234
birdmae_base,DENMIN,INCT20955,1,1,1,12,logistic+R20,0.179792076188205,0.2545865443306985,112,18,234
birdmae_base,DENMIN,INCT20955,1,1,1,12,prototype,0.2336629684152142,0.2688843512451013,112,18,234
birdmae_base,DENMIN,INCT20955,1,2,2,24,logistic,0.0517914821877402,0.1120483231641805,112,18,234
birdmae_base,DENMIN,INCT20955,1,2,2,24,logistic+R37=glmm,0.0518532383581819,0.112704403433013,112,18,234
birdmae_base,DENMIN,INCT20955,1,2,2,24,lda_shrunk,0.0775110274662354,0.1302413189869262,112,18,234
birdmae_base,DENMIN,INCT20955,1,2,2,24,logistic+R20,0.0832091169608286,0.1469402286790688,112,18,234
birdmae_base,DENMIN,INCT20955,1,2,2,24,prototype,0.2343170531910056,0.2720025388516953,112,18,234
birdmae_base,DENMIN,INCT20955,1,5,5,60,logistic,0.1419211248083393,0.2427754768322259,112,18,234
birdmae_base,DENMIN,INCT20955,1,5,5,60,logistic+R37=glmm,0.1443317703837552,0.2473904408091859,112,18,234
birdmae_base,DENMIN,INCT20955,1,5,5,60,lda_shrunk,0.1362930778497309,0.2125069097659137,112,18,234
birdmae_base,DENMIN,INCT20955,1,5,5,60,logistic+R20,0.1623971114199792,0.2853413859877544,112,18,234
birdmae_base,DENMIN,INCT20955,1,5,5,60,prototype,0.2408333574275357,0.2831243980738637,112,18,234
birdmae_base,DENMIN,INCT20955,1,10,10,119,logistic,0.2733737900792133,0.4223035851582895,112,18,234
birdmae_base,DENMIN,INCT20955,1,10,10,119,logistic+R37=glmm,0.276769461100683,0.4369085480718073,112,18,234
birdmae_base,DENMIN,INCT20955,1,10,10,119,lda_shrunk,0.2310307207527563,0.4134961733741708,112,18,234
birdmae_base,DENMIN,INCT20955,1,10,10,119,logistic+R20,0.2854840075298823,0.4190801468890699,112,18,234
birdmae_base,DENMIN,INCT20955,1,10,10,119,prototype,0.2404191181956751,0.2942806691031673,112,18,234
birdmae_base,DENMIN,INCT20955,1,20,20,239,logistic,0.353633636617194,0.4813434133039394,112,18,234
birdmae_base,DENMIN,INCT20955,1,20,20,239,logistic+R37=glmm,0.3587472916041424,0.4934007027747294,112,18,234
birdmae_base,DENMIN,INCT20955,1,20,20,239,lda_shrunk,0.319254044175682,0.5023020056974109,112,18,234
birdmae_base,DENMIN,INCT20955,1,20,20,239,logistic+R20,0.3085154646621693,0.4533789815415543,112,18,234
birdmae_base,DENMIN,INCT20955,1,20,20,239,prototype,0.2397021863536649,0.2985458112343062,112,18,234
birdmae_base,DENMIN,INCT20955,1,-1,18,215,logistic,0.353633636617194,0.4813434133039394,112,18,234
birdmae_base,DENMIN,INCT20955,1,-1,18,215,logistic+R37=glmm,0.3587472916041424,0.4934007027747294,112,18,234
birdmae_base,DENMIN,INCT20955,1,-1,18,215,lda_shrunk,0.319254044175682,0.5023020056974109,112,18,234
birdmae_base,DENMIN,INCT20955,1,-1,18,215,logistic+R20,0.3085154646621693,0.4533789815415543,112,18,234
birdmae_base,DENMIN,INCT20955,1,-1,18,215,prototype,0.2397021863536649,0.2985458112343062,112,18,234
birdmae_base,LEPLAT,INCT20955,0,0,0,0,logistic,0.4673056352608548,0.5851072520733341,704,88,228
birdmae_base,LEPLAT,INCT20955,0,0,0,0,logistic+R37=glmm,0.4797547966511661,0.5961788982854243,704,88,228
birdmae_base,LEPLAT,INCT20955,0,0,0,0,lda_shrunk,0.7543495807172685,0.789562333500686,704,88,228
birdmae_base,LEPLAT,INCT20955,0,0,0,0,logistic+R20,0.4604154486446065,0.5814799956277326,704,88,228
birdmae_base,LEPLAT,INCT20955,0,0,0,0,prototype,0.39042640482618,0.5420764780271918,704,88,228
birdmae_base,LEPLAT,INCT20955,0,1,1,2,logistic,0.5531435888867209,0.7002142336980501,704,88,228
birdmae_base,LEPLAT,INCT20955,0,1,1,2,logistic+R37=glmm,0.5231297912886251,0.6501663637878371,704,88,228
birdmae_base,LEPLAT,INCT20955,0,1,1,2,lda_shrunk,0.8110969790212661,0.8427973616652991,704,88,228
birdmae_base,LEPLAT,INCT20955,0,1,1,2,logistic+R20,0.5040036893137098,0.6668662579614495,704,88,228
birdmae_base,LEPLAT,INCT20955,0,1,1,2,prototype,0.3960404363204517,0.5499848996408475,704,88,228
birdmae_base,LEPLAT,INCT20955,0,2,2,3,logistic,0.649402698902136,0.7307960871493933,704,88,228
birdmae_base,LEPLAT,INCT20955,0,2,2,3,logistic+R37=glmm,0.5780419403480224,0.6808976677801649,704,88,228
birdmae_base,LEPLAT,INCT20955,0,2,2,3,lda_shrunk,0.8045973818262516,0.835394374099002,704,88,228
birdmae_base,LEPLAT,INCT20955,0,2,2,3,logistic+R20,0.6675509267866729,0.74707372123725,704,88,228
birdmae_base,LEPLAT,INCT20955,0,2,2,3,prototype,0.4007680762018485,0.5503403048782285,704,88,228
birdmae_base,LEPLAT,INCT20955,0,5,5,8,logistic,0.6915911620953102,0.7686890849246298,704,88,228
birdmae_base,LEPLAT,INCT20955,0,5,5,8,logistic+R37=glmm,0.6842978880446406,0.7571563378038231,704,88,228
birdmae_base,LEPLAT,INCT20955,0,5,5,8,lda_shrunk,0.8083635263845135,0.8366164841344427,704,88,228
birdmae_base,LEPLAT,INCT20955,0,5,5,8,logistic+R20,0.6383893855894438,0.7238903196267655,704,88,228
birdmae_base,LEPLAT,INCT20955,0,5,5,8,prototype,0.4015171251464351,0.5540201416662832,704,88,228
birdmae_base,LEPLAT,INCT20955,0,10,10,16,logistic,0.7119514675695852,0.7760668228437404,704,88,228
birdmae_base,LEPLAT,INCT20955,0,10,10,16,logistic+R37=glmm,0.720949116089057,0.7848713118857108,704,88,228
birdmae_base,LEPLAT,INCT20955,0,10,10,16,lda_shrunk,0.8124438122863782,0.8527250846892117,704,88,228
birdmae_base,LEPLAT,INCT20955,0,10,10,16,logistic+R20,0.6469575401986224,0.7209032744261203,704,88,228
birdmae_base,LEPLAT,INCT20955,0,10,10,16,prototype,0.411371789075049,0.5631680153752352,704,88,228
birdmae_base,LEPLAT,INCT20955,0,20,20,32,logistic,0.7408320237260072,0.8051508758529855,704,88,228
birdmae_base,LEPLAT,INCT20955,0,20,20,32,logistic+R37=glmm,0.7389136212317199,0.8065219879054942,704,88,228
birdmae_base,LEPLAT,INCT20955,0,20,20,32,lda_shrunk,0.8063287972511064,0.822863880891355,704,88,228
birdmae_base,LEPLAT,INCT20955,0,20,20,32,logistic+R20,0.7203047611200698,0.7953165035867792,704,88,228
birdmae_base,LEPLAT,INCT20955,0,20,20,32,prototype,0.4205700701219378,0.576670451425902,704,88,228
birdmae_base,LEPLAT,INCT20955,0,-1,88,140,logistic,0.8574533786413724,0.8938840057861913,704,88,228
birdmae_base,LEPLAT,INCT20955,0,-1,88,140,logistic+R37=glmm,0.8567250550664706,0.8932844132107058,704,88,228
birdmae_base,LEPLAT,INCT20955,0,-1,88,140,lda_shrunk,0.8994129388749514,0.9305070167082372,704,88,228
birdmae_base,LEPLAT,INCT20955,0,-1,88,140,logistic+R20,0.8522911009401893,0.891282770661867,704,88,228
birdmae_base,LEPLAT,INCT20955,0,-1,88,140,prototype,0.4390061286449908,0.6057533067555553,704,88,228
birdmae_base,LEPLAT,INCT20955,1,0,0,0,logistic,0.5195728106260565,0.6193461058795147,762,88,228
birdmae_base,LEPLAT,INCT20955,1,0,0,0,logistic+R37=glmm,0.5354049120827173,0.6325378090738383,762,88,228
birdmae_base,LEPLAT,INCT20955,1,0,0,0,lda_shrunk,0.8095319907874698,0.854839216968033,762,88,228
birdmae_base,LEPLAT,INCT20955,1,0,0,0,logistic+R20,0.5093598627819242,0.6075384509570455,762,88,228
birdmae_base,LEPLAT,INCT20955,1,0,0,0,prototype,0.3863926694143964,0.4917050380270483,762,88,228
birdmae_base,LEPLAT,INCT20955,1,1,1,2,logistic,0.5427232430290991,0.6698013491859655,762,88,228
birdmae_base,LEPLAT,INCT20955,1,1,1,2,logistic+R37=glmm,0.5491218945930889,0.6598389077328707,762,88,228
birdmae_base,LEPLAT,INCT20955,1,1,1,2,lda_shrunk,0.7971253669546472,0.8458712211461418,762,88,228
birdmae_base,LEPLAT,INCT20955,1,1,1,2,logistic+R20,0.4807438895105052,0.6143494391314348,762,88,228
birdmae_base,LEPLAT,INCT20955,1,1,1,2,prototype,0.3882998196589425,0.4946814191699176,762,88,228
birdmae_base,LEPLAT,INCT20955,1,2,2,3,logistic,0.5411923249588106,0.6672399907406226,762,88,228
birdmae_base,LEPLAT,INCT20955,1,2,2,3,logistic+R37=glmm,0.550014891089617,0.6524761286866552,762,88,228
birdmae_base,LEPLAT,INCT20955,1,2,2,3,lda_shrunk,0.7910197271869543,0.8416318879694055,762,88,228
birdmae_base,LEPLAT,INCT20955,1,2,2,3,logistic+R20,0.458146365170498,0.586251532415232,762,88,228
birdmae_base,LEPLAT,INCT20955,1,2,2,3,prototype,0.3849948083382902,0.4904687393362878,762,88,228
birdmae_base,LEPLAT,INCT20955,1,5,5,8,logistic,0.605374232864458,0.713131033581857,762,88,228
birdmae_base,LEPLAT,INCT20955,1,5,5,8,logistic+R37=glmm,0.6302663071438498,0.7187244555911773,762,88,228
birdmae_base,LEPLAT,INCT20955,1,5,5,8,lda_shrunk,0.7538741989016966,0.7983025831210507,762,88,228
birdmae_base,LEPLAT,INCT20955,1,5,5,8,logistic+R20,0.5371823020183536,0.6733221613010283,762,88,228
birdmae_base,LEPLAT,INCT20955,1,5,5,8,prototype,0.3860246249493058,0.487714883616658,762,88,228
birdmae_base,LEPLAT,INCT20955,1,10,10,16,logistic,0.7191003286300774,0.8126288941276341,762,88,228
birdmae_base,LEPLAT,INCT20955,1,10,10,16,logistic+R37=glmm,0.7190234447973693,0.7983380951705394,762,88,228
birdmae_base,LEPLAT,INCT20955,1,10,10,16,lda_shrunk,0.8563271107577624,0.8972638076673694,762,88,228
birdmae_base,LEPLAT,INCT20955,1,10,10,16,logistic+R20,0.7026315351990364,0.8076498339708178,762,88,228
birdmae_base,LEPLAT,INCT20955,1,10,10,16,prototype,0.3882578169989125,0.4914153487915381,762,88,228
birdmae_base,LEPLAT,INCT20955,1,20,20,32,logistic,0.7640279242468743,0.8303687742686217,762,88,228
birdmae_base,LEPLAT,INCT20955,1,20,20,32,logistic+R37=glmm,0.7650264973595694,0.8344469243810919,762,88,228
birdmae_base,LEPLAT,INCT20955,1,20,20,32,lda_shrunk,0.8548780613900511,0.8893576190740197,762,88,228
birdmae_base,LEPLAT,INCT20955,1,20,20,32,logistic+R20,0.7449393418890367,0.823537217183848,762,88,228
birdmae_base,LEPLAT,INCT20955,1,20,20,32,prototype,0.4027409040269356,0.5078419853520171,762,88,228
birdmae_base,LEPLAT,INCT20955,1,-1,88,140,logistic,0.8904085308517173,0.9382872869170557,762,88,228
birdmae_base,LEPLAT,INCT20955,1,-1,88,140,logistic+R37=glmm,0.8924014485075352,0.9399977265836404,762,88,228
birdmae_base,LEPLAT,INCT20955,1,-1,88,140,lda_shrunk,0.9175734763528652,0.9491885198490344,762,88,228
birdmae_base,LEPLAT,INCT20955,1,-1,88,140,logistic+R20,0.8840051667531684,0.9320427076586482,762,88,228
birdmae_base,LEPLAT,INCT20955,1,-1,88,140,prototype,0.4027911764580051,0.5173220851183431,762,88,228
birdmae_base,PHYCUV,INCT17,0,0,0,0,logistic,0.1531185133702368,0.4184540460053835,53,16,176
birdmae_base,PHYCUV,INCT17,0,0,0,0,logistic+R37=glmm,0.1398141139283648,0.396502527233907,53,16,176
birdmae_base,PHYCUV,INCT17,0,0,0,0,lda_shrunk,0.1885027863118342,0.4790984344213245,53,16,176
birdmae_base,PHYCUV,INCT17,0,0,0,0,logistic+R20,0.1423369492158833,0.3834370662222545,53,16,176
birdmae_base,PHYCUV,INCT17,0,0,0,0,prototype,0.0404765575563141,0.1396040764471678,53,16,176
birdmae_base,PHYCUV,INCT17,0,1,1,11,logistic,0.285956199214237,0.6099720416699461,53,16,176
birdmae_base,PHYCUV,INCT17,0,1,1,11,logistic+R37=glmm,0.2375195154531078,0.5623452965483007,53,16,176
birdmae_base,PHYCUV,INCT17,0,1,1,11,lda_shrunk,0.3267064184940186,0.6187288440595536,53,16,176
birdmae_base,PHYCUV,INCT17,0,1,1,11,logistic+R20,0.2578160535656518,0.5940992984277644,53,16,176
birdmae_base,PHYCUV,INCT17,0,1,1,11,prototype,0.0404518659780925,0.1393900376754748,53,16,176
birdmae_base,PHYCUV,INCT17,0,2,2,21,logistic,0.3359985982814685,0.6503152134922584,53,16,176
birdmae_base,PHYCUV,INCT17,0,2,2,21,logistic+R37=glmm,0.2878188446639387,0.6033831239954287,53,16,176
birdmae_base,PHYCUV,INCT17,0,2,2,21,lda_shrunk,0.3504065738380231,0.670575294610221,53,16,176
birdmae_base,PHYCUV,INCT17,0,2,2,21,logistic+R20,0.3473858186144421,0.7128256855544226,53,16,176
birdmae_base,PHYCUV,INCT17,0,2,2,21,prototype,0.0406228124049701,0.139385685916232,53,16,176
birdmae_base,PHYCUV,INCT17,0,5,5,53,logistic,0.3314469791482425,0.6070276646855047,53,16,176
birdmae_base,PHYCUV,INCT17,0,5,5,53,logistic+R37=glmm,0.2715909813672362,0.5806335105925249,53,16,176
birdmae_base,PHYCUV,INCT17,0,5,5,53,lda_shrunk,0.4784770949933561,0.7733509648031707,53,16,176
birdmae_base,PHYCUV,INCT17,0,5,5,53,logistic+R20,0.3485849839190224,0.6900155243386794,53,16,176
birdmae_base,PHYCUV,INCT17,0,5,5,53,prototype,0.0409403501524183,0.1388367822827677,53,16,176
birdmae_base,PHYCUV,INCT17,0,10,10,106,logistic,0.375719389827786,0.6680566651345049,53,16,176
birdmae_base,PHYCUV,INCT17,0,10,10,106,logistic+R37=glmm,0.3074657504749806,0.5786613319428989,53,16,176
birdmae_base,PHYCUV,INCT17,0,10,10,106,lda_shrunk,0.5163490308772403,0.7788996862811518,53,16,176
birdmae_base,PHYCUV,INCT17,0,10,10,106,logistic+R20,0.3772084433424937,0.7019109049909827,53,16,176
birdmae_base,PHYCUV,INCT17,0,10,10,106,prototype,0.0410907861401684,0.139074375644277,53,16,176
birdmae_base,PHYCUV,INCT17,0,20,20,212,logistic,0.4439538541005024,0.7887287003455481,53,16,176
birdmae_base,PHYCUV,INCT17,0,20,20,212,logistic+R37=glmm,0.4045169680891934,0.7640241261798465,53,16,176
birdmae_base,PHYCUV,INCT17,0,20,20,212,lda_shrunk,0.5511161226803339,0.8127243242868243,53,16,176
birdmae_base,PHYCUV,INCT17,0,20,20,212,logistic+R20,0.4334122037104753,0.7978985845154323,53,16,176
birdmae_base,PHYCUV,INCT17,0,20,20,212,prototype,0.0410009306960658,0.1376776076731949,53,16,176
birdmae_base,PHYCUV,INCT17,0,-1,15,159,logistic,0.4439538541005024,0.7887287003455481,53,16,176
birdmae_base,PHYCUV,INCT17,0,-1,15,159,logistic+R37=glmm,0.4045169680891934,0.7640241261798465,53,16,176
birdmae_base,PHYCUV,INCT17,0,-1,15,159,lda_shrunk,0.5511161226803339,0.8127243242868243,53,16,176
birdmae_base,PHYCUV,INCT17,0,-1,15,159,logistic+R20,0.4334122037104753,0.7978985845154323,53,16,176
birdmae_base,PHYCUV,INCT17,0,-1,15,159,prototype,0.0410009306960658,0.1376776076731949,53,16,176
birdmae_base,PHYCUV,INCT17,1,0,0,0,logistic,0.1633925507489303,0.4107305796780811,56,16,176
birdmae_base,PHYCUV,INCT17,1,0,0,0,logistic+R37=glmm,0.1657354244899861,0.4033103681624591,56,16,176
birdmae_base,PHYCUV,INCT17,1,0,0,0,lda_shrunk,0.3073309965502903,0.587161990378902,56,16,176
birdmae_base,PHYCUV,INCT17,1,0,0,0,logistic+R20,0.1557077446993519,0.3797668603544962,56,16,176
birdmae_base,PHYCUV,INCT17,1,0,0,0,prototype,0.0446793905955336,0.129668233021843,56,16,176
birdmae_base,PHYCUV,INCT17,1,1,1,11,logistic,0.2314563265551697,0.5311176258908872,56,16,176
birdmae_base,PHYCUV,INCT17,1,1,1,11,logistic+R37=glmm,0.2402411755071066,0.5490890186202685,56,16,176
birdmae_base,PHYCUV,INCT17,1,1,1,11,lda_shrunk,0.3954270873005054,0.7039139567353535,56,16,176
birdmae_base,PHYCUV,INCT17,1,1,1,11,logistic+R20,0.236896699421161,0.544041151689178,56,16,176
birdmae_base,PHYCUV,INCT17,1,1,1,11,prototype,0.0450256076082642,0.1307532520908085,56,16,176
birdmae_base,PHYCUV,INCT17,1,2,2,21,logistic,0.2398479520508075,0.5425408272283272,56,16,176
birdmae_base,PHYCUV,INCT17,1,2,2,21,logistic+R37=glmm,0.2481369617223553,0.5608955582064135,56,16,176
birdmae_base,PHYCUV,INCT17,1,2,2,21,lda_shrunk,0.4166747012880066,0.7312949735875813,56,16,176
birdmae_base,PHYCUV,INCT17,1,2,2,21,logistic+R20,0.2529852532636219,0.5689105882040665,56,16,176
birdmae_base,PHYCUV,INCT17,1,2,2,21,prototype,0.0451292816159936,0.1313232410566042,56,16,176
birdmae_base,PHYCUV,INCT17,1,5,5,53,logistic,0.3713815065279731,0.7163609674639086,56,16,176
birdmae_base,PHYCUV,INCT17,1,5,5,53,logistic+R37=glmm,0.3189908140346654,0.6635460001392388,56,16,176
birdmae_base,PHYCUV,INCT17,1,5,5,53,lda_shrunk,0.559587954471521,0.8277428657943364,56,16,176
birdmae_base,PHYCUV,INCT17,1,5,5,53,logistic+R20,0.3373877392245986,0.6957271691614721,56,16,176
birdmae_base,PHYCUV,INCT17,1,5,5,53,prototype,0.0456905639054342,0.1319326104648316,56,16,176
birdmae_base,PHYCUV,INCT17,1,10,10,106,logistic,0.3871886504056267,0.6842734084558151,56,16,176
birdmae_base,PHYCUV,INCT17,1,10,10,106,logistic+R37=glmm,0.3501197089332761,0.6575366907739302,56,16,176
birdmae_base,PHYCUV,INCT17,1,10,10,106,lda_shrunk,0.6191383491112377,0.833298421349892,56,16,176
birdmae_base,PHYCUV,INCT17,1,10,10,106,logistic+R20,0.3566938940443616,0.6697356624069085,56,16,176
birdmae_base,PHYCUV,INCT17,1,10,10,106,prototype,0.045721732673284,0.1333767382224921,56,16,176
birdmae_base,PHYCUV,INCT17,1,20,20,212,logistic,0.4422782828243786,0.746804410866911,56,16,176
birdmae_base,PHYCUV,INCT17,1,20,20,212,logistic+R37=glmm,0.420285948082693,0.7396195560258061,56,16,176
birdmae_base,PHYCUV,INCT17,1,20,20,212,lda_shrunk,0.6329219518126528,0.8371674689689396,56,16,176
birdmae_base,PHYCUV,INCT17,1,20,20,212,logistic+R20,0.421075262751847,0.7282012946344844,56,16,176
birdmae_base,PHYCUV,INCT17,1,20,20,212,prototype,0.0467038469813969,0.135408049851247,56,16,176
birdmae_base,PHYCUV,INCT17,1,-1,15,159,logistic,0.4422782828243786,0.746804410866911,56,16,176
birdmae_base,PHYCUV,INCT17,1,-1,15,159,logistic+R37=glmm,0.420285948082693,0.7396195560258061,56,16,176
birdmae_base,PHYCUV,INCT17,1,-1,15,159,lda_shrunk,0.6329219518126528,0.8371674689689396,56,16,176
birdmae_base,PHYCUV,INCT17,1,-1,15,159,logistic+R20,0.421075262751847,0.7282012946344844,56,16,176
birdmae_base,PHYCUV,INCT17,1,-1,15,159,prototype,0.0467038469813969,0.135408049851247,56,16,176
birdmae_base,PHYCUV,INCT20955,0,0,0,0,logistic,0.4777604480366951,0.6720177579082606,167,39,227
birdmae_base,PHYCUV,INCT20955,0,0,0,0,logistic+R37=glmm,0.4407666372719829,0.6427312430693032,167,39,227
birdmae_base,PHYCUV,INCT20955,0,0,0,0,lda_shrunk,0.5546863442514792,0.7018604138644242,167,39,227
birdmae_base,PHYCUV,INCT20955,0,0,0,0,logistic+R20,0.4269128803456979,0.5854879340426465,167,39,227
birdmae_base,PHYCUV,INCT20955,0,0,0,0,prototype,0.1920640060798016,0.346815495910892,167,39,227
birdmae_base,PHYCUV,INCT20955,0,1,1,5,logistic,0.4991019643299759,0.6949758622250087,167,39,227
birdmae_base,PHYCUV,INCT20955,0,1,1,5,logistic+R37=glmm,0.4641375421599193,0.6675678599905289,167,39,227
birdmae_base,PHYCUV,INCT20955,0,1,1,5,lda_shrunk,0.6063530903104708,0.7543191399982642,167,39,227
birdmae_base,PHYCUV,INCT20955,0,1,1,5,logistic+R20,0.457182686214126,0.6249048436260959,167,39,227
birdmae_base,PHYCUV,INCT20955,0,1,1,5,prototype,0.1949754768600397,0.351123093583306,167,39,227
birdmae_base,PHYCUV,INCT20955,0,2,2,10,logistic,0.4870625300158729,0.6971233092586125,167,39,227
birdmae_base,PHYCUV,INCT20955,0,2,2,10,logistic+R37=glmm,0.459087544464568,0.6687744034388784,167,39,227
birdmae_base,PHYCUV,INCT20955,0,2,2,10,lda_shrunk,0.5938746773915741,0.7444787469308258,167,39,227
birdmae_base,PHYCUV,INCT20955,0,2,2,10,logistic+R20,0.4549623129833932,0.6245133293717577,167,39,227
birdmae_base,PHYCUV,INCT20955,0,2,2,10,prototype,0.1999927264320667,0.3567521190728756,167,39,227
birdmae_base,PHYCUV,INCT20955,0,5,5,25,logistic,0.5182066861037288,0.7331432907196045,167,39,227
birdmae_base,PHYCUV,INCT20955,0,5,5,25,logistic+R37=glmm,0.4926533286230843,0.6904266039230488,167,39,227
birdmae_base,PHYCUV,INCT20955,0,5,5,25,lda_shrunk,0.5909309497778877,0.7392152283350613,167,39,227
birdmae_base,PHYCUV,INCT20955,0,5,5,25,logistic+R20,0.4872445454830647,0.659153045827175,167,39,227
birdmae_base,PHYCUV,INCT20955,0,5,5,25,prototype,0.2118519382306399,0.36844140641751,167,39,227
birdmae_base,PHYCUV,INCT20955,0,10,10,49,logistic,0.5250647175294191,0.7292218028237211,167,39,227
birdmae_base,PHYCUV,INCT20955,0,10,10,49,logistic+R37=glmm,0.5016014633485267,0.6932342759091181,167,39,227
birdmae_base,PHYCUV,INCT20955,0,10,10,49,lda_shrunk,0.6884325763013485,0.843421649682392,167,39,227
birdmae_base,PHYCUV,INCT20955,0,10,10,49,logistic+R20,0.5023691652653789,0.6754188769152362,167,39,227
birdmae_base,PHYCUV,INCT20955,0,10,10,49,prototype,0.2428995857178717,0.4027090230721144,167,39,227
birdmae_base,PHYCUV,INCT20955,0,20,20,98,logistic,0.6439178511893071,0.8132854770774248,167,39,227
birdmae_base,PHYCUV,INCT20955,0,20,20,98,logistic+R37=glmm,0.630434153003337,0.8063194050003564,167,39,227
birdmae_base,PHYCUV,INCT20955,0,20,20,98,lda_shrunk,0.780546005798175,0.9282366182053255,167,39,227
birdmae_base,PHYCUV,INCT20955,0,20,20,98,logistic+R20,0.6522472483147672,0.7905963140869493,167,39,227
birdmae_base,PHYCUV,INCT20955,0,20,20,98,prototype,0.3211264820319194,0.5190755097194681,167,39,227
birdmae_base,PHYCUV,INCT20955,0,-1,38,187,logistic,0.6961311600834555,0.8515501234941998,167,39,227
birdmae_base,PHYCUV,INCT20955,0,-1,38,187,logistic+R37=glmm,0.6759204376635723,0.8379116643697747,167,39,227
birdmae_base,PHYCUV,INCT20955,0,-1,38,187,lda_shrunk,0.8281698995282931,0.9596364995798012,167,39,227
birdmae_base,PHYCUV,INCT20955,0,-1,38,187,logistic+R20,0.7172997037229979,0.8506608839467894,167,39,227
birdmae_base,PHYCUV,INCT20955,0,-1,38,187,prototype,0.3432015014704009,0.6465176525370092,167,39,227
birdmae_base,PHYCUV,INCT20955,1,0,0,0,logistic,0.5130412509969331,0.6330366120257374,193,39,227
birdmae_base,PHYCUV,INCT20955,1,0,0,0,logistic+R37=glmm,0.4746309637048899,0.608898452749788,193,39,227
birdmae_base,PHYCUV,INCT20955,1,0,0,0,lda_shrunk,0.6056528914518842,0.7124954869955119,193,39,227
birdmae_base,PHYCUV,INCT20955,1,0,0,0,logistic+R20,0.4360395736181832,0.5565684226525415,193,39,227
birdmae_base,PHYCUV,INCT20955,1,0,0,0,prototype,0.2879158458625779,0.4205027756339506,193,39,227
birdmae_base,PHYCUV,INCT20955,1,1,1,5,logistic,0.5286415330864317,0.6404669041748566,193,39,227
birdmae_base,PHYCUV,INCT20955,1,1,1,5,logistic+R37=glmm,0.4953302565576293,0.6146922112874401,193,39,227
birdmae_base,PHYCUV,INCT20955,1,1,1,5,lda_shrunk,0.6290335761051125,0.7334418284445796,193,39,227
birdmae_base,PHYCUV,INCT20955,1,1,1,5,logistic+R20,0.465231802559106,0.5784164864468591,193,39,227
birdmae_base,PHYCUV,INCT20955,1,1,1,5,prototype,0.3012602596628885,0.4291424775334901,193,39,227
birdmae_base,PHYCUV,INCT20955,1,2,2,10,logistic,0.5378954359548483,0.6591804063691888,193,39,227
birdmae_base,PHYCUV,INCT20955,1,2,2,10,logistic+R37=glmm,0.4946717815253178,0.61065084095206,193,39,227
birdmae_base,PHYCUV,INCT20955,1,2,2,10,lda_shrunk,0.5793466922211625,0.7087308893312221,193,39,227
birdmae_base,PHYCUV,INCT20955,1,2,2,10,logistic+R20,0.4650663008930885,0.5806594379487005,193,39,227
birdmae_base,PHYCUV,INCT20955,1,2,2,10,prototype,0.3044289434979871,0.4315556392171776,193,39,227
birdmae_base,PHYCUV,INCT20955,1,5,5,25,logistic,0.6613647680323558,0.7434962788133949,193,39,227
birdmae_base,PHYCUV,INCT20955,1,5,5,25,logistic+R37=glmm,0.5948282434197116,0.6920193391820617,193,39,227
birdmae_base,PHYCUV,INCT20955,1,5,5,25,lda_shrunk,0.8069631456773354,0.8416405114717115,193,39,227
birdmae_base,PHYCUV,INCT20955,1,5,5,25,logistic+R20,0.6000500323071973,0.6708025389450158,193,39,227
birdmae_base,PHYCUV,INCT20955,1,5,5,25,prototype,0.3530797838668684,0.4643887685669854,193,39,227
birdmae_base,PHYCUV,INCT20955,1,10,10,49,logistic,0.7107787171064652,0.7771635474118757,193,39,227
birdmae_base,PHYCUV,INCT20955,1,10,10,49,logistic+R37=glmm,0.6496333020561961,0.7452448111934136,193,39,227
birdmae_base,PHYCUV,INCT20955,1,10,10,49,lda_shrunk,0.8380416369975283,0.8699272189183631,193,39,227
birdmae_base,PHYCUV,INCT20955,1,10,10,49,logistic+R20,0.6830803834997345,0.7368059632684805,193,39,227
birdmae_base,PHYCUV,INCT20955,1,10,10,49,prototype,0.4044033353319898,0.5228075736777421,193,39,227
birdmae_base,PHYCUV,INCT20955,1,20,20,98,logistic,0.7899429022460761,0.8298420176945811,193,39,227
birdmae_base,PHYCUV,INCT20955,1,20,20,98,logistic+R37=glmm,0.7621393570820273,0.8194155014355166,193,39,227
birdmae_base,PHYCUV,INCT20955,1,20,20,98,lda_shrunk,0.874853147660573,0.9280081125771746,193,39,227
birdmae_base,PHYCUV,INCT20955,1,20,20,98,logistic+R20,0.7969954584630742,0.8318844325772149,193,39,227
birdmae_base,PHYCUV,INCT20955,1,20,20,98,prototype,0.4442655378891683,0.6247157217716766,193,39,227
birdmae_base,PHYCUV,INCT20955,1,-1,38,187,logistic,0.7998782117280646,0.8595294137382369,193,39,227
birdmae_base,PHYCUV,INCT20955,1,-1,38,187,logistic+R37=glmm,0.7823229595021971,0.8491417068462918,193,39,227
birdmae_base,PHYCUV,INCT20955,1,-1,38,187,lda_shrunk,0.8871916345739685,0.9584838438100186,193,39,227
birdmae_base,PHYCUV,INCT20955,1,-1,38,187,logistic+R20,0.8182680951015865,0.8627269068842156,193,39,227
birdmae_base,PHYCUV,INCT20955,1,-1,38,187,prototype,0.419408417423722,0.6450772453753711,193,39,227
birdmae_base,PHYCUV,INCT41,0,0,0,0,logistic,0.5627718106391753,0.6437430904771966,262,38,180
birdmae_base,PHYCUV,INCT41,0,0,0,0,logistic+R37=glmm,0.5735139028236423,0.6533315930091307,262,38,180
birdmae_base,PHYCUV,INCT41,0,0,0,0,lda_shrunk,0.7755006545101348,0.7845248378054491,262,38,180
birdmae_base,PHYCUV,INCT41,0,0,0,0,logistic+R20,0.5675637316807716,0.6397521282393044,262,38,180
birdmae_base,PHYCUV,INCT41,0,0,0,0,prototype,0.2785789104803389,0.374450599453511,262,38,180
birdmae_base,PHYCUV,INCT41,0,1,1,4,logistic,0.5646838621391731,0.6476614530289666,262,38,180
birdmae_base,PHYCUV,INCT41,0,1,1,4,logistic+R37=glmm,0.5749977016225606,0.6568697365002505,262,38,180
birdmae_base,PHYCUV,INCT41,0,1,1,4,lda_shrunk,0.7734422647288225,0.7833872655215466,262,38,180
birdmae_base,PHYCUV,INCT41,0,1,1,4,logistic+R20,0.5678955216262627,0.6373160647703082,262,38,180
birdmae_base,PHYCUV,INCT41,0,1,1,4,prototype,0.2793382686525619,0.3733981119542575,262,38,180
birdmae_base,PHYCUV,INCT41,0,2,2,7,logistic,0.5814513650539809,0.6923674685794201,262,38,180
birdmae_base,PHYCUV,INCT41,0,2,2,7,logistic+R37=glmm,0.6110492930391279,0.7016134022152354,262,38,180
birdmae_base,PHYCUV,INCT41,0,2,2,7,lda_shrunk,0.7809324460879535,0.7983197391340975,262,38,180
birdmae_base,PHYCUV,INCT41,0,2,2,7,logistic+R20,0.5779134653200507,0.6561997515977683,262,38,180
birdmae_base,PHYCUV,INCT41,0,2,2,7,prototype,0.2793932283486372,0.3704561138190891,262,38,180
birdmae_base,PHYCUV,INCT41,0,5,5,19,logistic,0.7159181000400934,0.7723693890609498,262,38,180
birdmae_base,PHYCUV,INCT41,0,5,5,19,logistic+R37=glmm,0.7133721115439878,0.7612485372598552,262,38,180
birdmae_base,PHYCUV,INCT41,0,5,5,19,lda_shrunk,0.8124044355608221,0.8159122258107155,262,38,180
birdmae_base,PHYCUV,INCT41,0,5,5,19,logistic+R20,0.6965954225333808,0.7518636845055413,262,38,180
birdmae_base,PHYCUV,INCT41,0,5,5,19,prototype,0.2875276278864024,0.3773070731646906,262,38,180
birdmae_base,PHYCUV,INCT41,0,10,10,37,logistic,0.7646942414421352,0.8131445494181303,262,38,180
birdmae_base,PHYCUV,INCT41,0,10,10,37,logistic+R37=glmm,0.7463542844764354,0.7862161101238069,262,38,180
birdmae_base,PHYCUV,INCT41,0,10,10,37,lda_shrunk,0.8514139978545621,0.865187405766927,262,38,180
birdmae_base,PHYCUV,INCT41,0,10,10,37,logistic+R20,0.7729682744368316,0.8068669946668038,262,38,180
birdmae_base,PHYCUV,INCT41,0,10,10,37,prototype,0.3127315703171506,0.4003791792510771,262,38,180
birdmae_base,PHYCUV,INCT41,0,20,20,75,logistic,0.8087011039808866,0.8562649001026408,262,38,180
birdmae_base,PHYCUV,INCT41,0,20,20,75,logistic+R37=glmm,0.8055430161176909,0.844810028953572,262,38,180
birdmae_base,PHYCUV,INCT41,0,20,20,75,lda_shrunk,0.8766986671936026,0.8928872407355737,262,38,180
birdmae_base,PHYCUV,INCT41,0,20,20,75,logistic+R20,0.8223250931626339,0.849124887584467,262,38,180
birdmae_base,PHYCUV,INCT41,0,20,20,75,prototype,0.3538539728775199,0.4314158885388343,262,38,180
birdmae_base,PHYCUV,INCT41,0,-1,38,142,logistic,0.8219791268731187,0.8584097885763983,262,38,180
birdmae_base,PHYCUV,INCT41,0,-1,38,142,logistic+R37=glmm,0.8217439274671586,0.8641662017378727,262,38,180
birdmae_base,PHYCUV,INCT41,0,-1,38,142,lda_shrunk,0.9040030065284832,0.9172531414372154,262,38,180
birdmae_base,PHYCUV,INCT41,0,-1,38,142,logistic+R20,0.8313909677425302,0.8628357619039162,262,38,180
birdmae_base,PHYCUV,INCT41,0,-1,38,142,prototype,0.4338455428862678,0.4844574105329698,262,38,180
birdmae_base,PHYCUV,INCT41,1,0,0,0,logistic,0.6303215208423254,0.6848573225194187,269,38,180
birdmae_base,PHYCUV,INCT41,1,0,0,0,logistic+R37=glmm,0.635963317011998,0.6924924544311554,269,38,180
birdmae_base,PHYCUV,INCT41,1,0,0,0,lda_shrunk,0.8247172107044146,0.8992736157566358,269,38,180
birdmae_base,PHYCUV,INCT41,1,0,0,0,logistic+R20,0.6349916261150672,0.6760648637828394,269,38,180
birdmae_base,PHYCUV,INCT41,1,0,0,0,prototype,0.307332075418279,0.3716770048401684,269,38,180
birdmae_base,PHYCUV,INCT41,1,1,1,4,logistic,0.6772314294873831,0.7298115885869296,269,38,180
birdmae_base,PHYCUV,INCT41,1,1,1,4,logistic+R37=glmm,0.6828115912265124,0.7347100909204711,269,38,180
birdmae_base,PHYCUV,INCT41,1,1,1,4,lda_shrunk,0.8604581578432692,0.9046777032503188,269,38,180
birdmae_base,PHYCUV,INCT41,1,1,1,4,logistic+R20,0.6806231122619181,0.7128492070456388,269,38,180
birdmae_base,PHYCUV,INCT41,1,1,1,4,prototype,0.3115482323648317,0.3739972142738156,269,38,180
birdmae_base,PHYCUV,INCT41,1,2,2,7,logistic,0.7401438098364774,0.7857281301589647,269,38,180
birdmae_base,PHYCUV,INCT41,1,2,2,7,logistic+R37=glmm,0.7417032841054564,0.7912852080047823,269,38,180
birdmae_base,PHYCUV,INCT41,1,2,2,7,lda_shrunk,0.8799419971802562,0.9248990134924324,269,38,180
birdmae_base,PHYCUV,INCT41,1,2,2,7,logistic+R20,0.7437715419169558,0.7767656510740425,269,38,180
birdmae_base,PHYCUV,INCT41,1,2,2,7,prototype,0.3150959631232858,0.3771134384363532,269,38,180
birdmae_base,PHYCUV,INCT41,1,5,5,19,logistic,0.7478274421516531,0.7926811847607185,269,38,180
birdmae_base,PHYCUV,INCT41,1,5,5,19,logistic+R37=glmm,0.7509103551923352,0.7923758624349603,269,38,180
birdmae_base,PHYCUV,INCT41,1,5,5,19,lda_shrunk,0.8870094385938111,0.911187698429164,269,38,180
birdmae_base,PHYCUV,INCT41,1,5,5,19,logistic+R20,0.7494396699853569,0.7801948673962157,269,38,180
birdmae_base,PHYCUV,INCT41,1,5,5,19,prototype,0.3255403588735812,0.3872543275369967,269,38,180
birdmae_base,PHYCUV,INCT41,1,10,10,37,logistic,0.8056271206340747,0.864045234934931,269,38,180
birdmae_base,PHYCUV,INCT41,1,10,10,37,logistic+R37=glmm,0.806001643505822,0.8592256241522523,269,38,180
birdmae_base,PHYCUV,INCT41,1,10,10,37,lda_shrunk,0.9009217566535412,0.9320355846782024,269,38,180
birdmae_base,PHYCUV,INCT41,1,10,10,37,logistic+R20,0.8036503925655527,0.8576334290684312,269,38,180
birdmae_base,PHYCUV,INCT41,1,10,10,37,prototype,0.3383951330090246,0.4044460959461664,269,38,180
birdmae_base,PHYCUV,INCT41,1,20,20,75,logistic,0.8566000684106305,0.9006706084720968,269,38,180
birdmae_base,PHYCUV,INCT41,1,20,20,75,logistic+R37=glmm,0.8517719011065188,0.8979320620441819,269,38,180
birdmae_base,PHYCUV,INCT41,1,20,20,75,lda_shrunk,0.9133085467443764,0.9413774924370716,269,38,180
birdmae_base,PHYCUV,INCT41,1,20,20,75,logistic+R20,0.8569298663669752,0.9011947656209184,269,38,180
birdmae_base,PHYCUV,INCT41,1,20,20,75,prototype,0.4074359577257995,0.4797289410462814,269,38,180
birdmae_base,PHYCUV,INCT41,1,-1,38,142,logistic,0.886265438396568,0.925703094369747,269,38,180
birdmae_base,PHYCUV,INCT41,1,-1,38,142,logistic+R37=glmm,0.8814470355963159,0.9153680888983174,269,38,180
birdmae_base,PHYCUV,INCT41,1,-1,38,142,lda_shrunk,0.9318028964936343,0.9636775870970102,269,38,180
birdmae_base,PHYCUV,INCT41,1,-1,38,142,logistic+R20,0.8870953636700781,0.918302645996488,269,38,180
birdmae_base,PHYCUV,INCT41,1,-1,38,142,prototype,0.4649767185310227,0.5227005265721394,269,38,180
birdmae_base,PITAZU,INCT17,0,0,0,0,logistic,0.3917926669601483,0.5169415775558015,730,89,164
birdmae_base,PITAZU,INCT17,0,0,0,0,logistic+R37=glmm,0.4204134345317011,0.534465252009848,730,89,164
birdmae_base,PITAZU,INCT17,0,0,0,0,lda_shrunk,0.5715337546274359,0.7430056762554627,730,89,164
birdmae_base,PITAZU,INCT17,0,0,0,0,logistic+R20,0.4568268059573078,0.5594453479944759,730,89,164
birdmae_base,PITAZU,INCT17,0,0,0,0,prototype,0.3019616632898222,0.4379634551577563,730,89,164
birdmae_base,PITAZU,INCT17,0,1,1,1,logistic,0.5573234652988358,0.6845126075696621,730,89,164
birdmae_base,PITAZU,INCT17,0,1,1,1,logistic+R37=glmm,0.5011542201458986,0.6377173681082444,730,89,164
birdmae_base,PITAZU,INCT17,0,1,1,1,lda_shrunk,0.6497581053938988,0.823936441004431,730,89,164
birdmae_base,PITAZU,INCT17,0,1,1,1,logistic+R20,0.59841826974295,0.7266822166202138,730,89,164
birdmae_base,PITAZU,INCT17,0,1,1,1,prototype,0.4652784497971875,0.6051677190855806,730,89,164
birdmae_base,PITAZU,INCT17,0,2,2,2,logistic,0.6297936111197523,0.7232888166114191,730,89,164
birdmae_base,PITAZU,INCT17,0,2,2,2,logistic+R37=glmm,0.5217329183373207,0.6501661069562568,730,89,164
birdmae_base,PITAZU,INCT17,0,2,2,2,lda_shrunk,0.7533663559537038,0.8752466813859135,730,89,164
birdmae_base,PITAZU,INCT17,0,2,2,2,logistic+R20,0.598233448509439,0.7154697851554611,730,89,164
birdmae_base,PITAZU,INCT17,0,2,2,2,prototype,0.5844461775879253,0.6999152479787298,730,89,164
birdmae_base,PITAZU,INCT17,0,5,5,4,logistic,0.7532192339043412,0.8624178052939827,730,89,164
birdmae_base,PITAZU,INCT17,0,5,5,4,logistic+R37=glmm,0.6823678645372664,0.8092340070293154,730,89,164
birdmae_base,PITAZU,INCT17,0,5,5,4,lda_shrunk,0.7918041565112689,0.8970206733003969,730,89,164
birdmae_base,PITAZU,INCT17,0,5,5,4,logistic+R20,0.7856753168487641,0.8768248449365827,730,89,164
birdmae_base,PITAZU,INCT17,0,5,5,4,prototype,0.5988556394253394,0.7523703150965402,730,89,164
birdmae_base,PITAZU,INCT17,0,10,10,8,logistic,0.7801302181851892,0.8823847066975172,730,89,164
birdmae_base,PITAZU,INCT17,0,10,10,8,logistic+R37=glmm,0.7669881817097052,0.8885124452260961,730,89,164
birdmae_base,PITAZU,INCT17,0,10,10,8,lda_shrunk,0.7897413630389851,0.8949619684072821,730,89,164
birdmae_base,PITAZU,INCT17,0,10,10,8,logistic+R20,0.8079496598251954,0.8945598372726622,730,89,164
birdmae_base,PITAZU,INCT17,0,10,10,8,prototype,0.6016857021669931,0.7588686474741528,730,89,164
birdmae_base,PITAZU,INCT17,0,20,20,17,logistic,0.7794963718056812,0.8826839419681667,730,89,164
birdmae_base,PITAZU,INCT17,0,20,20,17,logistic+R37=glmm,0.7893097476390336,0.892346224296091,730,89,164
birdmae_base,PITAZU,INCT17,0,20,20,17,lda_shrunk,0.8084551339727899,0.9026661895984504,730,89,164
birdmae_base,PITAZU,INCT17,0,20,20,17,logistic+R20,0.8000753429151461,0.8840734285060364,730,89,164
birdmae_base,PITAZU,INCT17,0,20,20,17,prototype,0.5807243028465492,0.7426689288132674,730,89,164
birdmae_base,PITAZU,INCT17,0,-1,89,75,logistic,0.8893951499103865,0.948052834520177,730,89,164
birdmae_base,PITAZU,INCT17,0,-1,89,75,logistic+R37=glmm,0.8968304933768233,0.9561667969847216,730,89,164
birdmae_base,PITAZU,INCT17,0,-1,89,75,lda_shrunk,0.9037731521575174,0.9680911989684072,730,89,164
birdmae_base,PITAZU,INCT17,0,-1,89,75,logistic+R20,0.9010619389867628,0.955444015271958,730,89,164
birdmae_base,PITAZU,INCT17,0,-1,89,75,prototype,0.6251521867593469,0.7850740759082213,730,89,164
birdmae_base,PITAZU,INCT17,1,0,0,0,logistic,0.4220645381194529,0.563732999079615,740,89,164
birdmae_base,PITAZU,INCT17,1,0,0,0,logistic+R37=glmm,0.4739612512399511,0.5883007794178994,740,89,164
birdmae_base,PITAZU,INCT17,1,0,0,0,lda_shrunk,0.6345028914843347,0.8017476078477972,740,89,164
birdmae_base,PITAZU,INCT17,1,0,0,0,logistic+R20,0.5011209893243754,0.6098726155771519,740,89,164
birdmae_base,PITAZU,INCT17,1,0,0,0,prototype,0.3056806902012566,0.4599805869440539,740,89,164
birdmae_base,PITAZU,INCT17,1,1,1,1,logistic,0.4826175871294949,0.6052144702008029,740,89,164
birdmae_base,PITAZU,INCT17,1,1,1,1,logistic+R37=glmm,0.5209048604969896,0.623123059379321,740,89,164
birdmae_base,PITAZU,INCT17,1,1,1,1,lda_shrunk,0.5128575163147082,0.7031562158499114,740,89,164
birdmae_base,PITAZU,INCT17,1,1,1,1,logistic+R20,0.5285307872824492,0.6449034480756364,740,89,164
birdmae_base,PITAZU,INCT17,1,1,1,1,prototype,0.3433188102328751,0.485187985280506,740,89,164
birdmae_base,PITAZU,INCT17,1,2,2,2,logistic,0.4605686965291825,0.6045003782233322,740,89,164
birdmae_base,PITAZU,INCT17,1,2,2,2,logistic+R37=glmm,0.5358520062110488,0.6722543663974317,740,89,164
birdmae_base,PITAZU,INCT17,1,2,2,2,lda_shrunk,0.5687170584075769,0.7278285358649176,740,89,164
birdmae_base,PITAZU,INCT17,1,2,2,2,logistic+R20,0.5587336737746869,0.6572512452668708,740,89,164
birdmae_base,PITAZU,INCT17,1,2,2,2,prototype,0.4094150224857991,0.5727315898377343,740,89,164
birdmae_base,PITAZU,INCT17,1,5,5,4,logistic,0.6050577500326997,0.7301753443650263,740,89,164
birdmae_base,PITAZU,INCT17,1,5,5,4,logistic+R37=glmm,0.6383379406248062,0.7629034935856375,740,89,164
birdmae_base,PITAZU,INCT17,1,5,5,4,lda_shrunk,0.7318249305720864,0.8460395276270956,740,89,164
birdmae_base,PITAZU,INCT17,1,5,5,4,logistic+R20,0.6158786624133243,0.7342512553781062,740,89,164
birdmae_base,PITAZU,INCT17,1,5,5,4,prototype,0.4827839689550484,0.6649398095566703,740,89,164
birdmae_base,PITAZU,INCT17,1,10,10,8,logistic,0.7106784158315683,0.8206787780824804,740,89,164
birdmae_base,PITAZU,INCT17,1,10,10,8,logistic+R37=glmm,0.7308026495344841,0.8348258444066953,740,89,164
birdmae_base,PITAZU,INCT17,1,10,10,8,lda_shrunk,0.8153126864878555,0.8854618727601224,740,89,164
birdmae_base,PITAZU,INCT17,1,10,10,8,logistic+R20,0.7567091125090235,0.8452882035403249,740,89,164
birdmae_base,PITAZU,INCT17,1,10,10,8,prototype,0.5187701331708329,0.700871072815574,740,89,164
birdmae_base,PITAZU,INCT17,1,20,20,17,logistic,0.8351130907076423,0.9266939479087724,740,89,164
birdmae_base,PITAZU,INCT17,1,20,20,17,logistic+R37=glmm,0.8450663971531135,0.9343409623176534,740,89,164
birdmae_base,PITAZU,INCT17,1,20,20,17,lda_shrunk,0.8788355781925477,0.9256483564434156,740,89,164
birdmae_base,PITAZU,INCT17,1,20,20,17,logistic+R20,0.8635956534373019,0.9291836396880152,740,89,164
birdmae_base,PITAZU,INCT17,1,20,20,17,prototype,0.5249622213428773,0.7073464107850187,740,89,164
birdmae_base,PITAZU,INCT17,1,-1,89,75,logistic,0.8869687285633945,0.9489032341579484,740,89,164
birdmae_base,PITAZU,INCT17,1,-1,89,75,logistic+R37=glmm,0.8943499639469062,0.954423812991569,740,89,164
birdmae_base,PITAZU,INCT17,1,-1,89,75,lda_shrunk,0.937536501469512,0.966714994204516,740,89,164
birdmae_base,PITAZU,INCT17,1,-1,89,75,logistic+R20,0.9004633692682509,0.9560885984405886,740,89,164
birdmae_base,PITAZU,INCT17,1,-1,89,75,prototype,0.5520892398326702,0.7340139236660486,740,89,164
birdnet,BOAFAB,INCT20955,0,0,0,0,logistic,0.9759814850478672,0.9808740563972208,917,53,232
birdnet,BOAFAB,INCT20955,0,0,0,0,logistic+R37=glmm,0.976001499299773,0.98147118645563,917,53,232
birdnet,BOAFAB,INCT20955,0,0,0,0,lda_shrunk,0.955595917932701,0.9538238685940014,917,53,232
birdnet,BOAFAB,INCT20955,0,0,0,0,logistic+R20,0.9718865426381852,0.9814670200080312,917,53,232
birdnet,BOAFAB,INCT20955,0,0,0,0,prototype,0.9645770789693254,0.9873225792552376,917,53,232
birdnet,BOAFAB,INCT20955,0,1,1,3,logistic,0.9780636815014928,0.9823345499906724,917,53,232
birdnet,BOAFAB,INCT20955,0,1,1,3,logistic+R37=glmm,0.9790999732388492,0.9842117993020564,917,53,232
birdnet,BOAFAB,INCT20955,0,1,1,3,lda_shrunk,0.965772549662032,0.9611057334498252,917,53,232
birdnet,BOAFAB,INCT20955,0,1,1,3,logistic+R20,0.9756504840816856,0.9836640786321148,917,53,232
birdnet,BOAFAB,INCT20955,0,1,1,3,prototype,0.9652987083289278,0.9883102487505556,917,53,232
birdnet,BOAFAB,INCT20955,0,2,2,7,logistic,0.9785694163827212,0.9812538878906936,917,53,232
birdnet,BOAFAB,INCT20955,0,2,2,7,logistic+R37=glmm,0.9785387517777822,0.9834920314470604,917,53,232
birdnet,BOAFAB,INCT20955,0,2,2,7,lda_shrunk,0.9671175490408428,0.961098110639078,917,53,232
birdnet,BOAFAB,INCT20955,0,2,2,7,logistic+R20,0.9766503205420444,0.9843762454847824,917,53,232
birdnet,BOAFAB,INCT20955,0,2,2,7,prototype,0.9666045229371928,0.990049982478467,917,53,232
birdnet,BOAFAB,INCT20955,0,5,5,17,logistic,0.9772835937448264,0.9739589684121102,917,53,232
birdnet,BOAFAB,INCT20955,0,5,5,17,logistic+R37=glmm,0.9771578045610368,0.9731593789309269,917,53,232
birdnet,BOAFAB,INCT20955,0,5,5,17,lda_shrunk,0.9730567077032676,0.959452079463444,917,53,232
birdnet,BOAFAB,INCT20955,0,5,5,17,logistic+R20,0.9751389717531898,0.9732366993123672,917,53,232
birdnet,BOAFAB,INCT20955,0,5,5,17,prototype,0.968877182245038,0.9913058717676394,917,53,232
birdnet,BOAFAB,INCT20955,0,10,10,34,logistic,0.9806666140895376,0.9856625250721416,917,53,232
birdnet,BOAFAB,INCT20955,0,10,10,34,logistic+R37=glmm,0.9806229762743442,0.9837715639375294,917,53,232
birdnet,BOAFAB,INCT20955,0,10,10,34,lda_shrunk,0.9744156533409986,0.9782219496823104,917,53,232
birdnet,BOAFAB,INCT20955,0,10,10,34,logistic+R20,0.9760994038988002,0.9837944731705648,917,53,232
birdnet,BOAFAB,INCT20955,0,10,10,34,prototype,0.96969733476973,0.9920780725398402,917,53,232
birdnet,BOAFAB,INCT20955,0,20,20,68,logistic,0.9810234220357906,0.98512515902453,917,53,232
birdnet,BOAFAB,INCT20955,0,20,20,68,logistic+R37=glmm,0.9809363977834415,0.9845457738025936,917,53,232
birdnet,BOAFAB,INCT20955,0,20,20,68,lda_shrunk,0.9782583084351962,0.9781765063907484,917,53,232
birdnet,BOAFAB,INCT20955,0,20,20,68,logistic+R20,0.977593344464904,0.9856725552928084,917,53,232
birdnet,BOAFAB,INCT20955,0,20,20,68,prototype,0.9724398814120724,0.9925896650181494,917,53,232
birdnet,BOAFAB,INCT20955,0,-1,53,179,logistic,0.9840312507562002,0.9891065219304788,917,53,232
birdnet,BOAFAB,INCT20955,0,-1,53,179,logistic+R37=glmm,0.9840028612781402,0.9891065219304788,917,53,232
birdnet,BOAFAB,INCT20955,0,-1,53,179,lda_shrunk,0.9805951442325624,0.982887424282842,917,53,232
birdnet,BOAFAB,INCT20955,0,-1,53,179,logistic+R20,0.9817923010319664,0.9903729859629002,917,53,232
birdnet,BOAFAB,INCT20955,0,-1,53,179,prototype,0.9760026129254984,0.9915251871438086,917,53,232
birdnet,BOAFAB,INCT20955,1,0,0,0,logistic,0.963105156717028,0.978265776392362,886,53,232
birdnet,BOAFAB,INCT20955,1,0,0,0,logistic+R37=glmm,0.9630526165822568,0.9799464410949988,886,53,232
birdnet,BOAFAB,INCT20955,1,0,0,0,lda_shrunk,0.950425866273448,0.9746735156070592,886,53,232
birdnet,BOAFAB,INCT20955,1,0,0,0,logistic+R20,0.95452601568684,0.9714141124922794,886,53,232
birdnet,BOAFAB,INCT20955,1,0,0,0,prototype,0.9388068100754928,0.9602426335001508,886,53,232
birdnet,BOAFAB,INCT20955,1,1,1,3,logistic,0.965301748364276,0.9747748860873168,886,53,232
birdnet,BOAFAB,INCT20955,1,1,1,3,logistic+R37=glmm,0.9659078484508046,0.9785055552552844,886,53,232
birdnet,BOAFAB,INCT20955,1,1,1,3,lda_shrunk,0.9616094580068678,0.9783068058555612,886,53,232
birdnet,BOAFAB,INCT20955,1,1,1,3,logistic+R20,0.9593435479303404,0.9738718187250924,886,53,232
birdnet,BOAFAB,INCT20955,1,1,1,3,prototype,0.9408336660982932,0.961310627139916,886,53,232
birdnet,BOAFAB,INCT20955,1,2,2,7,logistic,0.9661477501060688,0.9732276017545402,886,53,232
birdnet,BOAFAB,INCT20955,1,2,2,7,logistic+R37=glmm,0.966585070931794,0.9777746322839757,886,53,232
birdnet,BOAFAB,INCT20955,1,2,2,7,lda_shrunk,0.963059128496491,0.975783752632912,886,53,232
birdnet,BOAFAB,INCT20955,1,2,2,7,logistic+R20,0.9614901204632336,0.9750908044236886,886,53,232
birdnet,BOAFAB,INCT20955,1,2,2,7,prototype,0.9429264284073038,0.9625051956459116,886,53,232
birdnet,BOAFAB,INCT20955,1,5,5,17,logistic,0.9667695497869856,0.9715125382142116,886,53,232
birdnet,BOAFAB,INCT20955,1,5,5,17,logistic+R37=glmm,0.9670825908060502,0.9761995380172545,886,53,232
birdnet,BOAFAB,INCT20955,1,5,5,17,lda_shrunk,0.963648199512175,0.973516840338237,886,53,232
birdnet,BOAFAB,INCT20955,1,5,5,17,logistic+R20,0.9637692286505908,0.9748127957002702,886,53,232
birdnet,BOAFAB,INCT20955,1,5,5,17,prototype,0.947961663697775,0.9663553776761324,886,53,232
birdnet,BOAFAB,INCT20955,1,10,10,34,logistic,0.964589007214603,0.969676746990475,886,53,232
birdnet,BOAFAB,INCT20955,1,10,10,34,logistic+R37=glmm,0.9628732593279588,0.9729596582113916,886,53,232
birdnet,BOAFAB,INCT20955,1,10,10,34,lda_shrunk,0.9608518020882808,0.970945635546393,886,53,232
birdnet,BOAFAB,INCT20955,1,10,10,34,logistic+R20,0.9560751598337796,0.9708582339765712,886,53,232
birdnet,BOAFAB,INCT20955,1,10,10,34,prototype,0.9489581720389224,0.9659945245205122,886,53,232
birdnet,BOAFAB,INCT20955,1,20,20,68,logistic,0.9654238618581644,0.9694467799223204,886,53,232
birdnet,BOAFAB,INCT20955,1,20,20,68,logistic+R37=glmm,0.96360707784822,0.972339284188666,886,53,232
birdnet,BOAFAB,INCT20955,1,20,20,68,lda_shrunk,0.9623490853958516,0.970110059960692,886,53,232
birdnet,BOAFAB,INCT20955,1,20,20,68,logistic+R20,0.9581651468394888,0.9711053215285272,886,53,232
birdnet,BOAFAB,INCT20955,1,20,20,68,prototype,0.9515604023239144,0.966779880381484,886,53,232
birdnet,BOAFAB,INCT20955,1,-1,53,179,logistic,0.9645371910834494,0.9703276052332656,886,53,232
birdnet,BOAFAB,INCT20955,1,-1,53,179,logistic+R37=glmm,0.9645208697545026,0.9703276052332656,886,53,232
birdnet,BOAFAB,INCT20955,1,-1,53,179,lda_shrunk,0.9626105226337704,0.9670826598988408,886,53,232
birdnet,BOAFAB,INCT20955,1,-1,53,179,logistic+R20,0.9602594692408924,0.9703957817165364,886,53,232
birdnet,BOAFAB,INCT20955,1,-1,53,179,prototype,0.9603216359910964,0.9681781245606202,886,53,232
birdnet,BOAFAB,INCT4,0,0,0,0,logistic,0.9484571009390044,0.9727759148634804,663,44,208
birdnet,BOAFAB,INCT4,0,0,0,0,logistic+R37=glmm,0.9485662195568108,0.9727759148634804,663,44,208
birdnet,BOAFAB,INCT4,0,0,0,0,lda_shrunk,0.9350725665353964,0.9578128576838764,663,44,208
birdnet,BOAFAB,INCT4,0,0,0,0,logistic+R20,0.9472364384241586,0.9731681440754268,663,44,208
birdnet,BOAFAB,INCT4,0,0,0,0,prototype,0.9657460978577588,0.9722598717351674,663,44,208
birdnet,BOAFAB,INCT4,0,1,1,4,logistic,0.9514004140647973,0.9748555208306118,663,44,208
birdnet,BOAFAB,INCT4,0,1,1,4,logistic+R37=glmm,0.95088924750925,0.973752647147093,663,44,208
birdnet,BOAFAB,INCT4,0,1,1,4,lda_shrunk,0.95218029422949,0.9667851517683668,663,44,208
birdnet,BOAFAB,INCT4,0,1,1,4,logistic+R20,0.9474855926179242,0.972733298647,663,44,208
birdnet,BOAFAB,INCT4,0,1,1,4,prototype,0.9664581523454608,0.9717699933948998,663,44,208
birdnet,BOAFAB,INCT4,0,2,2,8,logistic,0.9526293999656013,0.9749236631171208,663,44,208
birdnet,BOAFAB,INCT4,0,2,2,8,logistic+R37=glmm,0.9519330866166492,0.9744150642478662,663,44,208
birdnet,BOAFAB,INCT4,0,2,2,8,lda_shrunk,0.9527009409485744,0.9680694270853604,663,44,208
birdnet,BOAFAB,INCT4,0,2,2,8,logistic+R20,0.9480984961079768,0.9731457776639864,663,44,208
birdnet,BOAFAB,INCT4,0,2,2,8,prototype,0.9667862586032068,0.9715197955640568,663,44,208
birdnet,BOAFAB,INCT4,0,5,5,19,logistic,0.9590328728340582,0.9773542295799448,663,44,208
birdnet,BOAFAB,INCT4,0,5,5,19,logistic+R37=glmm,0.9533207050901772,0.9757302403286474,663,44,208
birdnet,BOAFAB,INCT4,0,5,5,19,lda_shrunk,0.9632649638579104,0.976788698443365,663,44,208
birdnet,BOAFAB,INCT4,0,5,5,19,logistic+R20,0.9524001730716516,0.9754004895241948,663,44,208
birdnet,BOAFAB,INCT4,0,5,5,19,prototype,0.9677264163522794,0.9712642184873485,663,44,208
birdnet,BOAFAB,INCT4,0,10,10,38,logistic,0.9702536433508968,0.9809176294629997,663,44,208
birdnet,BOAFAB,INCT4,0,10,10,38,logistic+R37=glmm,0.9702431699833708,0.9809176294629997,663,44,208
birdnet,BOAFAB,INCT4,0,10,10,38,lda_shrunk,0.9753797677962904,0.9816744409767666,663,44,208
birdnet,BOAFAB,INCT4,0,10,10,38,logistic+R20,0.968519413488663,0.9801073922291346,663,44,208
birdnet,BOAFAB,INCT4,0,10,10,38,prototype,0.9683449437689295,0.9687930103903168,663,44,208
birdnet,BOAFAB,INCT4,0,20,20,76,logistic,0.97170673776593,0.9817900134716696,663,44,208
birdnet,BOAFAB,INCT4,0,20,20,76,logistic+R37=glmm,0.9716201326378116,0.9817900134716696,663,44,208
birdnet,BOAFAB,INCT4,0,20,20,76,lda_shrunk,0.9782013095124724,0.9848243732366652,663,44,208
birdnet,BOAFAB,INCT4,0,20,20,76,logistic+R20,0.970148216362242,0.9812568251161786,663,44,208
birdnet,BOAFAB,INCT4,0,20,20,76,prototype,0.968923741408918,0.9699426946110448,663,44,208
birdnet,BOAFAB,INCT4,0,-1,43,164,logistic,0.9714565663978064,0.9805301259203448,663,44,208
birdnet,BOAFAB,INCT4,0,-1,43,164,logistic+R37=glmm,0.9713279048681382,0.9802239627852344,663,44,208
birdnet,BOAFAB,INCT4,0,-1,43,164,lda_shrunk,0.9790073652992816,0.988112505899221,663,44,208
birdnet,BOAFAB,INCT4,0,-1,43,164,logistic+R20,0.9710606070214478,0.9814962221804626,663,44,208
birdnet,BOAFAB,INCT4,0,-1,43,164,prototype,0.9675593227576932,0.966761260774113,663,44,208
birdnet,BOAFAB,INCT4,1,0,0,0,logistic,0.9609574485262978,0.9713355279010412,690,44,208
birdnet,BOAFAB,INCT4,1,0,0,0,logistic+R37=glmm,0.9610943805035156,0.9713355279010412,690,44,208
birdnet,BOAFAB,INCT4,1,0,0,0,lda_shrunk,0.9450433296874684,0.965548413104911,690,44,208
birdnet,BOAFAB,INCT4,1,0,0,0,logistic+R20,0.9605561072258896,0.9738145346264594,690,44,208
birdnet,BOAFAB,INCT4,1,0,0,0,prototype,0.9757971107937896,0.9628678757205046,690,44,208
birdnet,BOAFAB,INCT4,1,1,1,4,logistic,0.9615688062514238,0.9717501684782428,690,44,208
birdnet,BOAFAB,INCT4,1,1,1,4,logistic+R37=glmm,0.961835399316539,0.9714166445598134,690,44,208
birdnet,BOAFAB,INCT4,1,1,1,4,lda_shrunk,0.9496806617504128,0.9685028352554714,690,44,208
birdnet,BOAFAB,INCT4,1,1,1,4,logistic+R20,0.9629608956158509,0.972119486938302,690,44,208
birdnet,BOAFAB,INCT4,1,1,1,4,prototype,0.9755110098653436,0.9623392103069708,690,44,208
birdnet,BOAFAB,INCT4,1,2,2,8,logistic,0.9656097618062393,0.974752450555466,690,44,208
birdnet,BOAFAB,INCT4,1,2,2,8,logistic+R37=glmm,0.9655529775413428,0.974752450555466,690,44,208
birdnet,BOAFAB,INCT4,1,2,2,8,lda_shrunk,0.9616621376696424,0.9761445217875367,690,44,208
birdnet,BOAFAB,INCT4,1,2,2,8,logistic+R20,0.964068429142442,0.9756001612328132,690,44,208
birdnet,BOAFAB,INCT4,1,2,2,8,prototype,0.9760525371684612,0.9621083421918324,690,44,208
birdnet,BOAFAB,INCT4,1,5,5,19,logistic,0.9667128829544832,0.9774583975248862,690,44,208
birdnet,BOAFAB,INCT4,1,5,5,19,logistic+R37=glmm,0.9662744514414452,0.9765538603498573,690,44,208
birdnet,BOAFAB,INCT4,1,5,5,19,lda_shrunk,0.9668709306215468,0.9815399863654272,690,44,208
birdnet,BOAFAB,INCT4,1,5,5,19,logistic+R20,0.9648953786734112,0.977764173600156,690,44,208
birdnet,BOAFAB,INCT4,1,5,5,19,prototype,0.9772118947486416,0.964058655540531,690,44,208
birdnet,BOAFAB,INCT4,1,10,10,38,logistic,0.9638843018476684,0.97622857624418,690,44,208
birdnet,BOAFAB,INCT4,1,10,10,38,logistic+R37=glmm,0.9644206231538812,0.9764845926292286,690,44,208
birdnet,BOAFAB,INCT4,1,10,10,38,lda_shrunk,0.973758896860763,0.9845048015864916,690,44,208
birdnet,BOAFAB,INCT4,1,10,10,38,logistic+R20,0.9641676904716846,0.9768779268935306,690,44,208
birdnet,BOAFAB,INCT4,1,10,10,38,prototype,0.9768374322823368,0.962860104386288,690,44,208
birdnet,BOAFAB,INCT4,1,20,20,76,logistic,0.9654557295201198,0.9771978413687932,690,44,208
birdnet,BOAFAB,INCT4,1,20,20,76,logistic+R37=glmm,0.9657079050069322,0.9771978413687932,690,44,208
birdnet,BOAFAB,INCT4,1,20,20,76,lda_shrunk,0.974846753123735,0.9842564575683824,690,44,208
birdnet,BOAFAB,INCT4,1,20,20,76,logistic+R20,0.9663649538685392,0.978093525933097,690,44,208
birdnet,BOAFAB,INCT4,1,20,20,76,prototype,0.9777184672942064,0.9640774098081388,690,44,208
birdnet,BOAFAB,INCT4,1,-1,43,164,logistic,0.98001773469835,0.9864809063848682,690,44,208
birdnet,BOAFAB,INCT4,1,-1,43,164,logistic+R37=glmm,0.980070241960016,0.9864809063848682,690,44,208
birdnet,BOAFAB,INCT4,1,-1,43,164,lda_shrunk,0.9808890902644652,0.9901666798669037,690,44,208
birdnet,BOAFAB,INCT4,1,-1,43,164,logistic+R20,0.9792963103993716,0.9861886796168962,690,44,208
birdnet,BOAFAB,INCT4,1,-1,43,164,prototype,0.9769343676328824,0.9611397288153676,690,44,208
birdnet,DENMIN,INCT17,0,0,0,0,logistic,0.9600721723931316,0.9845394317371492,1193,114,173
birdnet,DENMIN,INCT17,0,0,0,0,logistic+R37=glmm,0.9572549217708024,0.9824474738922768,1193,114,173
birdnet,DENMIN,INCT17,0,0,0,0,lda_shrunk,0.92349843706211,0.9736710159567168,1193,114,173
birdnet,DENMIN,INCT17,0,0,0,0,logistic+R20,0.9589309780899264,0.984163730529253,1193,114,173
birdnet,DENMIN,INCT17,0,0,0,0,prototype,0.8235087468910159,0.904252354032308,1193,114,173
birdnet,DENMIN,INCT17,0,1,1,1,logistic,0.9633564986817942,0.9846680850046324,1193,114,173
birdnet,DENMIN,INCT17,0,1,1,1,logistic+R37=glmm,0.9606322549361738,0.9832012196423818,1193,114,173
birdnet,DENMIN,INCT17,0,1,1,1,lda_shrunk,0.9371042031766832,0.9745810739224916,1193,114,173
birdnet,DENMIN,INCT17,0,1,1,1,logistic+R20,0.9664416289595488,0.9844748142523162,1193,114,173
birdnet,DENMIN,INCT17,0,1,1,1,prototype,0.9009388006804864,0.9428141237537816,1193,114,173
birdnet,DENMIN,INCT17,0,2,2,1,logistic,0.9609872128633032,0.9787620014505656,1193,114,173
birdnet,DENMIN,INCT17,0,2,2,1,logistic+R37=glmm,0.9600224874319812,0.982483644278096,1193,114,173
birdnet,DENMIN,INCT17,0,2,2,1,lda_shrunk,0.9344870939690956,0.9740032083181472,1193,114,173
birdnet,DENMIN,INCT17,0,2,2,1,logistic+R20,0.9585064957644128,0.9800992970489436,1193,114,173
birdnet,DENMIN,INCT17,0,2,2,1,prototype,0.9005603743478195,0.9434098565474706,1193,114,173
birdnet,DENMIN,INCT17,0,5,5,3,logistic,0.9681843299128032,0.981102483413816,1193,114,173
birdnet,DENMIN,INCT17,0,5,5,3,logistic+R37=glmm,0.9673620847019556,0.9804661590285152,1193,114,173
birdnet,DENMIN,INCT17,0,5,5,3,lda_shrunk,0.9443576145810828,0.970767031469512,1193,114,173
birdnet,DENMIN,INCT17,0,5,5,3,logistic+R20,0.9598338701924752,0.9818380496958272,1193,114,173
birdnet,DENMIN,INCT17,0,5,5,3,prototype,0.9242158854939124,0.9592432899071336,1193,114,173
birdnet,DENMIN,INCT17,0,10,10,5,logistic,0.9744727044856998,0.9845506645646444,1193,114,173
birdnet,DENMIN,INCT17,0,10,10,5,logistic+R37=glmm,0.9736294865649918,0.984491647754115,1193,114,173
birdnet,DENMIN,INCT17,0,10,10,5,lda_shrunk,0.960272024824141,0.9757720157558152,1193,114,173
birdnet,DENMIN,INCT17,0,10,10,5,logistic+R20,0.970297463463212,0.9873164144460268,1193,114,173
birdnet,DENMIN,INCT17,0,10,10,5,prototype,0.9547381275351328,0.9776987707157928,1193,114,173
birdnet,DENMIN,INCT17,0,20,20,10,logistic,0.9790690915322112,0.9882334477689132,1193,114,173
birdnet,DENMIN,INCT17,0,20,20,10,logistic+R37=glmm,0.9792943027486232,0.988513156655386,1193,114,173
birdnet,DENMIN,INCT17,0,20,20,10,lda_shrunk,0.9661920984630532,0.978911918701454,1193,114,173
birdnet,DENMIN,INCT17,0,20,20,10,logistic+R20,0.977426594995416,0.9890177062141698,1193,114,173
birdnet,DENMIN,INCT17,0,20,20,10,prototype,0.9665204462094776,0.984313161607497,1193,114,173
birdnet,DENMIN,INCT17,0,-1,114,59,logistic,0.982153048422918,0.986369469377705,1193,114,173
birdnet,DENMIN,INCT17,0,-1,114,59,logistic+R37=glmm,0.9829008565212616,0.9867500052787904,1193,114,173
birdnet,DENMIN,INCT17,0,-1,114,59,lda_shrunk,0.97770531650411,0.9856776406969716,1193,114,173
birdnet,DENMIN,INCT17,0,-1,114,59,logistic+R20,0.9777964637228088,0.9843106645057564,1193,114,173
birdnet,DENMIN,INCT17,0,-1,114,59,prototype,0.9729442379622631,0.98374915712782,1193,114,173
birdnet,DENMIN,INCT17,1,0,0,0,logistic,0.9768247503247872,0.9845954270745954,1258,114,173
birdnet,DENMIN,INCT17,1,0,0,0,logistic+R37=glmm,0.9758060660123696,0.98347109423154,1258,114,173
birdnet,DENMIN,INCT17,1,0,0,0,lda_shrunk,0.9578006700231152,0.9780459000232092,1258,114,173
birdnet,DENMIN,INCT17,1,0,0,0,logistic+R20,0.9765679357388216,0.9830409436924904,1258,114,173
birdnet,DENMIN,INCT17,1,0,0,0,prototype,0.8407961229681514,0.8938863209650458,1258,114,173
birdnet,DENMIN,INCT17,1,1,1,1,logistic,0.9791843064885192,0.9852002980935816,1258,114,173
birdnet,DENMIN,INCT17,1,1,1,1,logistic+R37=glmm,0.977656731892524,0.984464520473189,1258,114,173
birdnet,DENMIN,INCT17,1,1,1,1,lda_shrunk,0.963916298733821,0.9797054797104878,1258,114,173
birdnet,DENMIN,INCT17,1,1,1,1,logistic+R20,0.9800815303017644,0.9857768221212144,1258,114,173
birdnet,DENMIN,INCT17,1,1,1,1,prototype,0.9154483974832064,0.9542899985005874,1258,114,173
birdnet,DENMIN,INCT17,1,2,2,1,logistic,0.9808114374759562,0.9859784360824768,1258,114,173
birdnet,DENMIN,INCT17,1,2,2,1,logistic+R37=glmm,0.9789407961526596,0.984499197399318,1258,114,173
birdnet,DENMIN,INCT17,1,2,2,1,lda_shrunk,0.9656745914976216,0.9813569497074592,1258,114,173
birdnet,DENMIN,INCT17,1,2,2,1,logistic+R20,0.9812043884798868,0.9860040973014192,1258,114,173
birdnet,DENMIN,INCT17,1,2,2,1,prototype,0.9167326256443286,0.9550780226205876,1258,114,173
birdnet,DENMIN,INCT17,1,5,5,3,logistic,0.9834964351669466,0.9870154971846672,1258,114,173
birdnet,DENMIN,INCT17,1,5,5,3,logistic+R37=glmm,0.982395408084334,0.9857954398494044,1258,114,173
birdnet,DENMIN,INCT17,1,5,5,3,lda_shrunk,0.9742058352310944,0.983517463969952,1258,114,173
birdnet,DENMIN,INCT17,1,5,5,3,logistic+R20,0.9848505301107314,0.987745904584806,1258,114,173
birdnet,DENMIN,INCT17,1,5,5,3,prototype,0.9507085816418722,0.9773403690311456,1258,114,173
birdnet,DENMIN,INCT17,1,10,10,5,logistic,0.9838366534478616,0.9875367800051856,1258,114,173
birdnet,DENMIN,INCT17,1,10,10,5,logistic+R37=glmm,0.9838849722126826,0.9866634758634112,1258,114,173
birdnet,DENMIN,INCT17,1,10,10,5,lda_shrunk,0.9766740449781938,0.9878939801219008,1258,114,173
birdnet,DENMIN,INCT17,1,10,10,5,logistic+R20,0.9871495045309194,0.988977748502406,1258,114,173
birdnet,DENMIN,INCT17,1,10,10,5,prototype,0.9562595777068524,0.9795560498235748,1258,114,173
birdnet,DENMIN,INCT17,1,20,20,10,logistic,0.9847224765533976,0.988012981117426,1258,114,173
birdnet,DENMIN,INCT17,1,20,20,10,logistic+R37=glmm,0.98527135254016,0.9874559714288036,1258,114,173
birdnet,DENMIN,INCT17,1,20,20,10,lda_shrunk,0.9778879469837928,0.9876819066522596,1258,114,173
birdnet,DENMIN,INCT17,1,20,20,10,logistic+R20,0.9854354178809758,0.9894315904900098,1258,114,173
birdnet,DENMIN,INCT17,1,20,20,10,prototype,0.9750630680992504,0.9867988048809886,1258,114,173
birdnet,DENMIN,INCT17,1,-1,114,59,logistic,0.9841429365416278,0.9814273309053004,1258,114,173
birdnet,DENMIN,INCT17,1,-1,114,59,logistic+R37=glmm,0.9853172110103426,0.9824616325410052,1258,114,173
birdnet,DENMIN,INCT17,1,-1,114,59,lda_shrunk,0.9776271364407868,0.980112321111752,1258,114,173
birdnet,DENMIN,INCT17,1,-1,114,59,logistic+R20,0.9733177075833752,0.9766262527163536,1258,114,173
birdnet,DENMIN,INCT17,1,-1,114,59,prototype,0.982832178987023,0.9855497724115864,1258,114,173
birdnet,DENMIN,INCT20955,0,0,0,0,logistic,0.2126779530578077,0.2894067121987613,125,18,234
birdnet,DENMIN,INCT20955,0,0,0,0,logistic+R37=glmm,0.2123491704701672,0.2899258994792956,125,18,234
birdnet,DENMIN,INCT20955,0,0,0,0,lda_shrunk,0.1181821853854735,0.2198212227504953,125,18,234
birdnet,DENMIN,INCT20955,0,0,0,0,logistic+R20,0.2295204936254716,0.3057913532242055,125,18,234
birdnet,DENMIN,INCT20955,0,0,0,0,prototype,0.1457785733682605,0.2966220655836408,125,18,234
birdnet,DENMIN,INCT20955,0,1,1,12,logistic,0.1720477850531384,0.2343391761832347,125,18,234
birdnet,DENMIN,INCT20955,0,1,1,12,logistic+R37=glmm,0.1765787199117443,0.241480885838376,125,18,234
birdnet,DENMIN,INCT20955,0,1,1,12,lda_shrunk,0.0975021540471395,0.1909852360709044,125,18,234
birdnet,DENMIN,INCT20955,0,1,1,12,logistic+R20,0.1615778406082255,0.2128442766085318,125,18,234
birdnet,DENMIN,INCT20955,0,1,1,12,prototype,0.1500091983217937,0.300821283322916,125,18,234
birdnet,DENMIN,INCT20955,0,2,2,24,logistic,0.1944195494900191,0.2448955517612913,125,18,234
birdnet,DENMIN,INCT20955,0,2,2,24,logistic+R37=glmm,0.2201632691361087,0.2795988923777244,125,18,234
birdnet,DENMIN,INCT20955,0,2,2,24,lda_shrunk,0.105179499260705,0.195743036231675,125,18,234
birdnet,DENMIN,INCT20955,0,2,2,24,logistic+R20,0.1859318075067819,0.259851033114551,125,18,234
birdnet,DENMIN,INCT20955,0,2,2,24,prototype,0.1621877978898919,0.3253306333317826,125,18,234
birdnet,DENMIN,INCT20955,0,5,5,60,logistic,0.3352064117586541,0.4067105318379352,125,18,234
birdnet,DENMIN,INCT20955,0,5,5,60,logistic+R37=glmm,0.3434509457911051,0.4237007033707849,125,18,234
birdnet,DENMIN,INCT20955,0,5,5,60,lda_shrunk,0.1889153328920585,0.2963647888956258,125,18,234
birdnet,DENMIN,INCT20955,0,5,5,60,logistic+R20,0.2831690336469842,0.3437620775864871,125,18,234
birdnet,DENMIN,INCT20955,0,5,5,60,prototype,0.1826536120741874,0.3205761443229287,125,18,234
birdnet,DENMIN,INCT20955,0,10,10,119,logistic,0.5696717632300202,0.6470779703935703,125,18,234
birdnet,DENMIN,INCT20955,0,10,10,119,logistic+R37=glmm,0.5764629942038955,0.6738210905184475,125,18,234
birdnet,DENMIN,INCT20955,0,10,10,119,lda_shrunk,0.476417318683095,0.5354991652943449,125,18,234
birdnet,DENMIN,INCT20955,0,10,10,119,logistic+R20,0.4935607230645485,0.5434524956283743,125,18,234
birdnet,DENMIN,INCT20955,0,10,10,119,prototype,0.2060306368761043,0.31140992114084,125,18,234
birdnet,DENMIN,INCT20955,0,20,20,239,logistic,0.5897208304942242,0.6453681601329817,125,18,234
birdnet,DENMIN,INCT20955,0,20,20,239,logistic+R37=glmm,0.5852352045470167,0.6545473165295859,125,18,234
birdnet,DENMIN,INCT20955,0,20,20,239,lda_shrunk,0.5876285325304618,0.6473668829390782,125,18,234
birdnet,DENMIN,INCT20955,0,20,20,239,logistic+R20,0.5616872419052985,0.5860562231167896,125,18,234
birdnet,DENMIN,INCT20955,0,20,20,239,prototype,0.1872935028457045,0.2837395386010928,125,18,234
birdnet,DENMIN,INCT20955,0,-1,18,215,logistic,0.5897208304942242,0.6453681601329817,125,18,234
birdnet,DENMIN,INCT20955,0,-1,18,215,logistic+R37=glmm,0.5852352045470167,0.6545473165295859,125,18,234
birdnet,DENMIN,INCT20955,0,-1,18,215,lda_shrunk,0.5876285325304618,0.6473668829390782,125,18,234
birdnet,DENMIN,INCT20955,0,-1,18,215,logistic+R20,0.5616872419052985,0.5860562231167896,125,18,234
birdnet,DENMIN,INCT20955,0,-1,18,215,prototype,0.1872935028457045,0.2837395386010928,125,18,234
birdnet,DENMIN,INCT20955,1,0,0,0,logistic,0.0757355939533305,0.1751412722569882,131,18,234
birdnet,DENMIN,INCT20955,1,0,0,0,logistic+R37=glmm,0.0755841912432588,0.1761935830597887,131,18,234
birdnet,DENMIN,INCT20955,1,0,0,0,lda_shrunk,0.0550095950286149,0.1513621752135049,131,18,234
birdnet,DENMIN,INCT20955,1,0,0,0,logistic+R20,0.0903893279454272,0.1983075066829253,131,18,234
birdnet,DENMIN,INCT20955,1,0,0,0,prototype,0.083381478195855,0.203353033750799,131,18,234
birdnet,DENMIN,INCT20955,1,1,1,12,logistic,0.0728593036961869,0.1739815186676132,131,18,234
birdnet,DENMIN,INCT20955,1,1,1,12,logistic+R37=glmm,0.0722008649085157,0.1713584570110764,131,18,234
birdnet,DENMIN,INCT20955,1,1,1,12,lda_shrunk,0.0493000202191087,0.1507213367649133,131,18,234
birdnet,DENMIN,INCT20955,1,1,1,12,logistic+R20,0.114935172556346,0.2474586475453245,131,18,234
birdnet,DENMIN,INCT20955,1,1,1,12,prototype,0.092590445240768,0.2140760744190614,131,18,234
birdnet,DENMIN,INCT20955,1,2,2,24,logistic,0.059910299880709,0.1369733601086763,131,18,234
birdnet,DENMIN,INCT20955,1,2,2,24,logistic+R37=glmm,0.0607134549810531,0.1382974204472231,131,18,234
birdnet,DENMIN,INCT20955,1,2,2,24,lda_shrunk,0.0488259422546568,0.1451709665419868,131,18,234
birdnet,DENMIN,INCT20955,1,2,2,24,logistic+R20,0.0775097468494254,0.1651345065059768,131,18,234
birdnet,DENMIN,INCT20955,1,2,2,24,prototype,0.089183665965049,0.2065955282915344,131,18,234
birdnet,DENMIN,INCT20955,1,5,5,60,logistic,0.2015974735565631,0.3789662400972715,131,18,234
birdnet,DENMIN,INCT20955,1,5,5,60,logistic+R37=glmm,0.1995458744897825,0.4053516912289815,131,18,234
birdnet,DENMIN,INCT20955,1,5,5,60,lda_shrunk,0.1695068982776828,0.3170378328454913,131,18,234
birdnet,DENMIN,INCT20955,1,5,5,60,logistic+R20,0.2160873990289722,0.3825356774732205,131,18,234
birdnet,DENMIN,INCT20955,1,5,5,60,prototype,0.0960185916749226,0.2039572595880328,131,18,234
birdnet,DENMIN,INCT20955,1,10,10,119,logistic,0.2937397733990178,0.5222315405171046,131,18,234
birdnet,DENMIN,INCT20955,1,10,10,119,logistic+R37=glmm,0.2953826316627967,0.5364728020071281,131,18,234
birdnet,DENMIN,INCT20955,1,10,10,119,lda_shrunk,0.2557060532583378,0.4627530196372014,131,18,234
birdnet,DENMIN,INCT20955,1,10,10,119,logistic+R20,0.2835673335650767,0.4844570499749617,131,18,234
birdnet,DENMIN,INCT20955,1,10,10,119,prototype,0.1114188644810324,0.2080619742777899,131,18,234
birdnet,DENMIN,INCT20955,1,20,20,239,logistic,0.3064831992674418,0.5685989900772054,131,18,234
birdnet,DENMIN,INCT20955,1,20,20,239,logistic+R37=glmm,0.3084623378618366,0.5646588940381932,131,18,234
birdnet,DENMIN,INCT20955,1,20,20,239,lda_shrunk,0.2831210957153912,0.5342843344599627,131,18,234
birdnet,DENMIN,INCT20955,1,20,20,239,logistic+R20,0.2137094992913417,0.4111633200048649,131,18,234
birdnet,DENMIN,INCT20955,1,20,20,239,prototype,0.0901933519008591,0.1835428221662289,131,18,234
birdnet,DENMIN,INCT20955,1,-1,18,215,logistic,0.3064831992674418,0.5685989900772054,131,18,234
birdnet,DENMIN,INCT20955,1,-1,18,215,logistic+R37=glmm,0.3084623378618366,0.5646588940381932,131,18,234
birdnet,DENMIN,INCT20955,1,-1,18,215,lda_shrunk,0.2831210957153912,0.5342843344599627,131,18,234
birdnet,DENMIN,INCT20955,1,-1,18,215,logistic+R20,0.2137094992913417,0.4111633200048649,131,18,234
birdnet,DENMIN,INCT20955,1,-1,18,215,prototype,0.0901933519008591,0.1835428221662289,131,18,234
birdnet,LEPLAT,INCT20955,0,0,0,0,logistic,0.322644825183868,0.4753790021253844,990,88,228
birdnet,LEPLAT,INCT20955,0,0,0,0,logistic+R37=glmm,0.3272366943431001,0.4819088359539815,990,88,228
birdnet,LEPLAT,INCT20955,0,0,0,0,lda_shrunk,0.3134976668020822,0.4606493828891215,990,88,228
birdnet,LEPLAT,INCT20955,0,0,0,0,logistic+R20,0.3782218061196178,0.5069834611549533,990,88,228
birdnet,LEPLAT,INCT20955,0,0,0,0,prototype,0.4623414222092099,0.5507326685757278,990,88,228
birdnet,LEPLAT,INCT20955,0,1,1,2,logistic,0.497071544784622,0.6528557499693193,990,88,228
birdnet,LEPLAT,INCT20955,0,1,1,2,logistic+R37=glmm,0.4306081990899828,0.5973127801717689,990,88,228
birdnet,LEPLAT,INCT20955,0,1,1,2,lda_shrunk,0.4823521449595368,0.6818429910466768,990,88,228
birdnet,LEPLAT,INCT20955,0,1,1,2,logistic+R20,0.3506298599292036,0.5488522498477052,990,88,228
birdnet,LEPLAT,INCT20955,0,1,1,2,prototype,0.5153173587828213,0.616167981124095,990,88,228
birdnet,LEPLAT,INCT20955,0,2,2,3,logistic,0.5574066746513133,0.6669948488202644,990,88,228
birdnet,LEPLAT,INCT20955,0,2,2,3,logistic+R37=glmm,0.5496529851380626,0.6626948964693083,990,88,228
birdnet,LEPLAT,INCT20955,0,2,2,3,lda_shrunk,0.5150074449354126,0.6753967388507982,990,88,228
birdnet,LEPLAT,INCT20955,0,2,2,3,logistic+R20,0.4564905079697904,0.5757159089507158,990,88,228
birdnet,LEPLAT,INCT20955,0,2,2,3,prototype,0.5225599284787567,0.6179003571579199,990,88,228
birdnet,LEPLAT,INCT20955,0,5,5,8,logistic,0.5922120380436812,0.696273914057114,990,88,228
birdnet,LEPLAT,INCT20955,0,5,5,8,logistic+R37=glmm,0.5955590400373064,0.7033674505401005,990,88,228
birdnet,LEPLAT,INCT20955,0,5,5,8,lda_shrunk,0.5621349260594254,0.7074085760027258,990,88,228
birdnet,LEPLAT,INCT20955,0,5,5,8,logistic+R20,0.4862304751345861,0.598637682628113,990,88,228
birdnet,LEPLAT,INCT20955,0,5,5,8,prototype,0.5175685722636607,0.6479989145413475,990,88,228
birdnet,LEPLAT,INCT20955,0,10,10,16,logistic,0.6215926073209709,0.6905732141931978,990,88,228
birdnet,LEPLAT,INCT20955,0,10,10,16,logistic+R37=glmm,0.6232528310333006,0.6951187160284568,990,88,228
birdnet,LEPLAT,INCT20955,0,10,10,16,lda_shrunk,0.6006317784742753,0.7028313460785478,990,88,228
birdnet,LEPLAT,INCT20955,0,10,10,16,logistic+R20,0.549474310494608,0.6515178186164505,990,88,228
birdnet,LEPLAT,INCT20955,0,10,10,16,prototype,0.5206170606293815,0.6463951908588188,990,88,228
birdnet,LEPLAT,INCT20955,0,20,20,32,logistic,0.6598718110629175,0.7460536883379998,990,88,228
birdnet,LEPLAT,INCT20955,0,20,20,32,logistic+R37=glmm,0.6579476350742182,0.7506678534087977,990,88,228
birdnet,LEPLAT,INCT20955,0,20,20,32,lda_shrunk,0.600584121302803,0.7224806090531258,990,88,228
birdnet,LEPLAT,INCT20955,0,20,20,32,logistic+R20,0.6483277662562928,0.7408892977680863,990,88,228
birdnet,LEPLAT,INCT20955,0,20,20,32,prototype,0.5610058694099986,0.6585000922994355,990,88,228
birdnet,LEPLAT,INCT20955,0,-1,88,140,logistic,0.7618658892559408,0.833741629394674,990,88,228
birdnet,LEPLAT,INCT20955,0,-1,88,140,logistic+R37=glmm,0.7616049456722219,0.8372238633255304,990,88,228
birdnet,LEPLAT,INCT20955,0,-1,88,140,lda_shrunk,0.754871712183868,0.8246021706166818,990,88,228
birdnet,LEPLAT,INCT20955,0,-1,88,140,logistic+R20,0.7531836367184304,0.8417514511828621,990,88,228
birdnet,LEPLAT,INCT20955,0,-1,88,140,prototype,0.5743109145050387,0.6640696507141042,990,88,228
birdnet,LEPLAT,INCT20955,1,0,0,0,logistic,0.4123312787905508,0.5645215814425382,1104,88,228
birdnet,LEPLAT,INCT20955,1,0,0,0,logistic+R37=glmm,0.4173873244758765,0.5694847377120922,1104,88,228
birdnet,LEPLAT,INCT20955,1,0,0,0,lda_shrunk,0.3933474398714675,0.4812980161521263,1104,88,228
birdnet,LEPLAT,INCT20955,1,0,0,0,logistic+R20,0.4474779419703245,0.5829165841663656,1104,88,228
birdnet,LEPLAT,INCT20955,1,0,0,0,prototype,0.5334717217209726,0.6396349281798079,1104,88,228
birdnet,LEPLAT,INCT20955,1,1,1,2,logistic,0.4478673152029636,0.6482566332766491,1104,88,228
birdnet,LEPLAT,INCT20955,1,1,1,2,logistic+R37=glmm,0.4495521283757416,0.6498843969548602,1104,88,228
birdnet,LEPLAT,INCT20955,1,1,1,2,lda_shrunk,0.3495147175039385,0.4531078645357683,1104,88,228
birdnet,LEPLAT,INCT20955,1,1,1,2,logistic+R20,0.3827147411455704,0.574713615525155,1104,88,228
birdnet,LEPLAT,INCT20955,1,1,1,2,prototype,0.5498786100295155,0.663729851044334,1104,88,228
birdnet,LEPLAT,INCT20955,1,2,2,3,logistic,0.4238779659803808,0.6284281454078388,1104,88,228
birdnet,LEPLAT,INCT20955,1,2,2,3,logistic+R37=glmm,0.4242463254546801,0.6303658707003645,1104,88,228
birdnet,LEPLAT,INCT20955,1,2,2,3,lda_shrunk,0.3836692595934016,0.5004301943819129,1104,88,228
birdnet,LEPLAT,INCT20955,1,2,2,3,logistic+R20,0.3462043678817568,0.5534370801261161,1104,88,228
birdnet,LEPLAT,INCT20955,1,2,2,3,prototype,0.5725840232602034,0.7123246924522019,1104,88,228
birdnet,LEPLAT,INCT20955,1,5,5,8,logistic,0.5352166027575468,0.6873702290269881,1104,88,228
birdnet,LEPLAT,INCT20955,1,5,5,8,logistic+R37=glmm,0.5337144070159068,0.6856563399499713,1104,88,228
birdnet,LEPLAT,INCT20955,1,5,5,8,lda_shrunk,0.4744859743385955,0.6012368147769415,1104,88,228
birdnet,LEPLAT,INCT20955,1,5,5,8,logistic+R20,0.4885751819339129,0.6804596989362519,1104,88,228
birdnet,LEPLAT,INCT20955,1,5,5,8,prototype,0.6454982166040099,0.7336526723571309,1104,88,228
birdnet,LEPLAT,INCT20955,1,10,10,16,logistic,0.6691724635069323,0.7706792280815725,1104,88,228
birdnet,LEPLAT,INCT20955,1,10,10,16,logistic+R37=glmm,0.6633269902676132,0.7632105266938076,1104,88,228
birdnet,LEPLAT,INCT20955,1,10,10,16,lda_shrunk,0.6581483330554962,0.7426072444016335,1104,88,228
birdnet,LEPLAT,INCT20955,1,10,10,16,logistic+R20,0.6422920551388116,0.7791068727052353,1104,88,228
birdnet,LEPLAT,INCT20955,1,10,10,16,prototype,0.7117848745756902,0.8079552855541172,1104,88,228
birdnet,LEPLAT,INCT20955,1,20,20,32,logistic,0.7024095412535141,0.7907385122877452,1104,88,228
birdnet,LEPLAT,INCT20955,1,20,20,32,logistic+R37=glmm,0.6994860510108807,0.7905685608593513,1104,88,228
birdnet,LEPLAT,INCT20955,1,20,20,32,lda_shrunk,0.6933488266993372,0.7777950938963389,1104,88,228
birdnet,LEPLAT,INCT20955,1,20,20,32,logistic+R20,0.6895149741631849,0.8098544736126141,1104,88,228
birdnet,LEPLAT,INCT20955,1,20,20,32,prototype,0.7055920727327712,0.7934387694209976,1104,88,228
birdnet,LEPLAT,INCT20955,1,-1,88,140,logistic,0.8021506974049426,0.8758933627357564,1104,88,228
birdnet,LEPLAT,INCT20955,1,-1,88,140,logistic+R37=glmm,0.8036398883794211,0.8804086735780895,1104,88,228
birdnet,LEPLAT,INCT20955,1,-1,88,140,lda_shrunk,0.7901339054113229,0.8482431531497383,1104,88,228
birdnet,LEPLAT,INCT20955,1,-1,88,140,logistic+R20,0.7959845315957104,0.8874033257347016,1104,88,228
birdnet,LEPLAT,INCT20955,1,-1,88,140,prototype,0.6956416041439616,0.7831564626450915,1104,88,228
birdnet,PHYCUV,INCT17,0,0,0,0,logistic,0.5528486822310882,0.879206362690562,83,16,176
birdnet,PHYCUV,INCT17,0,0,0,0,logistic+R37=glmm,0.5479576071808459,0.8770835824167065,83,16,176
birdnet,PHYCUV,INCT17,0,0,0,0,lda_shrunk,0.6155591564010805,0.8731354293854294,83,16,176
birdnet,PHYCUV,INCT17,0,0,0,0,logistic+R20,0.5602915809934278,0.867314269246835,83,16,176
birdnet,PHYCUV,INCT17,0,0,0,0,prototype,0.0938082412242919,0.2558140260759072,83,16,176
birdnet,PHYCUV,INCT17,0,1,1,11,logistic,0.6235240184300345,0.8833611350265461,83,16,176
birdnet,PHYCUV,INCT17,0,1,1,11,logistic+R37=glmm,0.618400967179781,0.8763392978209875,83,16,176
birdnet,PHYCUV,INCT17,0,1,1,11,lda_shrunk,0.5942924743718153,0.8301711309523809,83,16,176
birdnet,PHYCUV,INCT17,0,1,1,11,logistic+R20,0.6442043312614198,0.8809961484593838,83,16,176
birdnet,PHYCUV,INCT17,0,1,1,11,prototype,0.0941351180347524,0.2615801367838081,83,16,176
birdnet,PHYCUV,INCT17,0,2,2,21,logistic,0.6289613745416265,0.8825017058834023,83,16,176
birdnet,PHYCUV,INCT17,0,2,2,21,logistic+R37=glmm,0.6294718552400889,0.8827664942584297,83,16,176
birdnet,PHYCUV,INCT17,0,2,2,21,lda_shrunk,0.6097827694819069,0.8465943643861353,83,16,176
birdnet,PHYCUV,INCT17,0,2,2,21,logistic+R20,0.6510160903014859,0.885089842011571,83,16,176
birdnet,PHYCUV,INCT17,0,2,2,21,prototype,0.0879785627182533,0.2313096450425888,83,16,176
birdnet,PHYCUV,INCT17,0,5,5,53,logistic,0.7017520287896364,0.8971005709976299,83,16,176
birdnet,PHYCUV,INCT17,0,5,5,53,logistic+R37=glmm,0.7247523872330389,0.9079379372844778,83,16,176
birdnet,PHYCUV,INCT17,0,5,5,53,lda_shrunk,0.64724132257715,0.8691255823245955,83,16,176
birdnet,PHYCUV,INCT17,0,5,5,53,logistic+R20,0.7252884131686262,0.8847719026431485,83,16,176
birdnet,PHYCUV,INCT17,0,5,5,53,prototype,0.0936761189367176,0.2452737306279292,83,16,176
birdnet,PHYCUV,INCT17,0,10,10,106,logistic,0.7052368553958156,0.905637878742387,83,16,176
birdnet,PHYCUV,INCT17,0,10,10,106,logistic+R37=glmm,0.7334378748801265,0.9239353148666876,83,16,176
birdnet,PHYCUV,INCT17,0,10,10,106,lda_shrunk,0.6491650817259584,0.8920673076923078,83,16,176
birdnet,PHYCUV,INCT17,0,10,10,106,logistic+R20,0.7389844219042662,0.8975824979114453,83,16,176
birdnet,PHYCUV,INCT17,0,10,10,106,prototype,0.0971543225645141,0.2470861446191158,83,16,176
birdnet,PHYCUV,INCT17,0,20,20,212,logistic,0.7133822478819785,0.9023770494379764,83,16,176
birdnet,PHYCUV,INCT17,0,20,20,212,logistic+R37=glmm,0.7324878556238454,0.9082882395382396,83,16,176
birdnet,PHYCUV,INCT17,0,20,20,212,lda_shrunk,0.6601248860609491,0.9057748538011696,83,16,176
birdnet,PHYCUV,INCT17,0,20,20,212,logistic+R20,0.74104395312497,0.9076328054806828,83,16,176
birdnet,PHYCUV,INCT17,0,20,20,212,prototype,0.1085931690748762,0.287767849707957,83,16,176
birdnet,PHYCUV,INCT17,0,-1,15,159,logistic,0.7133822478819785,0.9023770494379764,83,16,176
birdnet,PHYCUV,INCT17,0,-1,15,159,logistic+R37=glmm,0.7324878556238454,0.9082882395382396,83,16,176
birdnet,PHYCUV,INCT17,0,-1,15,159,lda_shrunk,0.6601248860609491,0.9057748538011696,83,16,176
birdnet,PHYCUV,INCT17,0,-1,15,159,logistic+R20,0.74104395312497,0.9076328054806828,83,16,176
birdnet,PHYCUV,INCT17,0,-1,15,159,prototype,0.1085931690748762,0.287767849707957,83,16,176
birdnet,PHYCUV,INCT17,1,0,0,0,logistic,0.7176478151261231,0.9613095238095238,92,16,176
birdnet,PHYCUV,INCT17,1,0,0,0,logistic+R37=glmm,0.712801287808216,0.9613095238095238,92,16,176
birdnet,PHYCUV,INCT17,1,0,0,0,lda_shrunk,0.818350222410867,1.0,92,16,176
birdnet,PHYCUV,INCT17,1,0,0,0,logistic+R20,0.7082532142257425,0.9592086834733892,92,16,176
birdnet,PHYCUV,INCT17,1,0,0,0,prototype,0.112030901008315,0.3247767136449129,92,16,176
birdnet,PHYCUV,INCT17,1,1,1,11,logistic,0.7793682281953933,0.988250612745098,92,16,176
birdnet,PHYCUV,INCT17,1,1,1,11,logistic+R37=glmm,0.7886814249188568,0.9924172794117648,92,16,176
birdnet,PHYCUV,INCT17,1,1,1,11,lda_shrunk,0.8425431559558261,0.9963235294117648,92,16,176
birdnet,PHYCUV,INCT17,1,1,1,11,logistic+R20,0.7909911407991321,0.9901315789473684,92,16,176
birdnet,PHYCUV,INCT17,1,1,1,11,prototype,0.1232673326303727,0.3445337047760787,92,16,176
birdnet,PHYCUV,INCT17,1,2,2,21,logistic,0.837599214220326,1.0,92,16,176
birdnet,PHYCUV,INCT17,1,2,2,21,logistic+R37=glmm,0.8463325493578132,1.0,92,16,176
birdnet,PHYCUV,INCT17,1,2,2,21,lda_shrunk,0.8665748701529021,0.9963235294117648,92,16,176
birdnet,PHYCUV,INCT17,1,2,2,21,logistic+R20,0.8315737822363649,0.9901315789473684,92,16,176
birdnet,PHYCUV,INCT17,1,2,2,21,prototype,0.1217695793760687,0.3377475764748623,92,16,176
birdnet,PHYCUV,INCT17,1,5,5,53,logistic,0.8585704412351205,0.9963235294117648,92,16,176
birdnet,PHYCUV,INCT17,1,5,5,53,logistic+R37=glmm,0.8704758999470212,0.9963235294117648,92,16,176
birdnet,PHYCUV,INCT17,1,5,5,53,lda_shrunk,0.8774888134317105,0.9963235294117648,92,16,176
birdnet,PHYCUV,INCT17,1,5,5,53,logistic+R20,0.872211120610299,0.9963235294117648,92,16,176
birdnet,PHYCUV,INCT17,1,5,5,53,prototype,0.1314341872671123,0.3578931066691661,92,16,176
birdnet,PHYCUV,INCT17,1,10,10,106,logistic,0.8591220699036168,0.9862253289473684,92,16,176
birdnet,PHYCUV,INCT17,1,10,10,106,logistic+R37=glmm,0.8597553518768839,0.9862253289473684,92,16,176
birdnet,PHYCUV,INCT17,1,10,10,106,lda_shrunk,0.8981267942515884,1.0,92,16,176
birdnet,PHYCUV,INCT17,1,10,10,106,logistic+R20,0.8619730121624372,0.9891493055555556,92,16,176
birdnet,PHYCUV,INCT17,1,10,10,106,prototype,0.1253687814691872,0.3446378053276469,92,16,176
birdnet,PHYCUV,INCT17,1,20,20,212,logistic,0.897761861931395,0.9924172794117648,92,16,176
birdnet,PHYCUV,INCT17,1,20,20,212,logistic+R37=glmm,0.8991043829798301,0.9924172794117648,92,16,176
birdnet,PHYCUV,INCT17,1,20,20,212,lda_shrunk,0.8995937993485945,1.0,92,16,176
birdnet,PHYCUV,INCT17,1,20,20,212,logistic+R20,0.9030041526472022,0.9963235294117648,92,16,176
birdnet,PHYCUV,INCT17,1,20,20,212,prototype,0.1396435715165613,0.3801391872282968,92,16,176
birdnet,PHYCUV,INCT17,1,-1,15,159,logistic,0.897761861931395,0.9924172794117648,92,16,176
birdnet,PHYCUV,INCT17,1,-1,15,159,logistic+R37=glmm,0.8991043829798301,0.9924172794117648,92,16,176
birdnet,PHYCUV,INCT17,1,-1,15,159,lda_shrunk,0.8995937993485945,1.0,92,16,176
birdnet,PHYCUV,INCT17,1,-1,15,159,logistic+R20,0.9030041526472022,0.9963235294117648,92,16,176
birdnet,PHYCUV,INCT17,1,-1,15,159,prototype,0.1396435715165613,0.3801391872282968,92,16,176
birdnet,PHYCUV,INCT20955,0,0,0,0,logistic,0.4597021401246686,0.7269985993318384,302,39,227
birdnet,PHYCUV,INCT20955,0,0,0,0,logistic+R37=glmm,0.4526010484926802,0.7246483725055998,302,39,227
birdnet,PHYCUV,INCT20955,0,0,0,0,lda_shrunk,0.4424645262975465,0.7078200181958908,302,39,227
birdnet,PHYCUV,INCT20955,0,0,0,0,logistic+R20,0.4744262499793527,0.7639175052538878,302,39,227
birdnet,PHYCUV,INCT20955,0,0,0,0,prototype,0.5155021917156124,0.792938746605956,302,39,227
birdnet,PHYCUV,INCT20955,0,1,1,5,logistic,0.4624437138510302,0.7225332623681615,302,39,227
birdnet,PHYCUV,INCT20955,0,1,1,5,logistic+R37=glmm,0.457293155925118,0.7214582328515551,302,39,227
birdnet,PHYCUV,INCT20955,0,1,1,5,lda_shrunk,0.4513552174061899,0.7139045092419942,302,39,227
birdnet,PHYCUV,INCT20955,0,1,1,5,logistic+R20,0.4738607050918766,0.7540354318344759,302,39,227
birdnet,PHYCUV,INCT20955,0,1,1,5,prototype,0.5201680425453781,0.7945308253044624,302,39,227
birdnet,PHYCUV,INCT20955,0,2,2,10,logistic,0.5399421932231833,0.8012567909091467,302,39,227
birdnet,PHYCUV,INCT20955,0,2,2,10,logistic+R37=glmm,0.5328825817964575,0.7977526114410411,302,39,227
birdnet,PHYCUV,INCT20955,0,2,2,10,lda_shrunk,0.4782573481871037,0.7469432023510769,302,39,227
birdnet,PHYCUV,INCT20955,0,2,2,10,logistic+R20,0.5214279734894821,0.8010733157171636,302,39,227
birdnet,PHYCUV,INCT20955,0,2,2,10,prototype,0.5303548484433432,0.7997632096126015,302,39,227
birdnet,PHYCUV,INCT20955,0,5,5,25,logistic,0.5897147418227958,0.8346868981337622,302,39,227
birdnet,PHYCUV,INCT20955,0,5,5,25,logistic+R37=glmm,0.58898758564752,0.833915104606047,302,39,227
birdnet,PHYCUV,INCT20955,0,5,5,25,lda_shrunk,0.5585645482658702,0.830265872470107,302,39,227
birdnet,PHYCUV,INCT20955,0,5,5,25,logistic+R20,0.5747780515840073,0.83035780061631,302,39,227
birdnet,PHYCUV,INCT20955,0,5,5,25,prototype,0.5685172695575123,0.8161863216219328,302,39,227
birdnet,PHYCUV,INCT20955,0,10,10,49,logistic,0.7439008008663685,0.924279391908128,302,39,227
birdnet,PHYCUV,INCT20955,0,10,10,49,logistic+R37=glmm,0.7423663268226254,0.9231744346419104,302,39,227
birdnet,PHYCUV,INCT20955,0,10,10,49,lda_shrunk,0.7206356576491627,0.9112253858542684,302,39,227
birdnet,PHYCUV,INCT20955,0,10,10,49,logistic+R20,0.7031311204626955,0.9162418165721672,302,39,227
birdnet,PHYCUV,INCT20955,0,10,10,49,prototype,0.6272360263247183,0.8605934422771878,302,39,227
birdnet,PHYCUV,INCT20955,0,20,20,98,logistic,0.8169909137336667,0.9654934435821626,302,39,227
birdnet,PHYCUV,INCT20955,0,20,20,98,logistic+R37=glmm,0.8179375583760845,0.9700905981313108,302,39,227
birdnet,PHYCUV,INCT20955,0,20,20,98,lda_shrunk,0.8260549698300924,0.9762198873433542,302,39,227
birdnet,PHYCUV,INCT20955,0,20,20,98,logistic+R20,0.8203300519539254,0.9673990698986012,302,39,227
birdnet,PHYCUV,INCT20955,0,20,20,98,prototype,0.6826979016182332,0.9063604162263428,302,39,227
birdnet,PHYCUV,INCT20955,0,-1,38,187,logistic,0.8379604442058384,0.9801557195146066,302,39,227
birdnet,PHYCUV,INCT20955,0,-1,38,187,logistic+R37=glmm,0.8382190985105995,0.9803934501302444,302,39,227
birdnet,PHYCUV,INCT20955,0,-1,38,187,lda_shrunk,0.8399308799685637,0.9839119736386374,302,39,227
birdnet,PHYCUV,INCT20955,0,-1,38,187,logistic+R20,0.8375536218177314,0.9817814179047668,302,39,227
birdnet,PHYCUV,INCT20955,0,-1,38,187,prototype,0.5863765813605359,0.8614589757870066,302,39,227
birdnet,PHYCUV,INCT20955,1,0,0,0,logistic,0.4204042236647274,0.6810325835583081,348,39,227
birdnet,PHYCUV,INCT20955,1,0,0,0,logistic+R37=glmm,0.4107102228257729,0.6792718163953675,348,39,227
birdnet,PHYCUV,INCT20955,1,0,0,0,lda_shrunk,0.3908640419844212,0.6129321325997037,348,39,227
birdnet,PHYCUV,INCT20955,1,0,0,0,logistic+R20,0.4346329014410845,0.709733747218167,348,39,227
birdnet,PHYCUV,INCT20955,1,0,0,0,prototype,0.514875858072352,0.7261352280253546,348,39,227
birdnet,PHYCUV,INCT20955,1,1,1,5,logistic,0.478467312894513,0.7355167145004537,348,39,227
birdnet,PHYCUV,INCT20955,1,1,1,5,logistic+R37=glmm,0.4727509139518865,0.7321900984378442,348,39,227
birdnet,PHYCUV,INCT20955,1,1,1,5,lda_shrunk,0.4630621124461536,0.6690550403690415,348,39,227
birdnet,PHYCUV,INCT20955,1,1,1,5,logistic+R20,0.438965434086693,0.720302082657072,348,39,227
birdnet,PHYCUV,INCT20955,1,1,1,5,prototype,0.5290351197007223,0.7361483996045445,348,39,227
birdnet,PHYCUV,INCT20955,1,2,2,10,logistic,0.4745501733553833,0.7319463630596988,348,39,227
birdnet,PHYCUV,INCT20955,1,2,2,10,logistic+R37=glmm,0.4651090100440891,0.7302513400952063,348,39,227
birdnet,PHYCUV,INCT20955,1,2,2,10,lda_shrunk,0.4699886221166692,0.68573808272461,348,39,227
birdnet,PHYCUV,INCT20955,1,2,2,10,logistic+R20,0.4507731345728337,0.7260416033235008,348,39,227
birdnet,PHYCUV,INCT20955,1,2,2,10,prototype,0.5333985298110894,0.7321741176743758,348,39,227
birdnet,PHYCUV,INCT20955,1,5,5,25,logistic,0.732784583912563,0.8736116202009636,348,39,227
birdnet,PHYCUV,INCT20955,1,5,5,25,logistic+R37=glmm,0.7342999483296441,0.8764352583241001,348,39,227
birdnet,PHYCUV,INCT20955,1,5,5,25,lda_shrunk,0.7423768661109154,0.86613114569413,348,39,227
birdnet,PHYCUV,INCT20955,1,5,5,25,logistic+R20,0.7153123635038651,0.8580248669884358,348,39,227
birdnet,PHYCUV,INCT20955,1,5,5,25,prototype,0.6174305304017498,0.7789417212282643,348,39,227
birdnet,PHYCUV,INCT20955,1,10,10,49,logistic,0.7722790731149966,0.8950220845664921,348,39,227
birdnet,PHYCUV,INCT20955,1,10,10,49,logistic+R37=glmm,0.7746538733737914,0.9001565948671287,348,39,227
birdnet,PHYCUV,INCT20955,1,10,10,49,lda_shrunk,0.7907557560486215,0.9129667725882396,348,39,227
birdnet,PHYCUV,INCT20955,1,10,10,49,logistic+R20,0.7843492251959086,0.9086199289369988,348,39,227
birdnet,PHYCUV,INCT20955,1,10,10,49,prototype,0.7217635384535137,0.8597202629591983,348,39,227
birdnet,PHYCUV,INCT20955,1,20,20,98,logistic,0.8311977881848129,0.9378738279106288,348,39,227
birdnet,PHYCUV,INCT20955,1,20,20,98,logistic+R37=glmm,0.8321737073410456,0.9386843518761684,348,39,227
birdnet,PHYCUV,INCT20955,1,20,20,98,lda_shrunk,0.8252426875944623,0.9341907211874876,348,39,227
birdnet,PHYCUV,INCT20955,1,20,20,98,logistic+R20,0.8334279453238594,0.943507300986196,348,39,227
birdnet,PHYCUV,INCT20955,1,20,20,98,prototype,0.7167109310104985,0.8475731591389098,348,39,227
birdnet,PHYCUV,INCT20955,1,-1,38,187,logistic,0.8350992834308452,0.9464938483556316,348,39,227
birdnet,PHYCUV,INCT20955,1,-1,38,187,logistic+R37=glmm,0.8357118726264456,0.947015882132206,348,39,227
birdnet,PHYCUV,INCT20955,1,-1,38,187,lda_shrunk,0.838786777398817,0.9518099061583136,348,39,227
birdnet,PHYCUV,INCT20955,1,-1,38,187,logistic+R20,0.8386707562437276,0.9535210763747488,348,39,227
birdnet,PHYCUV,INCT20955,1,-1,38,187,prototype,0.6818327917080496,0.8259248494257486,348,39,227
birdnet,PHYCUV,INCT41,0,0,0,0,logistic,0.8236298779622966,0.8803968111709207,427,38,180
birdnet,PHYCUV,INCT41,0,0,0,0,logistic+R37=glmm,0.8278879361197292,0.8838121684976377,427,38,180
birdnet,PHYCUV,INCT41,0,0,0,0,lda_shrunk,0.7850962091740794,0.8642287320620318,427,38,180
birdnet,PHYCUV,INCT41,0,0,0,0,logistic+R20,0.8396219130526773,0.9107043279475868,427,38,180
birdnet,PHYCUV,INCT41,0,0,0,0,prototype,0.4826179523241844,0.579110070554574,427,38,180
birdnet,PHYCUV,INCT41,0,1,1,4,logistic,0.8354954103589723,0.8948591084069892,427,38,180
birdnet,PHYCUV,INCT41,0,1,1,4,logistic+R37=glmm,0.8398807088329162,0.8972765031776124,427,38,180
birdnet,PHYCUV,INCT41,0,1,1,4,lda_shrunk,0.8049686830127608,0.8842122903444984,427,38,180
birdnet,PHYCUV,INCT41,0,1,1,4,logistic+R20,0.8399902225798342,0.9161385844723466,427,38,180
birdnet,PHYCUV,INCT41,0,1,1,4,prototype,0.4863930199752326,0.5805636641185187,427,38,180
birdnet,PHYCUV,INCT41,0,2,2,7,logistic,0.8439932295850205,0.898652885219463,427,38,180
birdnet,PHYCUV,INCT41,0,2,2,7,logistic+R37=glmm,0.8498572699085907,0.904833895925587,427,38,180
birdnet,PHYCUV,INCT41,0,2,2,7,lda_shrunk,0.8261680339052384,0.9035817608066126,427,38,180
birdnet,PHYCUV,INCT41,0,2,2,7,logistic+R20,0.8480911381962182,0.9255830439263872,427,38,180
birdnet,PHYCUV,INCT41,0,2,2,7,prototype,0.4983396331278735,0.5997562143373214,427,38,180
birdnet,PHYCUV,INCT41,0,5,5,19,logistic,0.866174725996689,0.925134984560152,427,38,180
birdnet,PHYCUV,INCT41,0,5,5,19,logistic+R37=glmm,0.8688677014055152,0.9247624200556956,427,38,180
birdnet,PHYCUV,INCT41,0,5,5,19,lda_shrunk,0.8512518596030149,0.92596815218781,427,38,180
birdnet,PHYCUV,INCT41,0,5,5,19,logistic+R20,0.8633280967186008,0.936163202401253,427,38,180
birdnet,PHYCUV,INCT41,0,5,5,19,prototype,0.5241847513398665,0.6196223199459635,427,38,180
birdnet,PHYCUV,INCT41,0,10,10,37,logistic,0.8871715513542346,0.9303208943831712,427,38,180
birdnet,PHYCUV,INCT41,0,10,10,37,logistic+R37=glmm,0.8882729493968788,0.931897936164472,427,38,180
birdnet,PHYCUV,INCT41,0,10,10,37,lda_shrunk,0.8907012148934657,0.9399839749751906,427,38,180
birdnet,PHYCUV,INCT41,0,10,10,37,logistic+R20,0.8914284192441154,0.9477374003288652,427,38,180
birdnet,PHYCUV,INCT41,0,10,10,37,prototype,0.5923386288348197,0.677950617625975,427,38,180
birdnet,PHYCUV,INCT41,0,20,20,75,logistic,0.8975484902547968,0.9445849993597192,427,38,180
birdnet,PHYCUV,INCT41,0,20,20,75,logistic+R37=glmm,0.898140528002496,0.9436627979070308,427,38,180
birdnet,PHYCUV,INCT41,0,20,20,75,lda_shrunk,0.9058491937519404,0.9548735032652094,427,38,180
birdnet,PHYCUV,INCT41,0,20,20,75,logistic+R20,0.897317736432068,0.9497175085830633,427,38,180
birdnet,PHYCUV,INCT41,0,20,20,75,prototype,0.6502789672657325,0.7570301285865445,427,38,180
birdnet,PHYCUV,INCT41,0,-1,38,142,logistic,0.915364822810232,0.9493217364833566,427,38,180
birdnet,PHYCUV,INCT41,0,-1,38,142,logistic+R37=glmm,0.9158085065432237,0.94984630371539,427,38,180
birdnet,PHYCUV,INCT41,0,-1,38,142,lda_shrunk,0.9234512693774756,0.960008157494572,427,38,180
birdnet,PHYCUV,INCT41,0,-1,38,142,logistic+R20,0.915836222299542,0.9566420215376096,427,38,180
birdnet,PHYCUV,INCT41,0,-1,38,142,prototype,0.6847137265652418,0.8094081798134851,427,38,180
birdnet,PHYCUV,INCT41,1,0,0,0,logistic,0.8940768850296629,0.9281107028250124,448,38,180
birdnet,PHYCUV,INCT41,1,0,0,0,logistic+R37=glmm,0.8970151416144968,0.9293843084536302,448,38,180
birdnet,PHYCUV,INCT41,1,0,0,0,lda_shrunk,0.8396309778022332,0.9176088153850352,448,38,180
birdnet,PHYCUV,INCT41,1,0,0,0,logistic+R20,0.8988818771615408,0.9451882698589344,448,38,180
birdnet,PHYCUV,INCT41,1,0,0,0,prototype,0.5678887250375986,0.5776109894795375,448,38,180
birdnet,PHYCUV,INCT41,1,1,1,4,logistic,0.8909452253630157,0.9284529099731622,448,38,180
birdnet,PHYCUV,INCT41,1,1,1,4,logistic+R37=glmm,0.8938659213827296,0.9300187228093958,448,38,180
birdnet,PHYCUV,INCT41,1,1,1,4,lda_shrunk,0.8559719565044727,0.9239078767367268,448,38,180
birdnet,PHYCUV,INCT41,1,1,1,4,logistic+R20,0.9029970177305572,0.9460683860075426,448,38,180
birdnet,PHYCUV,INCT41,1,1,1,4,prototype,0.5755224506921816,0.5845510942385906,448,38,180
birdnet,PHYCUV,INCT41,1,2,2,7,logistic,0.9092771377024736,0.9301704792635368,448,38,180
birdnet,PHYCUV,INCT41,1,2,2,7,logistic+R37=glmm,0.9111233366623204,0.9313393124506898,448,38,180
birdnet,PHYCUV,INCT41,1,2,2,7,lda_shrunk,0.885132820607471,0.9339207999221412,448,38,180
birdnet,PHYCUV,INCT41,1,2,2,7,logistic+R20,0.9133076843615276,0.9465394819574076,448,38,180
birdnet,PHYCUV,INCT41,1,2,2,7,prototype,0.5815440959057918,0.595618182901039,448,38,180
birdnet,PHYCUV,INCT41,1,5,5,19,logistic,0.8890767941285049,0.9170507393566945,448,38,180
birdnet,PHYCUV,INCT41,1,5,5,19,logistic+R37=glmm,0.8933511219829744,0.9182212494306676,448,38,180
birdnet,PHYCUV,INCT41,1,5,5,19,lda_shrunk,0.8943308571457896,0.9331108886004438,448,38,180
birdnet,PHYCUV,INCT41,1,5,5,19,logistic+R20,0.8868102588104275,0.931297403894094,448,38,180
birdnet,PHYCUV,INCT41,1,5,5,19,prototype,0.59206505838446,0.6200603825189398,448,38,180
birdnet,PHYCUV,INCT41,1,10,10,37,logistic,0.9157861100008836,0.9400103590635756,448,38,180
birdnet,PHYCUV,INCT41,1,10,10,37,logistic+R37=glmm,0.9176097783783704,0.9379631636101532,448,38,180
birdnet,PHYCUV,INCT41,1,10,10,37,lda_shrunk,0.9136356219215078,0.955785881232738,448,38,180
birdnet,PHYCUV,INCT41,1,10,10,37,logistic+R20,0.909855077843645,0.9472681476665796,448,38,180
birdnet,PHYCUV,INCT41,1,10,10,37,prototype,0.6453090472221271,0.6864504422328678,448,38,180
birdnet,PHYCUV,INCT41,1,20,20,75,logistic,0.9305339649051922,0.9537180831199604,448,38,180
birdnet,PHYCUV,INCT41,1,20,20,75,logistic+R37=glmm,0.9311981120059182,0.9534688040082028,448,38,180
birdnet,PHYCUV,INCT41,1,20,20,75,lda_shrunk,0.9311060141862952,0.9673372533115792,448,38,180
birdnet,PHYCUV,INCT41,1,20,20,75,logistic+R20,0.929722110290774,0.9594609104556748,448,38,180
birdnet,PHYCUV,INCT41,1,20,20,75,prototype,0.7248165998375732,0.7857646071636224,448,38,180
birdnet,PHYCUV,INCT41,1,-1,38,142,logistic,0.9475873053715176,0.9724192082159028,448,38,180
birdnet,PHYCUV,INCT41,1,-1,38,142,logistic+R37=glmm,0.947938715296744,0.9724192082159028,448,38,180
birdnet,PHYCUV,INCT41,1,-1,38,142,lda_shrunk,0.9483512331224248,0.9823206823206824,448,38,180
birdnet,PHYCUV,INCT41,1,-1,38,142,logistic+R20,0.9493259658141298,0.9792762550610488,448,38,180
birdnet,PHYCUV,INCT41,1,-1,38,142,prototype,0.7821901467664826,0.8361838780992484,448,38,180
birdnet,PITAZU,INCT17,0,0,0,0,logistic,0.7355827491324299,0.887470338849194,1154,89,164
birdnet,PITAZU,INCT17,0,0,0,0,logistic+R37=glmm,0.7790062181262676,0.9077692151659876,1154,89,164
birdnet,PITAZU,INCT17,0,0,0,0,lda_shrunk,0.7167588150805771,0.8976334626525799,1154,89,164
birdnet,PITAZU,INCT17,0,0,0,0,logistic+R20,0.7553561077578498,0.8947799173142633,1154,89,164
birdnet,PITAZU,INCT17,0,0,0,0,prototype,0.5236646920959236,0.7012567435228637,1154,89,164
birdnet,PITAZU,INCT17,0,1,1,1,logistic,0.7743190390740993,0.9239429277521148,1154,89,164
birdnet,PITAZU,INCT17,0,1,1,1,logistic+R37=glmm,0.7807393186390532,0.927525766184894,1154,89,164
birdnet,PITAZU,INCT17,0,1,1,1,lda_shrunk,0.7929111912159559,0.9360818737947182,1154,89,164
birdnet,PITAZU,INCT17,0,1,1,1,logistic+R20,0.6933238182389869,0.8862106618626944,1154,89,164
birdnet,PITAZU,INCT17,0,1,1,1,prototype,0.5635671994113755,0.7773911313689478,1154,89,164
birdnet,PITAZU,INCT17,0,2,2,2,logistic,0.8403349577058947,0.9475801783147864,1154,89,164
birdnet,PITAZU,INCT17,0,2,2,2,logistic+R37=glmm,0.8397809429776282,0.9493247122070878,1154,89,164
birdnet,PITAZU,INCT17,0,2,2,2,lda_shrunk,0.798413292315241,0.9271632939470776,1154,89,164
birdnet,PITAZU,INCT17,0,2,2,2,logistic+R20,0.8485869165160222,0.9613300109051748,1154,89,164
birdnet,PITAZU,INCT17,0,2,2,2,prototype,0.8617535399537686,0.9533439734773592,1154,89,164
birdnet,PITAZU,INCT17,0,5,5,4,logistic,0.8705005497602537,0.9580387938990416,1154,89,164
birdnet,PITAZU,INCT17,0,5,5,4,logistic+R37=glmm,0.8593738425869188,0.9553662254973928,1154,89,164
birdnet,PITAZU,INCT17,0,5,5,4,lda_shrunk,0.8376573821980938,0.9389725155016156,1154,89,164
birdnet,PITAZU,INCT17,0,5,5,4,logistic+R20,0.887807482665767,0.9768598988561692,1154,89,164
birdnet,PITAZU,INCT17,0,5,5,4,prototype,0.8896048239683619,0.9692832925581124,1154,89,164
birdnet,PITAZU,INCT17,0,10,10,8,logistic,0.8710198554599518,0.9588810003252904,1154,89,164
birdnet,PITAZU,INCT17,0,10,10,8,logistic+R37=glmm,0.8712890335544861,0.9635039881909916,1154,89,164
birdnet,PITAZU,INCT17,0,10,10,8,lda_shrunk,0.8502692170718913,0.951038409626338,1154,89,164
birdnet,PITAZU,INCT17,0,10,10,8,logistic+R20,0.8806925392621032,0.9668322736600872,1154,89,164
birdnet,PITAZU,INCT17,0,10,10,8,prototype,0.8753714771418717,0.9544910315855172,1154,89,164
birdnet,PITAZU,INCT17,0,20,20,17,logistic,0.9040164740674824,0.978891116414086,1154,89,164
birdnet,PITAZU,INCT17,0,20,20,17,logistic+R37=glmm,0.9089486988274196,0.9822841856409736,1154,89,164
birdnet,PITAZU,INCT17,0,20,20,17,lda_shrunk,0.8571197252864455,0.9625981628041111,1154,89,164
birdnet,PITAZU,INCT17,0,20,20,17,logistic+R20,0.8842512462446409,0.9591134054909964,1154,89,164
birdnet,PITAZU,INCT17,0,20,20,17,prototype,0.8401327164198292,0.9263184989901722,1154,89,164
birdnet,PITAZU,INCT17,0,-1,89,75,logistic,0.9400645024231729,0.986787595077076,1154,89,164
birdnet,PITAZU,INCT17,0,-1,89,75,logistic+R37=glmm,0.9422345704667696,0.986801590200988,1154,89,164
birdnet,PITAZU,INCT17,0,-1,89,75,lda_shrunk,0.9098364938746212,0.9807733793591557,1154,89,164
birdnet,PITAZU,INCT17,0,-1,89,75,logistic+R20,0.9390477498304332,0.984738146102908,1154,89,164
birdnet,PITAZU,INCT17,0,-1,89,75,prototype,0.8929836177267286,0.9775359335988816,1154,89,164
birdnet,PITAZU,INCT17,1,0,0,0,logistic,0.6962580038701207,0.838834105041417,1169,89,164
birdnet,PITAZU,INCT17,1,0,0,0,logistic+R37=glmm,0.7397500452029087,0.8657085136230103,1169,89,164
birdnet,PITAZU,INCT17,1,0,0,0,lda_shrunk,0.6988770479165238,0.8242930752992429,1169,89,164
birdnet,PITAZU,INCT17,1,0,0,0,logistic+R20,0.708581264262292,0.8353346070260597,1169,89,164
birdnet,PITAZU,INCT17,1,0,0,0,prototype,0.4671765893998856,0.6286997515758397,1169,89,164
birdnet,PITAZU,INCT17,1,1,1,1,logistic,0.7793115051040006,0.8841727375524335,1169,89,164
birdnet,PITAZU,INCT17,1,1,1,1,logistic+R37=glmm,0.7926228870546006,0.8936932783339401,1169,89,164
birdnet,PITAZU,INCT17,1,1,1,1,lda_shrunk,0.7410186002819431,0.859793023317913,1169,89,164
birdnet,PITAZU,INCT17,1,1,1,1,logistic+R20,0.7850411568256062,0.8909868619707242,1169,89,164
birdnet,PITAZU,INCT17,1,1,1,1,prototype,0.747644039246693,0.8689285451329519,1169,89,164
birdnet,PITAZU,INCT17,1,2,2,2,logistic,0.8285003401623874,0.9119321792308006,1169,89,164
birdnet,PITAZU,INCT17,1,2,2,2,logistic+R37=glmm,0.8555346131381697,0.9295593465462944,1169,89,164
birdnet,PITAZU,INCT17,1,2,2,2,lda_shrunk,0.8298382667747946,0.9172782922724348,1169,89,164
birdnet,PITAZU,INCT17,1,2,2,2,logistic+R20,0.8045501836912814,0.8830281587336073,1169,89,164
birdnet,PITAZU,INCT17,1,2,2,2,prototype,0.6950617654841769,0.794956246419635,1169,89,164
birdnet,PITAZU,INCT17,1,5,5,4,logistic,0.8581809536139033,0.9369100824618146,1169,89,164
birdnet,PITAZU,INCT17,1,5,5,4,logistic+R37=glmm,0.872832062902998,0.9452683445550328,1169,89,164
birdnet,PITAZU,INCT17,1,5,5,4,lda_shrunk,0.8276383803124054,0.9106086811297956,1169,89,164
birdnet,PITAZU,INCT17,1,5,5,4,logistic+R20,0.8876304773183064,0.9483691118440744,1169,89,164
birdnet,PITAZU,INCT17,1,5,5,4,prototype,0.8095350605773799,0.8957395520842858,1169,89,164
birdnet,PITAZU,INCT17,1,10,10,8,logistic,0.919592512503798,0.9677103422187346,1169,89,164
birdnet,PITAZU,INCT17,1,10,10,8,logistic+R37=glmm,0.9241378373786188,0.9693570781021228,1169,89,164
birdnet,PITAZU,INCT17,1,10,10,8,lda_shrunk,0.8829661743614067,0.9582652052603582,1169,89,164
birdnet,PITAZU,INCT17,1,10,10,8,logistic+R20,0.9323890602431928,0.974493730720796,1169,89,164
birdnet,PITAZU,INCT17,1,10,10,8,prototype,0.8868968527496361,0.9399686442120552,1169,89,164
birdnet,PITAZU,INCT17,1,20,20,17,logistic,0.9496551983657772,0.9824690040768288,1169,89,164
birdnet,PITAZU,INCT17,1,20,20,17,logistic+R37=glmm,0.9481452125744072,0.9821131200358268,1169,89,164
birdnet,PITAZU,INCT17,1,20,20,17,lda_shrunk,0.91733069279914,0.9742192488718348,1169,89,164
birdnet,PITAZU,INCT17,1,20,20,17,logistic+R20,0.9480613174623714,0.9843515536390708,1169,89,164
birdnet,PITAZU,INCT17,1,20,20,17,prototype,0.9175187943480992,0.9662510488210436,1169,89,164
birdnet,PITAZU,INCT17,1,-1,89,75,logistic,0.9545553163227842,0.983632654151944,1169,89,164
birdnet,PITAZU,INCT17,1,-1,89,75,logistic+R37=glmm,0.9554351877624304,0.9839110733173374,1169,89,164
birdnet,PITAZU,INCT17,1,-1,89,75,lda_shrunk,0.9297469006706264,0.9803553708571496,1169,89,164
birdnet,PITAZU,INCT17,1,-1,89,75,logistic+R20,0.9515410746876548,0.9826053703963744,1169,89,164
birdnet,PITAZU,INCT17,1,-1,89,75,prototype,0.9086066653464184,0.964161332999333,1169,89,164
perch_bird,BOAFAB,INCT20955,0,0,0,0,logistic,0.977047159343528,0.9899442629877584,543,53,232
perch_bird,BOAFAB,INCT20955,0,0,0,0,logistic+R37=glmm,0.977005752735642,0.989389067281272,543,53,232
perch_bird,BOAFAB,INCT20955,0,0,0,0,lda_shrunk,0.9729831695781612,0.978402568001316,543,53,232
perch_bird,BOAFAB,INCT20955,0,0,0,0,logistic+R20,0.9768513004871336,0.9917768685568614,543,53,232
perch_bird,BOAFAB,INCT20955,0,0,0,0,prototype,0.9823406541958348,0.9887430795520972,543,53,232
perch_bird,BOAFAB,INCT20955,0,1,1,3,logistic,0.9786863208845522,0.9899442629877584,543,53,232
perch_bird,BOAFAB,INCT20955,0,1,1,3,logistic+R37=glmm,0.9788564783355926,0.9901442829897588,543,53,232
perch_bird,BOAFAB,INCT20955,0,1,1,3,lda_shrunk,0.9762848086008024,0.9833581317571852,543,53,232
perch_bird,BOAFAB,INCT20955,0,1,1,3,logistic+R20,0.9791646178190156,0.991402243182236,543,53,232
perch_bird,BOAFAB,INCT20955,0,1,1,3,prototype,0.9824265343331112,0.9893816477753234,543,53,232
perch_bird,BOAFAB,INCT20955,0,2,2,7,logistic,0.978481277243916,0.988663962543921,543,53,232
perch_bird,BOAFAB,INCT20955,0,2,2,7,logistic+R37=glmm,0.9785359643989208,0.9888928304108724,543,53,232
perch_bird,BOAFAB,INCT20955,0,2,2,7,lda_shrunk,0.9780984850066932,0.9833575388947798,543,53,232
perch_bird,BOAFAB,INCT20955,0,2,2,7,logistic+R20,0.9795528496099244,0.989504141284134,543,53,232
perch_bird,BOAFAB,INCT20955,0,2,2,7,prototype,0.9816044644929012,0.9870702484403177,543,53,232
perch_bird,BOAFAB,INCT20955,0,5,5,17,logistic,0.9787132847720628,0.9894162131421872,543,53,232
perch_bird,BOAFAB,INCT20955,0,5,5,17,logistic+R37=glmm,0.9785084280446176,0.9896724914524844,543,53,232
perch_bird,BOAFAB,INCT20955,0,5,5,17,lda_shrunk,0.9794771269388935,0.9830632231100545,543,53,232
perch_bird,BOAFAB,INCT20955,0,5,5,17,logistic+R20,0.9759776218100344,0.9861047816797568,543,53,232
perch_bird,BOAFAB,INCT20955,0,5,5,17,prototype,0.9802117134868082,0.984092280949574,543,53,232
perch_bird,BOAFAB,INCT20955,0,10,10,34,logistic,0.9782861333871212,0.9939339716325344,543,53,232
perch_bird,BOAFAB,INCT20955,0,10,10,34,logistic+R37=glmm,0.9782910424741852,0.9939339716325344,543,53,232
perch_bird,BOAFAB,INCT20955,0,10,10,34,lda_shrunk,0.9735201460751918,0.9899718014586468,543,53,232
perch_bird,BOAFAB,INCT20955,0,10,10,34,logistic+R20,0.975255873551324,0.9930574317366768,543,53,232
perch_bird,BOAFAB,INCT20955,0,10,10,34,prototype,0.9821148277156304,0.988327470418932,543,53,232
perch_bird,BOAFAB,INCT20955,0,20,20,68,logistic,0.9787815856345172,0.9935965897162052,543,53,232
perch_bird,BOAFAB,INCT20955,0,20,20,68,logistic+R37=glmm,0.978926242290754,0.9935965897162052,543,53,232
perch_bird,BOAFAB,INCT20955,0,20,20,68,lda_shrunk,0.975800995911704,0.9917742469381,543,53,232
perch_bird,BOAFAB,INCT20955,0,20,20,68,logistic+R20,0.9792121987257626,0.9934343047437936,543,53,232
perch_bird,BOAFAB,INCT20955,0,20,20,68,prototype,0.9812193861379152,0.9866061282808832,543,53,232
perch_bird,BOAFAB,INCT20955,0,-1,53,179,logistic,0.9757026424341636,0.9950617911814066,543,53,232
perch_bird,BOAFAB,INCT20955,0,-1,53,179,logistic+R37=glmm,0.9757062576162115,0.9952688305188808,543,53,232
perch_bird,BOAFAB,INCT20955,0,-1,53,179,lda_shrunk,0.9743687095324683,0.997005091344714,543,53,232
perch_bird,BOAFAB,INCT20955,0,-1,53,179,logistic+R20,0.9761536863529292,0.9951246866341206,543,53,232
perch_bird,BOAFAB,INCT20955,0,-1,53,179,prototype,0.9738880777051768,0.9799727920600634,543,53,232
perch_bird,BOAFAB,INCT20955,1,0,0,0,logistic,0.9735393375526504,0.975017652247688,525,53,232
perch_bird,BOAFAB,INCT20955,1,0,0,0,logistic+R37=glmm,0.9731546027935531,0.9751629356467248,525,53,232
perch_bird,BOAFAB,INCT20955,1,0,0,0,lda_shrunk,0.9659910284765502,0.9697325568817202,525,53,232
perch_bird,BOAFAB,INCT20955,1,0,0,0,logistic+R20,0.974867700109404,0.9786967784213172,525,53,232
perch_bird,BOAFAB,INCT20955,1,0,0,0,prototype,0.970819165828706,0.9712362382825572,525,53,232
perch_bird,BOAFAB,INCT20955,1,1,1,3,logistic,0.9744667764868536,0.9745646725134856,525,53,232
perch_bird,BOAFAB,INCT20955,1,1,1,3,logistic+R37=glmm,0.9744461396956492,0.9744296297168584,525,53,232
perch_bird,BOAFAB,INCT20955,1,1,1,3,lda_shrunk,0.971879969683344,0.9738914017441204,525,53,232
perch_bird,BOAFAB,INCT20955,1,1,1,3,logistic+R20,0.9768705024800872,0.9759423542596748,525,53,232
perch_bird,BOAFAB,INCT20955,1,1,1,3,prototype,0.9706063007050753,0.9691577925566704,525,53,232
perch_bird,BOAFAB,INCT20955,1,2,2,7,logistic,0.9744746108997392,0.9736252494154924,525,53,232
perch_bird,BOAFAB,INCT20955,1,2,2,7,logistic+R37=glmm,0.9744731960007488,0.9740844091576344,525,53,232
perch_bird,BOAFAB,INCT20955,1,2,2,7,lda_shrunk,0.9751016495016968,0.9767089792241852,525,53,232
perch_bird,BOAFAB,INCT20955,1,2,2,7,logistic+R20,0.9771764705712008,0.9759732572274192,525,53,232
perch_bird,BOAFAB,INCT20955,1,2,2,7,prototype,0.9704706356937596,0.9683849095721402,525,53,232
perch_bird,BOAFAB,INCT20955,1,5,5,17,logistic,0.9747811876915796,0.9729585821276396,525,53,232
perch_bird,BOAFAB,INCT20955,1,5,5,17,logistic+R37=glmm,0.9748878457221116,0.9732895515499694,525,53,232
perch_bird,BOAFAB,INCT20955,1,5,5,17,lda_shrunk,0.974202775370348,0.9780874533354595,525,53,232
perch_bird,BOAFAB,INCT20955,1,5,5,17,logistic+R20,0.9771164079186412,0.9742353941030863,525,53,232
perch_bird,BOAFAB,INCT20955,1,5,5,17,prototype,0.9688062022620744,0.9634527234993152,525,53,232
perch_bird,BOAFAB,INCT20955,1,10,10,34,logistic,0.9720321830846762,0.9741365106848496,525,53,232
perch_bird,BOAFAB,INCT20955,1,10,10,34,logistic+R37=glmm,0.9719008611564848,0.974521103171262,525,53,232
perch_bird,BOAFAB,INCT20955,1,10,10,34,lda_shrunk,0.9703195455487164,0.9774063809986576,525,53,232
perch_bird,BOAFAB,INCT20955,1,10,10,34,logistic+R20,0.9716000050642192,0.9743622723045549,525,53,232
perch_bird,BOAFAB,INCT20955,1,10,10,34,prototype,0.9679339706329896,0.961580247284248,525,53,232
perch_bird,BOAFAB,INCT20955,1,20,20,68,logistic,0.9734724748104177,0.973705984516304,525,53,232
perch_bird,BOAFAB,INCT20955,1,20,20,68,logistic+R37=glmm,0.9734296119753616,0.97474920119241,525,53,232
perch_bird,BOAFAB,INCT20955,1,20,20,68,lda_shrunk,0.972522265726655,0.9801465387628908,525,53,232
perch_bird,BOAFAB,INCT20955,1,20,20,68,logistic+R20,0.9729959502148354,0.9748178902317672,525,53,232
perch_bird,BOAFAB,INCT20955,1,20,20,68,prototype,0.9664609412326588,0.958183068298942,525,53,232
perch_bird,BOAFAB,INCT20955,1,-1,53,179,logistic,0.9751641124517072,0.977824293462285,525,53,232
perch_bird,BOAFAB,INCT20955,1,-1,53,179,logistic+R37=glmm,0.9751331818300109,0.977824293462285,525,53,232
perch_bird,BOAFAB,INCT20955,1,-1,53,179,lda_shrunk,0.9723169005236753,0.9864127994572104,525,53,232
perch_bird,BOAFAB,INCT20955,1,-1,53,179,logistic+R20,0.9749982242733652,0.978405810489365,525,53,232
perch_bird,BOAFAB,INCT20955,1,-1,53,179,prototype,0.959740585422652,0.9489373436002786,525,53,232
perch_bird,BOAFAB,INCT4,0,0,0,0,logistic,0.97284762564701,0.9877495558088552,402,44,208
perch_bird,BOAFAB,INCT4,0,0,0,0,logistic+R37=glmm,0.9728339690631675,0.9877495558088552,402,44,208
perch_bird,BOAFAB,INCT4,0,0,0,0,lda_shrunk,0.9517507256404862,0.974242101850754,402,44,208
perch_bird,BOAFAB,INCT4,0,0,0,0,logistic+R20,0.9713862884949102,0.987952229512141,402,44,208
perch_bird,BOAFAB,INCT4,0,0,0,0,prototype,0.9503247069601236,0.9597477127657176,402,44,208
perch_bird,BOAFAB,INCT4,0,1,1,4,logistic,0.9727056828136366,0.9882179309915446,402,44,208
perch_bird,BOAFAB,INCT4,0,1,1,4,logistic+R37=glmm,0.9727183972298592,0.9882179309915446,402,44,208
perch_bird,BOAFAB,INCT4,0,1,1,4,lda_shrunk,0.960990036509364,0.9799384453781814,402,44,208
perch_bird,BOAFAB,INCT4,0,1,1,4,logistic+R20,0.972220011700102,0.9890316984308424,402,44,208
perch_bird,BOAFAB,INCT4,0,1,1,4,prototype,0.9503008204024196,0.9589355287082906,402,44,208
perch_bird,BOAFAB,INCT4,0,2,2,8,logistic,0.9732690561665082,0.9885204113303228,402,44,208
perch_bird,BOAFAB,INCT4,0,2,2,8,logistic+R37=glmm,0.973198415620439,0.9885204113303228,402,44,208
perch_bird,BOAFAB,INCT4,0,2,2,8,lda_shrunk,0.9631926000131056,0.979395194582744,402,44,208
perch_bird,BOAFAB,INCT4,0,2,2,8,logistic+R20,0.9729110433458366,0.9890316984308424,402,44,208
perch_bird,BOAFAB,INCT4,0,2,2,8,prototype,0.9501022308191996,0.958746478701571,402,44,208
perch_bird,BOAFAB,INCT4,0,5,5,19,logistic,0.9738024896348424,0.988961921716329,402,44,208
perch_bird,BOAFAB,INCT4,0,5,5,19,logistic+R37=glmm,0.973740999661172,0.988961921716329,402,44,208
perch_bird,BOAFAB,INCT4,0,5,5,19,lda_shrunk,0.9635510468225326,0.980838031245389,402,44,208
perch_bird,BOAFAB,INCT4,0,5,5,19,logistic+R20,0.9734116211413112,0.9890316984308424,402,44,208
perch_bird,BOAFAB,INCT4,0,5,5,19,prototype,0.9494899555080616,0.9548172988124743,402,44,208
perch_bird,BOAFAB,INCT4,0,10,10,38,logistic,0.969757259123096,0.9868234317467732,402,44,208
perch_bird,BOAFAB,INCT4,0,10,10,38,logistic+R37=glmm,0.9700729035723932,0.9876435520310816,402,44,208
perch_bird,BOAFAB,INCT4,0,10,10,38,lda_shrunk,0.9631303144041036,0.9818734627339734,402,44,208
perch_bird,BOAFAB,INCT4,0,10,10,38,logistic+R20,0.970078807097998,0.9884517357103592,402,44,208
perch_bird,BOAFAB,INCT4,0,10,10,38,prototype,0.9491722686104528,0.955078181760494,402,44,208
perch_bird,BOAFAB,INCT4,0,20,20,76,logistic,0.9731728012965511,0.9887295585132216,402,44,208
perch_bird,BOAFAB,INCT4,0,20,20,76,logistic+R37=glmm,0.9732916737101625,0.9897198015003684,402,44,208
perch_bird,BOAFAB,INCT4,0,20,20,76,lda_shrunk,0.9622363974621752,0.9836570506771614,402,44,208
perch_bird,BOAFAB,INCT4,0,20,20,76,logistic+R20,0.9726140611468996,0.9893276446376236,402,44,208
perch_bird,BOAFAB,INCT4,0,20,20,76,prototype,0.9487899580336526,0.9530924245862916,402,44,208
perch_bird,BOAFAB,INCT4,0,-1,43,164,logistic,0.9731703615949292,0.9870033444613278,402,44,208
perch_bird,BOAFAB,INCT4,0,-1,43,164,logistic+R37=glmm,0.9731800886245822,0.9870033444613278,402,44,208
perch_bird,BOAFAB,INCT4,0,-1,43,164,lda_shrunk,0.9725450005126376,0.9881639637887248,402,44,208
perch_bird,BOAFAB,INCT4,0,-1,43,164,logistic+R20,0.973008071880056,0.9864628788293984,402,44,208
perch_bird,BOAFAB,INCT4,0,-1,43,164,prototype,0.946533679155657,0.9488718492763288,402,44,208
perch_bird,BOAFAB,INCT4,1,0,0,0,logistic,0.9778465001672584,0.985505832191904,413,44,208
perch_bird,BOAFAB,INCT4,1,0,0,0,logistic+R37=glmm,0.9778819566489808,0.985505832191904,413,44,208
perch_bird,BOAFAB,INCT4,1,0,0,0,lda_shrunk,0.953292661969366,0.9598355988771596,413,44,208
perch_bird,BOAFAB,INCT4,1,0,0,0,logistic+R20,0.9774776998954772,0.9853369735663856,413,44,208
perch_bird,BOAFAB,INCT4,1,0,0,0,prototype,0.9675667181425766,0.970038263501447,413,44,208
perch_bird,BOAFAB,INCT4,1,1,1,4,logistic,0.977500335025279,0.9866518744964828,413,44,208
perch_bird,BOAFAB,INCT4,1,1,1,4,logistic+R37=glmm,0.9775482113430594,0.9866518744964828,413,44,208
perch_bird,BOAFAB,INCT4,1,1,1,4,lda_shrunk,0.9548178590462104,0.9678373408256176,413,44,208
perch_bird,BOAFAB,INCT4,1,1,1,4,logistic+R20,0.9773343223505224,0.9860910298082468,413,44,208
perch_bird,BOAFAB,INCT4,1,1,1,4,prototype,0.967295622620831,0.9689770619281206,413,44,208
perch_bird,BOAFAB,INCT4,1,2,2,8,logistic,0.9766134975917984,0.9819690389906264,413,44,208
perch_bird,BOAFAB,INCT4,1,2,2,8,logistic+R37=glmm,0.9767482709582138,0.9832169059938042,413,44,208
perch_bird,BOAFAB,INCT4,1,2,2,8,lda_shrunk,0.9556495840279188,0.968253908476929,413,44,208
perch_bird,BOAFAB,INCT4,1,2,2,8,logistic+R20,0.976502396316036,0.9807027579870816,413,44,208
perch_bird,BOAFAB,INCT4,1,2,2,8,prototype,0.9674552949691434,0.9692093052256804,413,44,208
perch_bird,BOAFAB,INCT4,1,5,5,19,logistic,0.9779185495970772,0.982987140760288,413,44,208
perch_bird,BOAFAB,INCT4,1,5,5,19,logistic+R37=glmm,0.9779694582997313,0.9824837681638922,413,44,208
perch_bird,BOAFAB,INCT4,1,5,5,19,lda_shrunk,0.9635912077454593,0.973267832527195,413,44,208
perch_bird,BOAFAB,INCT4,1,5,5,19,logistic+R20,0.9765303551225396,0.9819130466951662,413,44,208
perch_bird,BOAFAB,INCT4,1,5,5,19,prototype,0.9676966042320244,0.968671670817078,413,44,208
perch_bird,BOAFAB,INCT4,1,10,10,38,logistic,0.9750078423757644,0.9820032761400598,413,44,208
perch_bird,BOAFAB,INCT4,1,10,10,38,logistic+R37=glmm,0.975460702159282,0.9820032761400598,413,44,208
perch_bird,BOAFAB,INCT4,1,10,10,38,lda_shrunk,0.9629452375900136,0.9685906547572268,413,44,208
perch_bird,BOAFAB,INCT4,1,10,10,38,logistic+R20,0.9743028550139172,0.9809619394279911,413,44,208
perch_bird,BOAFAB,INCT4,1,10,10,38,prototype,0.9672374544654668,0.96778582370964,413,44,208
perch_bird,BOAFAB,INCT4,1,20,20,76,logistic,0.977332633540882,0.985393625430698,413,44,208
perch_bird,BOAFAB,INCT4,1,20,20,76,logistic+R37=glmm,0.9775758014504606,0.9849011211062698,413,44,208
perch_bird,BOAFAB,INCT4,1,20,20,76,lda_shrunk,0.9592283143337218,0.9583685193094896,413,44,208
perch_bird,BOAFAB,INCT4,1,20,20,76,logistic+R20,0.9764336877426284,0.9838830193366082,413,44,208
perch_bird,BOAFAB,INCT4,1,20,20,76,prototype,0.9659590543100772,0.9655160953211605,413,44,208
perch_bird,BOAFAB,INCT4,1,-1,43,164,logistic,0.9798520303689952,0.98834335724581,413,44,208
perch_bird,BOAFAB,INCT4,1,-1,43,164,logistic+R37=glmm,0.9798788227428752,0.98834335724581,413,44,208
perch_bird,BOAFAB,INCT4,1,-1,43,164,lda_shrunk,0.971382486992265,0.9715912915159944,413,44,208
perch_bird,BOAFAB,INCT4,1,-1,43,164,logistic+R20,0.9796917784745592,0.9860823306648578,413,44,208
perch_bird,BOAFAB,INCT4,1,-1,43,164,prototype,0.9638234062832088,0.9636802529964612,413,44,208
perch_bird,DENMIN,INCT17,0,0,0,0,logistic,0.9784932640787776,0.9905949229624138,870,114,173
perch_bird,DENMIN,INCT17,0,0,0,0,logistic+R37=glmm,0.9779819947712484,0.9903962066787296,870,114,173
perch_bird,DENMIN,INCT17,0,0,0,0,lda_shrunk,0.9624843644322016,0.9812955706258996,870,114,173
perch_bird,DENMIN,INCT17,0,0,0,0,logistic+R20,0.966458604674287,0.9877660420886716,870,114,173
perch_bird,DENMIN,INCT17,0,0,0,0,prototype,0.7831770102426163,0.9277399540866832,870,114,173
perch_bird,DENMIN,INCT17,0,1,1,1,logistic,0.9821368774654052,0.9916609807012554,870,114,173
perch_bird,DENMIN,INCT17,0,1,1,1,logistic+R37=glmm,0.9816664134165438,0.991598102388712,870,114,173
perch_bird,DENMIN,INCT17,0,1,1,1,lda_shrunk,0.9656712393889536,0.9815513368298882,870,114,173
perch_bird,DENMIN,INCT17,0,1,1,1,logistic+R20,0.9786875538380714,0.989855837949354,870,114,173
perch_bird,DENMIN,INCT17,0,1,1,1,prototype,0.8986580895341779,0.9642730506271388,870,114,173
perch_bird,DENMIN,INCT17,0,2,2,1,logistic,0.9695508569015204,0.9849600454795144,870,114,173
perch_bird,DENMIN,INCT17,0,2,2,1,logistic+R37=glmm,0.9738864387910368,0.9874561194260348,870,114,173
perch_bird,DENMIN,INCT17,0,2,2,1,lda_shrunk,0.9377969820661212,0.9695635007973944,870,114,173
perch_bird,DENMIN,INCT17,0,2,2,1,logistic+R20,0.9550153523406468,0.9786236140771776,870,114,173
perch_bird,DENMIN,INCT17,0,2,2,1,prototype,0.8985304577840686,0.9631453152219558,870,114,173
perch_bird,DENMIN,INCT17,0,5,5,3,logistic,0.9778100298478394,0.9894429425136658,870,114,173
perch_bird,DENMIN,INCT17,0,5,5,3,logistic+R37=glmm,0.9769608177284732,0.9891080424857088,870,114,173
perch_bird,DENMIN,INCT17,0,5,5,3,lda_shrunk,0.9502459891559758,0.9742577659522896,870,114,173
perch_bird,DENMIN,INCT17,0,5,5,3,logistic+R20,0.961418282169099,0.985352243851662,870,114,173
perch_bird,DENMIN,INCT17,0,5,5,3,prototype,0.9424413291962556,0.9803317826706442,870,114,173
perch_bird,DENMIN,INCT17,0,10,10,5,logistic,0.9829495345295216,0.9912290104023912,870,114,173
perch_bird,DENMIN,INCT17,0,10,10,5,logistic+R37=glmm,0.9822885287931232,0.991036988958232,870,114,173
perch_bird,DENMIN,INCT17,0,10,10,5,lda_shrunk,0.9705245783795228,0.984961779139556,870,114,173
perch_bird,DENMIN,INCT17,0,10,10,5,logistic+R20,0.9739265133155084,0.9910543996145836,870,114,173
perch_bird,DENMIN,INCT17,0,10,10,5,prototype,0.9766573186005392,0.9888160730802612,870,114,173
perch_bird,DENMIN,INCT17,0,20,20,10,logistic,0.990007053040762,0.9945481729752552,870,114,173
perch_bird,DENMIN,INCT17,0,20,20,10,logistic+R37=glmm,0.9891791882819464,0.994587015457028,870,114,173
perch_bird,DENMIN,INCT17,0,20,20,10,lda_shrunk,0.9836392634489118,0.9922152307698744,870,114,173
perch_bird,DENMIN,INCT17,0,20,20,10,logistic+R20,0.9839986974010226,0.9933805902735268,870,114,173
perch_bird,DENMIN,INCT17,0,20,20,10,prototype,0.9818746740446076,0.9885059673763016,870,114,173
perch_bird,DENMIN,INCT17,0,-1,114,59,logistic,0.9905664517016308,0.9921282760578002,870,114,173
perch_bird,DENMIN,INCT17,0,-1,114,59,logistic+R37=glmm,0.990598369955994,0.9919751925156834,870,114,173
perch_bird,DENMIN,INCT17,0,-1,114,59,lda_shrunk,0.985797689983826,0.9844149154079128,870,114,173
perch_bird,DENMIN,INCT17,0,-1,114,59,logistic+R20,0.9820649379140632,0.9845644999845672,870,114,173
perch_bird,DENMIN,INCT17,0,-1,114,59,prototype,0.987685080426906,0.9901424869364022,870,114,173
perch_bird,DENMIN,INCT17,1,0,0,0,logistic,0.982727130367389,0.984365409310444,903,114,173
perch_bird,DENMIN,INCT17,1,0,0,0,logistic+R37=glmm,0.9825498233229606,0.9842863881506804,903,114,173
perch_bird,DENMIN,INCT17,1,0,0,0,lda_shrunk,0.9737577073990126,0.9771229751581326,903,114,173
perch_bird,DENMIN,INCT17,1,0,0,0,logistic+R20,0.9733793418038104,0.9821919240585484,903,114,173
perch_bird,DENMIN,INCT17,1,0,0,0,prototype,0.8574680850881109,0.9410869268135716,903,114,173
perch_bird,DENMIN,INCT17,1,1,1,1,logistic,0.9851571494207044,0.9852154246915515,903,114,173
perch_bird,DENMIN,INCT17,1,1,1,1,logistic+R37=glmm,0.9849766067698972,0.9853176863321048,903,114,173
perch_bird,DENMIN,INCT17,1,1,1,1,lda_shrunk,0.9735333112811616,0.978140229424221,903,114,173
perch_bird,DENMIN,INCT17,1,1,1,1,logistic+R20,0.982675448330338,0.9868703900437976,903,114,173
perch_bird,DENMIN,INCT17,1,1,1,1,prototype,0.9528126847876324,0.9773171291975732,903,114,173
perch_bird,DENMIN,INCT17,1,2,2,1,logistic,0.9852261351349628,0.9852492862546288,903,114,173
perch_bird,DENMIN,INCT17,1,2,2,1,logistic+R37=glmm,0.9850442185993528,0.9852766926153894,903,114,173
perch_bird,DENMIN,INCT17,1,2,2,1,lda_shrunk,0.9736635782395352,0.9784633028481378,903,114,173
perch_bird,DENMIN,INCT17,1,2,2,1,logistic+R20,0.981944737732601,0.9864324685746728,903,114,173
perch_bird,DENMIN,INCT17,1,2,2,1,prototype,0.9540966388682526,0.9777617041708436,903,114,173
perch_bird,DENMIN,INCT17,1,5,5,3,logistic,0.9873462797263136,0.9865802875694653,903,114,173
perch_bird,DENMIN,INCT17,1,5,5,3,logistic+R37=glmm,0.9866463646469902,0.9869235730505184,903,114,173
perch_bird,DENMIN,INCT17,1,5,5,3,lda_shrunk,0.9788819545955684,0.9816573841525652,903,114,173
perch_bird,DENMIN,INCT17,1,5,5,3,logistic+R20,0.9780247503912451,0.9872230393287168,903,114,173
perch_bird,DENMIN,INCT17,1,5,5,3,prototype,0.9763848206037452,0.985745180208864,903,114,173
perch_bird,DENMIN,INCT17,1,10,10,5,logistic,0.9879807571409692,0.9868145170088228,903,114,173
perch_bird,DENMIN,INCT17,1,10,10,5,logistic+R37=glmm,0.9873553206684312,0.9862406537083024,903,114,173
perch_bird,DENMIN,INCT17,1,10,10,5,lda_shrunk,0.981469530646984,0.982460991789299,903,114,173
perch_bird,DENMIN,INCT17,1,10,10,5,logistic+R20,0.9891024586691712,0.9898605212701018,903,114,173
perch_bird,DENMIN,INCT17,1,10,10,5,prototype,0.9825688042301508,0.986335901195796,903,114,173
perch_bird,DENMIN,INCT17,1,20,20,10,logistic,0.9886922335862194,0.9882976096016958,903,114,173
perch_bird,DENMIN,INCT17,1,20,20,10,logistic+R37=glmm,0.9886729997604844,0.988239676544342,903,114,173
perch_bird,DENMIN,INCT17,1,20,20,10,lda_shrunk,0.9823553874628734,0.9832401389917772,903,114,173
perch_bird,DENMIN,INCT17,1,20,20,10,logistic+R20,0.9872072797867152,0.9910076254047996,903,114,173
perch_bird,DENMIN,INCT17,1,20,20,10,prototype,0.9900891902638732,0.9909560059933502,903,114,173
perch_bird,DENMIN,INCT17,1,-1,114,59,logistic,0.991599246224605,0.9885142185635974,903,114,173
perch_bird,DENMIN,INCT17,1,-1,114,59,logistic+R37=glmm,0.9916222306645106,0.9883662382258696,903,114,173
perch_bird,DENMIN,INCT17,1,-1,114,59,lda_shrunk,0.9871296502170098,0.9807600712050584,903,114,173
perch_bird,DENMIN,INCT17,1,-1,114,59,logistic+R20,0.9896805078222088,0.98655513865278,903,114,173
perch_bird,DENMIN,INCT17,1,-1,114,59,prototype,0.9922566997885532,0.9908338195315688,903,114,173
perch_bird,DENMIN,INCT20955,0,0,0,0,logistic,0.3636625807610961,0.4268368003610923,117,18,234
perch_bird,DENMIN,INCT20955,0,0,0,0,logistic+R37=glmm,0.3632656678073979,0.4266380566300232,117,18,234
perch_bird,DENMIN,INCT20955,0,0,0,0,lda_shrunk,0.1538329535889696,0.2313286135319307,117,18,234
perch_bird,DENMIN,INCT20955,0,0,0,0,logistic+R20,0.4197753518047347,0.4316188125540872,117,18,234
perch_bird,DENMIN,INCT20955,0,0,0,0,prototype,0.2967109478862578,0.3801584434478546,117,18,234
perch_bird,DENMIN,INCT20955,0,1,1,12,logistic,0.2880768052967456,0.3761993865832708,117,18,234
perch_bird,DENMIN,INCT20955,0,1,1,12,logistic+R37=glmm,0.2887478452445938,0.378603360376839,117,18,234
perch_bird,DENMIN,INCT20955,0,1,1,12,lda_shrunk,0.2662165748267264,0.3469787860905626,117,18,234
perch_bird,DENMIN,INCT20955,0,1,1,12,logistic+R20,0.2882116412302052,0.3354090183557083,117,18,234
perch_bird,DENMIN,INCT20955,0,1,1,12,prototype,0.2720595644095268,0.336108485680267,117,18,234
perch_bird,DENMIN,INCT20955,0,2,2,24,logistic,0.3310707818155491,0.4097422730106669,117,18,234
perch_bird,DENMIN,INCT20955,0,2,2,24,logistic+R37=glmm,0.3328756567530147,0.3999246564670206,117,18,234
perch_bird,DENMIN,INCT20955,0,2,2,24,lda_shrunk,0.3094322647346172,0.3837358539160193,117,18,234
perch_bird,DENMIN,INCT20955,0,2,2,24,logistic+R20,0.3324572644502429,0.3930012836802724,117,18,234
perch_bird,DENMIN,INCT20955,0,2,2,24,prototype,0.2765360847117561,0.3589802894580914,117,18,234
perch_bird,DENMIN,INCT20955,0,5,5,60,logistic,0.5872791289032143,0.6949862741074428,117,18,234
perch_bird,DENMIN,INCT20955,0,5,5,60,logistic+R37=glmm,0.6014807126180224,0.7057773419236031,117,18,234
perch_bird,DENMIN,INCT20955,0,5,5,60,lda_shrunk,0.5236863620660275,0.5893275359472916,117,18,234
perch_bird,DENMIN,INCT20955,0,5,5,60,logistic+R20,0.4102141555014553,0.4449866692023859,117,18,234
perch_bird,DENMIN,INCT20955,0,5,5,60,prototype,0.2172320863926501,0.2899628248007171,117,18,234
perch_bird,DENMIN,INCT20955,0,10,10,119,logistic,0.7137312170483959,0.7926663322556982,117,18,234
perch_bird,DENMIN,INCT20955,0,10,10,119,logistic+R37=glmm,0.7178606701349518,0.7905519917041279,117,18,234
perch_bird,DENMIN,INCT20955,0,10,10,119,lda_shrunk,0.6509299840471834,0.6992877779018647,117,18,234
perch_bird,DENMIN,INCT20955,0,10,10,119,logistic+R20,0.6145719336629784,0.6418174962278143,117,18,234
perch_bird,DENMIN,INCT20955,0,10,10,119,prototype,0.1360586075617815,0.2023031049679925,117,18,234
perch_bird,DENMIN,INCT20955,0,20,20,239,logistic,0.7525027048937553,0.8172887169689967,117,18,234
perch_bird,DENMIN,INCT20955,0,20,20,239,logistic+R37=glmm,0.7592209499837467,0.8109077476685004,117,18,234
perch_bird,DENMIN,INCT20955,0,20,20,239,lda_shrunk,0.7522943965259302,0.7957644944370609,117,18,234
perch_bird,DENMIN,INCT20955,0,20,20,239,logistic+R20,0.66778951599376,0.677063362825421,117,18,234
perch_bird,DENMIN,INCT20955,0,20,20,239,prototype,0.0875863013854482,0.1493200939906078,117,18,234
perch_bird,DENMIN,INCT20955,0,-1,18,215,logistic,0.7525027048937553,0.8172887169689967,117,18,234
perch_bird,DENMIN,INCT20955,0,-1,18,215,logistic+R37=glmm,0.7592209499837467,0.8109077476685004,117,18,234
perch_bird,DENMIN,INCT20955,0,-1,18,215,lda_shrunk,0.7522943965259302,0.7957644944370609,117,18,234
perch_bird,DENMIN,INCT20955,0,-1,18,215,logistic+R20,0.66778951599376,0.677063362825421,117,18,234
perch_bird,DENMIN,INCT20955,0,-1,18,215,prototype,0.0875863013854482,0.1493200939906078,117,18,234
perch_bird,DENMIN,INCT20955,1,0,0,0,logistic,0.1355393339436739,0.2776291863232348,112,18,234
perch_bird,DENMIN,INCT20955,1,0,0,0,logistic+R37=glmm,0.1353286749429397,0.2770462071361366,112,18,234
perch_bird,DENMIN,INCT20955,1,0,0,0,lda_shrunk,0.1049628658656368,0.2186174430646048,112,18,234
perch_bird,DENMIN,INCT20955,1,0,0,0,logistic+R20,0.2014511836014355,0.3703363701381134,112,18,234
perch_bird,DENMIN,INCT20955,1,0,0,0,prototype,0.1025711964934212,0.1845016245735706,112,18,234
perch_bird,DENMIN,INCT20955,1,1,1,12,logistic,0.1140410736245291,0.259272371877434,112,18,234
perch_bird,DENMIN,INCT20955,1,1,1,12,logistic+R37=glmm,0.1137982777581565,0.2564557751254007,112,18,234
perch_bird,DENMIN,INCT20955,1,1,1,12,lda_shrunk,0.1191349475782512,0.2832527201709089,112,18,234
perch_bird,DENMIN,INCT20955,1,1,1,12,logistic+R20,0.2109538651987944,0.3768095339417171,112,18,234
perch_bird,DENMIN,INCT20955,1,1,1,12,prototype,0.109041248350422,0.1986828135691819,112,18,234
perch_bird,DENMIN,INCT20955,1,2,2,24,logistic,0.0982344735331358,0.2419047709540451,112,18,234
perch_bird,DENMIN,INCT20955,1,2,2,24,logistic+R37=glmm,0.0994946433469386,0.2412050635259257,112,18,234
perch_bird,DENMIN,INCT20955,1,2,2,24,lda_shrunk,0.1126529089723041,0.2802198388478081,112,18,234
perch_bird,DENMIN,INCT20955,1,2,2,24,logistic+R20,0.1577908974991904,0.3170100375675962,112,18,234
perch_bird,DENMIN,INCT20955,1,2,2,24,prototype,0.0926903624825568,0.1778350238915918,112,18,234
perch_bird,DENMIN,INCT20955,1,5,5,60,logistic,0.3534313077251339,0.6904034093956575,112,18,234
perch_bird,DENMIN,INCT20955,1,5,5,60,logistic+R37=glmm,0.3603849307319232,0.7033552435344187,112,18,234
perch_bird,DENMIN,INCT20955,1,5,5,60,lda_shrunk,0.3643567124182191,0.6778505694916976,112,18,234
perch_bird,DENMIN,INCT20955,1,5,5,60,logistic+R20,0.3182191504379959,0.6229869404397507,112,18,234
perch_bird,DENMIN,INCT20955,1,5,5,60,prototype,0.095894443125066,0.1951828361837968,112,18,234
perch_bird,DENMIN,INCT20955,1,10,10,119,logistic,0.4895195655823314,0.8814105911145385,112,18,234
perch_bird,DENMIN,INCT20955,1,10,10,119,logistic+R37=glmm,0.4946848775876144,0.8806938392698387,112,18,234
perch_bird,DENMIN,INCT20955,1,10,10,119,lda_shrunk,0.4988861329166537,0.8287308098908819,112,18,234
perch_bird,DENMIN,INCT20955,1,10,10,119,logistic+R20,0.4586079392906549,0.7411129646541134,112,18,234
perch_bird,DENMIN,INCT20955,1,10,10,119,prototype,0.0973018305919169,0.199886978502354,112,18,234
perch_bird,DENMIN,INCT20955,1,20,20,239,logistic,0.5955800168738954,0.8929232086321639,112,18,234
perch_bird,DENMIN,INCT20955,1,20,20,239,logistic+R37=glmm,0.5918922152270168,0.8819834879543755,112,18,234
perch_bird,DENMIN,INCT20955,1,20,20,239,lda_shrunk,0.5732289383921849,0.8033683888050738,112,18,234
perch_bird,DENMIN,INCT20955,1,20,20,239,logistic+R20,0.4276865163805083,0.7055296305025229,112,18,234
perch_bird,DENMIN,INCT20955,1,20,20,239,prototype,0.0697736042965569,0.1482334715705829,112,18,234
perch_bird,DENMIN,INCT20955,1,-1,18,215,logistic,0.5955800168738954,0.8929232086321639,112,18,234
perch_bird,DENMIN,INCT20955,1,-1,18,215,logistic+R37=glmm,0.5918922152270168,0.8819834879543755,112,18,234
perch_bird,DENMIN,INCT20955,1,-1,18,215,lda_shrunk,0.5732289383921849,0.8033683888050738,112,18,234
perch_bird,DENMIN,INCT20955,1,-1,18,215,logistic+R20,0.4276865163805083,0.7055296305025229,112,18,234
perch_bird,DENMIN,INCT20955,1,-1,18,215,prototype,0.0697736042965569,0.1482334715705829,112,18,234
perch_bird,LEPLAT,INCT20955,0,0,0,0,logistic,0.712478510570273,0.7739311562930102,704,88,228
perch_bird,LEPLAT,INCT20955,0,0,0,0,logistic+R37=glmm,0.7129637784579739,0.7739007801097999,704,88,228
perch_bird,LEPLAT,INCT20955,0,0,0,0,lda_shrunk,0.5394947984711639,0.6313995005090309,704,88,228
perch_bird,LEPLAT,INCT20955,0,0,0,0,logistic+R20,0.7290626849434032,0.7773340521007561,704,88,228
perch_bird,LEPLAT,INCT20955,0,0,0,0,prototype,0.7517331453022535,0.8153495073906095,704,88,228
perch_bird,LEPLAT,INCT20955,0,1,1,2,logistic,0.770601751898834,0.8436289548125402,704,88,228
perch_bird,LEPLAT,INCT20955,0,1,1,2,logistic+R37=glmm,0.8085652955920695,0.8586788736029962,704,88,228
perch_bird,LEPLAT,INCT20955,0,1,1,2,lda_shrunk,0.7637003743895849,0.8258477334132406,704,88,228
perch_bird,LEPLAT,INCT20955,0,1,1,2,logistic+R20,0.6325267037627554,0.7707402311157576,704,88,228
perch_bird,LEPLAT,INCT20955,0,1,1,2,prototype,0.7421837517784002,0.8169409432593844,704,88,228
perch_bird,LEPLAT,INCT20955,0,2,2,3,logistic,0.7731759820357431,0.8355503293908698,704,88,228
perch_bird,LEPLAT,INCT20955,0,2,2,3,logistic+R37=glmm,0.8196500836505844,0.8609650400191031,704,88,228
perch_bird,LEPLAT,INCT20955,0,2,2,3,lda_shrunk,0.7623004303385873,0.8206000627049082,704,88,228
perch_bird,LEPLAT,INCT20955,0,2,2,3,logistic+R20,0.6428126851318919,0.7354226732115537,704,88,228
perch_bird,LEPLAT,INCT20955,0,2,2,3,prototype,0.7004099706370513,0.7817242893569187,704,88,228
perch_bird,LEPLAT,INCT20955,0,5,5,8,logistic,0.757387909110928,0.8136596776440154,704,88,228
perch_bird,LEPLAT,INCT20955,0,5,5,8,logistic+R37=glmm,0.7610650956424004,0.8153446439326675,704,88,228
perch_bird,LEPLAT,INCT20955,0,5,5,8,lda_shrunk,0.7560603971441522,0.8101117492678639,704,88,228
perch_bird,LEPLAT,INCT20955,0,5,5,8,logistic+R20,0.6192077025339545,0.7000344312393497,704,88,228
perch_bird,LEPLAT,INCT20955,0,5,5,8,prototype,0.6412046273238456,0.7304195412464893,704,88,228
perch_bird,LEPLAT,INCT20955,0,10,10,16,logistic,0.7738553641176742,0.8174728734083156,704,88,228
perch_bird,LEPLAT,INCT20955,0,10,10,16,logistic+R37=glmm,0.7755404383893194,0.8193347977009758,704,88,228
perch_bird,LEPLAT,INCT20955,0,10,10,16,lda_shrunk,0.7743556961946939,0.8375044397722274,704,88,228
perch_bird,LEPLAT,INCT20955,0,10,10,16,logistic+R20,0.6653009719319298,0.7277857628687803,704,88,228
perch_bird,LEPLAT,INCT20955,0,10,10,16,prototype,0.6102191685757402,0.7078566016600081,704,88,228
perch_bird,LEPLAT,INCT20955,0,20,20,32,logistic,0.8062028648015318,0.8532694537761727,704,88,228
perch_bird,LEPLAT,INCT20955,0,20,20,32,logistic+R37=glmm,0.806871002462294,0.853676514052189,704,88,228
perch_bird,LEPLAT,INCT20955,0,20,20,32,lda_shrunk,0.7728258402260162,0.8365585791944516,704,88,228
perch_bird,LEPLAT,INCT20955,0,20,20,32,logistic+R20,0.7451198469739551,0.8054133997339249,704,88,228
perch_bird,LEPLAT,INCT20955,0,20,20,32,prototype,0.63182548064717,0.7113023590353925,704,88,228
perch_bird,LEPLAT,INCT20955,0,-1,88,140,logistic,0.8884048777103941,0.9333516150937394,704,88,228
perch_bird,LEPLAT,INCT20955,0,-1,88,140,logistic+R37=glmm,0.8884270476388151,0.9332722043964488,704,88,228
perch_bird,LEPLAT,INCT20955,0,-1,88,140,lda_shrunk,0.8834138484889897,0.9447892644266036,704,88,228
perch_bird,LEPLAT,INCT20955,0,-1,88,140,logistic+R20,0.880174999698024,0.9250392924211166,704,88,228
perch_bird,LEPLAT,INCT20955,0,-1,88,140,prototype,0.6510582975369634,0.7281149514464693,704,88,228
perch_bird,LEPLAT,INCT20955,1,0,0,0,logistic,0.789740912956148,0.8357757615939854,762,88,228
perch_bird,LEPLAT,INCT20955,1,0,0,0,logistic+R37=glmm,0.7904537561686177,0.8354904870698698,762,88,228
perch_bird,LEPLAT,INCT20955,1,0,0,0,lda_shrunk,0.6303445460625247,0.7016148179166197,762,88,228
perch_bird,LEPLAT,INCT20955,1,0,0,0,logistic+R20,0.797490587772418,0.8417139026725291,762,88,228
perch_bird,LEPLAT,INCT20955,1,0,0,0,prototype,0.8207531135694442,0.8725363859990202,762,88,228
perch_bird,LEPLAT,INCT20955,1,1,1,2,logistic,0.8266587109828809,0.8927753227320783,762,88,228
perch_bird,LEPLAT,INCT20955,1,1,1,2,logistic+R37=glmm,0.8284472823737221,0.8930593314945576,762,88,228
perch_bird,LEPLAT,INCT20955,1,1,1,2,lda_shrunk,0.7232950242501792,0.8016311855636952,762,88,228
perch_bird,LEPLAT,INCT20955,1,1,1,2,logistic+R20,0.6354226564969186,0.7672496207908002,762,88,228
perch_bird,LEPLAT,INCT20955,1,1,1,2,prototype,0.8342137304164454,0.8894630630204253,762,88,228
perch_bird,LEPLAT,INCT20955,1,2,2,3,logistic,0.7292694919555972,0.8258048811680889,762,88,228
perch_bird,LEPLAT,INCT20955,1,2,2,3,logistic+R37=glmm,0.7320938128371971,0.8144033234787673,762,88,228
perch_bird,LEPLAT,INCT20955,1,2,2,3,lda_shrunk,0.688161255951096,0.7760666977622308,762,88,228
perch_bird,LEPLAT,INCT20955,1,2,2,3,logistic+R20,0.4539257111853382,0.6068067846978734,762,88,228
perch_bird,LEPLAT,INCT20955,1,2,2,3,prototype,0.8441815544005455,0.8994169652962795,762,88,228
perch_bird,LEPLAT,INCT20955,1,5,5,8,logistic,0.8302213552587869,0.8905772714982384,762,88,228
perch_bird,LEPLAT,INCT20955,1,5,5,8,logistic+R37=glmm,0.8348615304503998,0.8968538262381504,762,88,228
perch_bird,LEPLAT,INCT20955,1,5,5,8,lda_shrunk,0.7565856865767964,0.8273714936036735,762,88,228
perch_bird,LEPLAT,INCT20955,1,5,5,8,logistic+R20,0.7073191451974268,0.8087906310599674,762,88,228
perch_bird,LEPLAT,INCT20955,1,5,5,8,prototype,0.7836101267067619,0.8472284266632117,762,88,228
perch_bird,LEPLAT,INCT20955,1,10,10,16,logistic,0.8570327788122352,0.9026749546953472,762,88,228
perch_bird,LEPLAT,INCT20955,1,10,10,16,logistic+R37=glmm,0.8560907410309921,0.9018167912951582,762,88,228
perch_bird,LEPLAT,INCT20955,1,10,10,16,lda_shrunk,0.7978173686583663,0.8567124537927987,762,88,228
perch_bird,LEPLAT,INCT20955,1,10,10,16,logistic+R20,0.7757921254627358,0.8521053036250908,762,88,228
perch_bird,LEPLAT,INCT20955,1,10,10,16,prototype,0.7821616225244681,0.8434329719803038,762,88,228
perch_bird,LEPLAT,INCT20955,1,20,20,32,logistic,0.8581594743681022,0.897220475798572,762,88,228
perch_bird,LEPLAT,INCT20955,1,20,20,32,logistic+R37=glmm,0.8600533725713471,0.8979877727880198,762,88,228
perch_bird,LEPLAT,INCT20955,1,20,20,32,lda_shrunk,0.8266975275224878,0.8669683976708836,762,88,228
perch_bird,LEPLAT,INCT20955,1,20,20,32,logistic+R20,0.8143740658222933,0.8722214836886721,762,88,228
perch_bird,LEPLAT,INCT20955,1,20,20,32,prototype,0.7696651124496329,0.8228354527491154,762,88,228
perch_bird,LEPLAT,INCT20955,1,-1,88,140,logistic,0.9270275151814916,0.9581880334591312,762,88,228
perch_bird,LEPLAT,INCT20955,1,-1,88,140,logistic+R37=glmm,0.927162007618694,0.9581880334591312,762,88,228
perch_bird,LEPLAT,INCT20955,1,-1,88,140,lda_shrunk,0.9163110952131824,0.9600930755186958,762,88,228
perch_bird,LEPLAT,INCT20955,1,-1,88,140,logistic+R20,0.9164940108550566,0.9512898328558748,762,88,228
perch_bird,LEPLAT,INCT20955,1,-1,88,140,prototype,0.7832033333983658,0.835528625968702,762,88,228
perch_bird,PHYCUV,INCT17,0,0,0,0,logistic,0.7336096156103531,0.881253831669294,53,16,176
perch_bird,PHYCUV,INCT17,0,0,0,0,logistic+R37=glmm,0.7375504181059127,0.8839854750259375,53,16,176
perch_bird,PHYCUV,INCT17,0,0,0,0,lda_shrunk,0.6328089372803806,0.7607263533089439,53,16,176
perch_bird,PHYCUV,INCT17,0,0,0,0,logistic+R20,0.7539139559981918,0.8772527472527473,53,16,176
perch_bird,PHYCUV,INCT17,0,0,0,0,prototype,0.3331136681719818,0.6466742651714491,53,16,176
perch_bird,PHYCUV,INCT17,0,1,1,11,logistic,0.7428866417480874,0.884219348659004,53,16,176
perch_bird,PHYCUV,INCT17,0,1,1,11,logistic+R37=glmm,0.7453049392658898,0.884219348659004,53,16,176
perch_bird,PHYCUV,INCT17,0,1,1,11,lda_shrunk,0.6936759722374999,0.8115300487664945,53,16,176
perch_bird,PHYCUV,INCT17,0,1,1,11,logistic+R20,0.7651915082899452,0.8839194139194139,53,16,176
perch_bird,PHYCUV,INCT17,0,1,1,11,prototype,0.3339218676195418,0.6391366148233091,53,16,176
perch_bird,PHYCUV,INCT17,0,2,2,21,logistic,0.773905309530968,0.885922619047619,53,16,176
perch_bird,PHYCUV,INCT17,0,2,2,21,logistic+R37=glmm,0.7705064627507305,0.885922619047619,53,16,176
perch_bird,PHYCUV,INCT17,0,2,2,21,lda_shrunk,0.7228645623316706,0.8295024420024419,53,16,176
perch_bird,PHYCUV,INCT17,0,2,2,21,logistic+R20,0.7826997728054667,0.879030784030784,53,16,176
perch_bird,PHYCUV,INCT17,0,2,2,21,prototype,0.3439383148815009,0.6432157242795238,53,16,176
perch_bird,PHYCUV,INCT17,0,5,5,53,logistic,0.7573558576351748,0.8903733766233767,53,16,176
perch_bird,PHYCUV,INCT17,0,5,5,53,logistic+R37=glmm,0.7587838712701298,0.8912611607142856,53,16,176
perch_bird,PHYCUV,INCT17,0,5,5,53,lda_shrunk,0.7551836137284375,0.8397611140116796,53,16,176
perch_bird,PHYCUV,INCT17,0,5,5,53,logistic+R20,0.7754446285414476,0.8797062211981567,53,16,176
perch_bird,PHYCUV,INCT17,0,5,5,53,prototype,0.4033792936454058,0.6567753984941375,53,16,176
perch_bird,PHYCUV,INCT17,0,10,10,106,logistic,0.7807375099854628,0.897082353709509,53,16,176
perch_bird,PHYCUV,INCT17,0,10,10,106,logistic+R37=glmm,0.7835148572843854,0.9006746626686657,53,16,176
perch_bird,PHYCUV,INCT17,0,10,10,106,lda_shrunk,0.786563606125717,0.8522713264299802,53,16,176
perch_bird,PHYCUV,INCT17,0,10,10,106,logistic+R20,0.7913485901074272,0.8875738250816789,53,16,176
perch_bird,PHYCUV,INCT17,0,10,10,106,prototype,0.3930026700883993,0.6706136290246762,53,16,176
perch_bird,PHYCUV,INCT17,0,20,20,212,logistic,0.797370190725341,0.9008098891730604,53,16,176
perch_bird,PHYCUV,INCT17,0,20,20,212,logistic+R37=glmm,0.7995633738303063,0.9008098891730604,53,16,176
perch_bird,PHYCUV,INCT17,0,20,20,212,lda_shrunk,0.8035242888948597,0.8747967064400131,53,16,176
perch_bird,PHYCUV,INCT17,0,20,20,212,logistic+R20,0.7999223704881631,0.9026974627936166,53,16,176
perch_bird,PHYCUV,INCT17,0,20,20,212,prototype,0.3961949391777929,0.6717802711787262,53,16,176
perch_bird,PHYCUV,INCT17,0,-1,15,159,logistic,0.797370190725341,0.9008098891730604,53,16,176
perch_bird,PHYCUV,INCT17,0,-1,15,159,logistic+R37=glmm,0.7995633738303063,0.9008098891730604,53,16,176
perch_bird,PHYCUV,INCT17,0,-1,15,159,lda_shrunk,0.8035242888948597,0.8747967064400131,53,16,176
perch_bird,PHYCUV,INCT17,0,-1,15,159,logistic+R20,0.7999223704881631,0.9026974627936166,53,16,176
perch_bird,PHYCUV,INCT17,0,-1,15,159,prototype,0.3961949391777929,0.6717802711787262,53,16,176
perch_bird,PHYCUV,INCT17,1,0,0,0,logistic,0.8955372417119597,0.9901315789473684,56,16,176
perch_bird,PHYCUV,INCT17,1,0,0,0,logistic+R37=glmm,0.8957984754252205,0.9901315789473684,56,16,176
perch_bird,PHYCUV,INCT17,1,0,0,0,lda_shrunk,0.6757314438213776,0.8966806220095693,56,16,176
perch_bird,PHYCUV,INCT17,1,0,0,0,logistic+R20,0.946029703057041,0.9963235294117648,56,16,176
perch_bird,PHYCUV,INCT17,1,0,0,0,prototype,0.5774389209091225,0.8688301282051283,56,16,176
perch_bird,PHYCUV,INCT17,1,1,1,11,logistic,0.8944608606631639,0.9901315789473684,56,16,176
perch_bird,PHYCUV,INCT17,1,1,1,11,logistic+R37=glmm,0.8958299526669138,0.9901315789473684,56,16,176
perch_bird,PHYCUV,INCT17,1,1,1,11,lda_shrunk,0.8012381666745118,0.9440241228070176,56,16,176
perch_bird,PHYCUV,INCT17,1,1,1,11,logistic+R20,0.9475818481147452,1.0,56,16,176
perch_bird,PHYCUV,INCT17,1,1,1,11,prototype,0.6309672421397238,0.911126297109753,56,16,176
perch_bird,PHYCUV,INCT17,1,2,2,21,logistic,0.8962945234445122,0.9901315789473684,56,16,176
perch_bird,PHYCUV,INCT17,1,2,2,21,logistic+R37=glmm,0.8993062508206557,0.9901315789473684,56,16,176
perch_bird,PHYCUV,INCT17,1,2,2,21,lda_shrunk,0.8064798689744109,0.9564628482972136,56,16,176
perch_bird,PHYCUV,INCT17,1,2,2,21,logistic+R20,0.9480582071730096,1.0,56,16,176
perch_bird,PHYCUV,INCT17,1,2,2,21,prototype,0.6118059073485472,0.9036048153235654,56,16,176
perch_bird,PHYCUV,INCT17,1,5,5,53,logistic,0.8872449951871358,0.9930555555555556,56,16,176
perch_bird,PHYCUV,INCT17,1,5,5,53,logistic+R37=glmm,0.889021234866788,0.9930555555555556,56,16,176
perch_bird,PHYCUV,INCT17,1,5,5,53,lda_shrunk,0.9075355639310018,1.0,56,16,176
perch_bird,PHYCUV,INCT17,1,5,5,53,logistic+R20,0.9451470631836648,1.0,56,16,176
perch_bird,PHYCUV,INCT17,1,5,5,53,prototype,0.5911099163457527,0.9009110427116582,56,16,176
perch_bird,PHYCUV,INCT17,1,10,10,106,logistic,0.908278805372064,0.96875,56,16,176
perch_bird,PHYCUV,INCT17,1,10,10,106,logistic+R37=glmm,0.907553852102326,0.96875,56,16,176
perch_bird,PHYCUV,INCT17,1,10,10,106,lda_shrunk,0.9537100303222884,1.0,56,16,176
perch_bird,PHYCUV,INCT17,1,10,10,106,logistic+R20,0.9239734072850064,0.9791666666666666,56,16,176
perch_bird,PHYCUV,INCT17,1,10,10,106,prototype,0.5183264332035358,0.8693845411124823,56,16,176
perch_bird,PHYCUV,INCT17,1,20,20,212,logistic,0.9500863150308476,0.9875,56,16,176
perch_bird,PHYCUV,INCT17,1,20,20,212,logistic+R37=glmm,0.9474763585714896,0.9809782608695652,56,16,176
perch_bird,PHYCUV,INCT17,1,20,20,212,lda_shrunk,0.9766312997780912,1.0,56,16,176
perch_bird,PHYCUV,INCT17,1,20,20,212,logistic+R20,0.9665033045302304,0.9963235294117648,56,16,176
perch_bird,PHYCUV,INCT17,1,20,20,212,prototype,0.4857683766138012,0.8766317594442594,56,16,176
perch_bird,PHYCUV,INCT17,1,-1,15,159,logistic,0.9500863150308476,0.9875,56,16,176
perch_bird,PHYCUV,INCT17,1,-1,15,159,logistic+R37=glmm,0.9474763585714896,0.9809782608695652,56,16,176
perch_bird,PHYCUV,INCT17,1,-1,15,159,lda_shrunk,0.9766312997780912,1.0,56,16,176
perch_bird,PHYCUV,INCT17,1,-1,15,159,logistic+R20,0.9665033045302304,0.9963235294117648,56,16,176
perch_bird,PHYCUV,INCT17,1,-1,15,159,prototype,0.4857683766138012,0.8766317594442594,56,16,176
perch_bird,PHYCUV,INCT20955,0,0,0,0,logistic,0.6661185953431851,0.9059534340358452,167,39,227
perch_bird,PHYCUV,INCT20955,0,0,0,0,logistic+R37=glmm,0.6631016851903925,0.903491180723112,167,39,227
perch_bird,PHYCUV,INCT20955,0,0,0,0,lda_shrunk,0.7355766779916459,0.9260817886309975,167,39,227
perch_bird,PHYCUV,INCT20955,0,0,0,0,logistic+R20,0.6433095317156862,0.8752527120698051,167,39,227
perch_bird,PHYCUV,INCT20955,0,0,0,0,prototype,0.4712640617230365,0.7107135044449414,167,39,227
perch_bird,PHYCUV,INCT20955,0,1,1,5,logistic,0.670906081068225,0.9098178083877202,167,39,227
perch_bird,PHYCUV,INCT20955,0,1,1,5,logistic+R37=glmm,0.6673729674979597,0.9079245969758932,167,39,227
perch_bird,PHYCUV,INCT20955,0,1,1,5,lda_shrunk,0.739948775541049,0.9287740695428928,167,39,227
perch_bird,PHYCUV,INCT20955,0,1,1,5,logistic+R20,0.6565983992948495,0.8825607436608961,167,39,227
perch_bird,PHYCUV,INCT20955,0,1,1,5,prototype,0.4704402634800681,0.7094284286532296,167,39,227
perch_bird,PHYCUV,INCT20955,0,2,2,10,logistic,0.680514047562687,0.9108810149782808,167,39,227
perch_bird,PHYCUV,INCT20955,0,2,2,10,logistic+R37=glmm,0.6779765156694908,0.908478819430924,167,39,227
perch_bird,PHYCUV,INCT20955,0,2,2,10,lda_shrunk,0.76565184860111,0.9479067348403968,167,39,227
perch_bird,PHYCUV,INCT20955,0,2,2,10,logistic+R20,0.6565500514534671,0.8854927890699116,167,39,227
perch_bird,PHYCUV,INCT20955,0,2,2,10,prototype,0.4781769905101138,0.7187867270247158,167,39,227
perch_bird,PHYCUV,INCT20955,0,5,5,25,logistic,0.6889233073239549,0.910274897974308,167,39,227
perch_bird,PHYCUV,INCT20955,0,5,5,25,logistic+R37=glmm,0.68641428975456,0.9092374885293204,167,39,227
perch_bird,PHYCUV,INCT20955,0,5,5,25,lda_shrunk,0.7302793166002106,0.9232550799688284,167,39,227
perch_bird,PHYCUV,INCT20955,0,5,5,25,logistic+R20,0.6738216907110628,0.895064225708933,167,39,227
perch_bird,PHYCUV,INCT20955,0,5,5,25,prototype,0.4942273407282185,0.7399801938784238,167,39,227
perch_bird,PHYCUV,INCT20955,0,10,10,49,logistic,0.7633610425005684,0.946748031026708,167,39,227
perch_bird,PHYCUV,INCT20955,0,10,10,49,logistic+R37=glmm,0.7626647992666672,0.9461266557160204,167,39,227
perch_bird,PHYCUV,INCT20955,0,10,10,49,lda_shrunk,0.8175277342175408,0.9577592016088238,167,39,227
perch_bird,PHYCUV,INCT20955,0,10,10,49,logistic+R20,0.7589509872668517,0.9384922221052552,167,39,227
perch_bird,PHYCUV,INCT20955,0,10,10,49,prototype,0.5641645212603498,0.8102618625764051,167,39,227
perch_bird,PHYCUV,INCT20955,0,20,20,98,logistic,0.8070704784693882,0.9618700473299024,167,39,227
perch_bird,PHYCUV,INCT20955,0,20,20,98,logistic+R37=glmm,0.8070859996199652,0.9618700473299024,167,39,227
perch_bird,PHYCUV,INCT20955,0,20,20,98,lda_shrunk,0.8730518863987531,0.9857794228357264,167,39,227
perch_bird,PHYCUV,INCT20955,0,20,20,98,logistic+R20,0.8077838043179771,0.9607078834390552,167,39,227
perch_bird,PHYCUV,INCT20955,0,20,20,98,prototype,0.6564083775224051,0.8971720281155203,167,39,227
perch_bird,PHYCUV,INCT20955,0,-1,38,187,logistic,0.8250888310353592,0.9705174401831496,167,39,227
perch_bird,PHYCUV,INCT20955,0,-1,38,187,logistic+R37=glmm,0.8252246513986201,0.9710569523505688,167,39,227
perch_bird,PHYCUV,INCT20955,0,-1,38,187,lda_shrunk,0.8928005228706912,0.9913146109675192,167,39,227
perch_bird,PHYCUV,INCT20955,0,-1,38,187,logistic+R20,0.8267014831890648,0.9696650224873388,167,39,227
perch_bird,PHYCUV,INCT20955,0,-1,38,187,prototype,0.5396881149845002,0.840057248837601,167,39,227
perch_bird,PHYCUV,INCT20955,1,0,0,0,logistic,0.6169086310168951,0.9118672269477622,193,39,227
perch_bird,PHYCUV,INCT20955,1,0,0,0,logistic+R37=glmm,0.6113101469382969,0.910641628235615,193,39,227
perch_bird,PHYCUV,INCT20955,1,0,0,0,lda_shrunk,0.6507740992992078,0.8958687016461055,193,39,227
perch_bird,PHYCUV,INCT20955,1,0,0,0,logistic+R20,0.5659603200331699,0.8873148426154532,193,39,227
perch_bird,PHYCUV,INCT20955,1,0,0,0,prototype,0.3813804968445497,0.7417932006469753,193,39,227
perch_bird,PHYCUV,INCT20955,1,1,1,5,logistic,0.5984744538955855,0.902674476077144,193,39,227
perch_bird,PHYCUV,INCT20955,1,1,1,5,logistic+R37=glmm,0.592974555333844,0.9013218978909096,193,39,227
perch_bird,PHYCUV,INCT20955,1,1,1,5,lda_shrunk,0.6578797881873305,0.896660894653337,193,39,227
perch_bird,PHYCUV,INCT20955,1,1,1,5,logistic+R20,0.5590895457621331,0.8864651822371188,193,39,227
perch_bird,PHYCUV,INCT20955,1,1,1,5,prototype,0.3882696403071892,0.7506721551329489,193,39,227
perch_bird,PHYCUV,INCT20955,1,2,2,10,logistic,0.6010012128547159,0.9030279730625712,193,39,227
perch_bird,PHYCUV,INCT20955,1,2,2,10,logistic+R37=glmm,0.5949173083050647,0.90088807697787,193,39,227
perch_bird,PHYCUV,INCT20955,1,2,2,10,lda_shrunk,0.6978872928229377,0.925281657162506,193,39,227
perch_bird,PHYCUV,INCT20955,1,2,2,10,logistic+R20,0.5702270271417413,0.8911453910040874,193,39,227
perch_bird,PHYCUV,INCT20955,1,2,2,10,prototype,0.3818128042574053,0.7432291877662484,193,39,227
perch_bird,PHYCUV,INCT20955,1,5,5,25,logistic,0.7176332030053332,0.9439857854768502,193,39,227
perch_bird,PHYCUV,INCT20955,1,5,5,25,logistic+R37=glmm,0.7157892948906482,0.9422000146683992,193,39,227
perch_bird,PHYCUV,INCT20955,1,5,5,25,lda_shrunk,0.7847091544417878,0.9575738437277046,193,39,227
perch_bird,PHYCUV,INCT20955,1,5,5,25,logistic+R20,0.6914422100974701,0.9382163495505648,193,39,227
perch_bird,PHYCUV,INCT20955,1,5,5,25,prototype,0.4597741943128904,0.812165320305221,193,39,227
perch_bird,PHYCUV,INCT20955,1,10,10,49,logistic,0.7486892027287841,0.9410482364871954,193,39,227
perch_bird,PHYCUV,INCT20955,1,10,10,49,logistic+R37=glmm,0.7480171321889346,0.940821864104626,193,39,227
perch_bird,PHYCUV,INCT20955,1,10,10,49,lda_shrunk,0.7947345890284917,0.9669770032529432,193,39,227
perch_bird,PHYCUV,INCT20955,1,10,10,49,logistic+R20,0.7400206769337969,0.9431883542491954,193,39,227
perch_bird,PHYCUV,INCT20955,1,10,10,49,prototype,0.6141595186191955,0.8887166121692429,193,39,227
perch_bird,PHYCUV,INCT20955,1,20,20,98,logistic,0.7894456201569647,0.9599265150208108,193,39,227
perch_bird,PHYCUV,INCT20955,1,20,20,98,logistic+R37=glmm,0.7893151790941928,0.960008415102711,193,39,227
perch_bird,PHYCUV,INCT20955,1,20,20,98,lda_shrunk,0.83482282529165,0.9715647725335056,193,39,227
perch_bird,PHYCUV,INCT20955,1,20,20,98,logistic+R20,0.790524599878383,0.9630802343510008,193,39,227
perch_bird,PHYCUV,INCT20955,1,20,20,98,prototype,0.6317434543325371,0.875937117352673,193,39,227
perch_bird,PHYCUV,INCT20955,1,-1,38,187,logistic,0.8077236864647458,0.9700340831858292,193,39,227
perch_bird,PHYCUV,INCT20955,1,-1,38,187,logistic+R37=glmm,0.8078510617542503,0.9706125697399256,193,39,227
perch_bird,PHYCUV,INCT20955,1,-1,38,187,lda_shrunk,0.8476806720261464,0.97995337995338,193,39,227
perch_bird,PHYCUV,INCT20955,1,-1,38,187,logistic+R20,0.8050452007037263,0.9716959709204768,193,39,227
perch_bird,PHYCUV,INCT20955,1,-1,38,187,prototype,0.6018118984184873,0.8537260622208699,193,39,227
perch_bird,PHYCUV,INCT41,0,0,0,0,logistic,0.9206200589972504,0.9495063540695524,262,38,180
perch_bird,PHYCUV,INCT41,0,0,0,0,logistic+R37=glmm,0.920421187048024,0.9482979002117756,262,38,180
perch_bird,PHYCUV,INCT41,0,0,0,0,lda_shrunk,0.9383715635378246,0.9630574113301829,262,38,180
perch_bird,PHYCUV,INCT41,0,0,0,0,logistic+R20,0.9183089580531604,0.9486459980692984,262,38,180
perch_bird,PHYCUV,INCT41,0,0,0,0,prototype,0.4961200069432745,0.5283342911197817,262,38,180
perch_bird,PHYCUV,INCT41,0,1,1,4,logistic,0.923262546058466,0.952306829164414,262,38,180
perch_bird,PHYCUV,INCT41,0,1,1,4,logistic+R37=glmm,0.923096869596382,0.951823827873335,262,38,180
perch_bird,PHYCUV,INCT41,0,1,1,4,lda_shrunk,0.9385059793544748,0.9603226006627802,262,38,180
perch_bird,PHYCUV,INCT41,0,1,1,4,logistic+R20,0.9215100527489244,0.9493745986078588,262,38,180
perch_bird,PHYCUV,INCT41,0,1,1,4,prototype,0.5013439961729221,0.5311356485297142,262,38,180
perch_bird,PHYCUV,INCT41,0,2,2,7,logistic,0.9354261035536984,0.958524048964136,262,38,180
perch_bird,PHYCUV,INCT41,0,2,2,7,logistic+R37=glmm,0.9363803390372596,0.9577047858295524,262,38,180
perch_bird,PHYCUV,INCT41,0,2,2,7,lda_shrunk,0.9461850070837852,0.9664449163044306,262,38,180
perch_bird,PHYCUV,INCT41,0,2,2,7,logistic+R20,0.9332014705199996,0.95210584284648,262,38,180
perch_bird,PHYCUV,INCT41,0,2,2,7,prototype,0.5162488910453101,0.5421666642687364,262,38,180
perch_bird,PHYCUV,INCT41,0,5,5,19,logistic,0.9403152293605836,0.9629901387063278,262,38,180
perch_bird,PHYCUV,INCT41,0,5,5,19,logistic+R37=glmm,0.9406862043563722,0.9631917296401842,262,38,180
perch_bird,PHYCUV,INCT41,0,5,5,19,lda_shrunk,0.9438353637971596,0.9613666210437,262,38,180
perch_bird,PHYCUV,INCT41,0,5,5,19,logistic+R20,0.9380248971169236,0.9571683141419982,262,38,180
perch_bird,PHYCUV,INCT41,0,5,5,19,prototype,0.563799237539813,0.5906349494183257,262,38,180
perch_bird,PHYCUV,INCT41,0,10,10,37,logistic,0.9461588607118144,0.968284014803528,262,38,180
perch_bird,PHYCUV,INCT41,0,10,10,37,logistic+R37=glmm,0.9465744150547916,0.968538196885965,262,38,180
perch_bird,PHYCUV,INCT41,0,10,10,37,lda_shrunk,0.9463409631107844,0.9602463331923484,262,38,180
perch_bird,PHYCUV,INCT41,0,10,10,37,logistic+R20,0.9441732931023004,0.964019893748868,262,38,180
perch_bird,PHYCUV,INCT41,0,10,10,37,prototype,0.6804450878516602,0.717830770394063,262,38,180
perch_bird,PHYCUV,INCT41,0,20,20,75,logistic,0.948329572606334,0.9777183342972816,262,38,180
perch_bird,PHYCUV,INCT41,0,20,20,75,logistic+R37=glmm,0.9487450058544862,0.9770808555229672,262,38,180
perch_bird,PHYCUV,INCT41,0,20,20,75,lda_shrunk,0.961411102399007,0.976367803273048,262,38,180
perch_bird,PHYCUV,INCT41,0,20,20,75,logistic+R20,0.9480215718095456,0.97230260082183,262,38,180
perch_bird,PHYCUV,INCT41,0,20,20,75,prototype,0.8055106418867747,0.8352071217160036,262,38,180
perch_bird,PHYCUV,INCT41,0,-1,38,142,logistic,0.9549352750998412,0.9834412955465586,262,38,180
perch_bird,PHYCUV,INCT41,0,-1,38,142,logistic+R37=glmm,0.955232254515952,0.9830784508440912,262,38,180
perch_bird,PHYCUV,INCT41,0,-1,38,142,lda_shrunk,0.9656580856724418,0.9852541553793036,262,38,180
perch_bird,PHYCUV,INCT41,0,-1,38,142,logistic+R20,0.9547014199782334,0.9808128774887775,262,38,180
perch_bird,PHYCUV,INCT41,0,-1,38,142,prototype,0.9076503871879624,0.9402325750920236,262,38,180
perch_bird,PHYCUV,INCT41,1,0,0,0,logistic,0.9324029965545542,0.9638999604085584,269,38,180
perch_bird,PHYCUV,INCT41,1,0,0,0,logistic+R37=glmm,0.9321703471095932,0.9630895443887968,269,38,180
perch_bird,PHYCUV,INCT41,1,0,0,0,lda_shrunk,0.9395572153581078,0.9762642204281085,269,38,180
perch_bird,PHYCUV,INCT41,1,0,0,0,logistic+R20,0.9294698670116972,0.9608549743531536,269,38,180
perch_bird,PHYCUV,INCT41,1,0,0,0,prototype,0.5506101869665257,0.6190729188083507,269,38,180
perch_bird,PHYCUV,INCT41,1,1,1,4,logistic,0.931831704532667,0.9595776514947298,269,38,180
perch_bird,PHYCUV,INCT41,1,1,1,4,logistic+R37=glmm,0.9318338944723852,0.9600859655189026,269,38,180
perch_bird,PHYCUV,INCT41,1,1,1,4,lda_shrunk,0.9413804534346278,0.9764418754550332,269,38,180
perch_bird,PHYCUV,INCT41,1,1,1,4,logistic+R20,0.9297939460836602,0.9576199312942204,269,38,180
perch_bird,PHYCUV,INCT41,1,1,1,4,prototype,0.5770528736669625,0.6473323335202623,269,38,180
perch_bird,PHYCUV,INCT41,1,2,2,7,logistic,0.9378060031464386,0.9653853207126634,269,38,180
perch_bird,PHYCUV,INCT41,1,2,2,7,logistic+R37=glmm,0.9384623316463112,0.9652756715898564,269,38,180
perch_bird,PHYCUV,INCT41,1,2,2,7,lda_shrunk,0.9462588549013504,0.9750931717178856,269,38,180
perch_bird,PHYCUV,INCT41,1,2,2,7,logistic+R20,0.9346024946408756,0.96069237146718,269,38,180
perch_bird,PHYCUV,INCT41,1,2,2,7,prototype,0.5872784486274538,0.6607344684971883,269,38,180
perch_bird,PHYCUV,INCT41,1,5,5,19,logistic,0.9309358527104452,0.9624889996090852,269,38,180
perch_bird,PHYCUV,INCT41,1,5,5,19,logistic+R37=glmm,0.9327945549758424,0.9629036006434796,269,38,180
perch_bird,PHYCUV,INCT41,1,5,5,19,lda_shrunk,0.9438407090500516,0.9778998239100892,269,38,180
perch_bird,PHYCUV,INCT41,1,5,5,19,logistic+R20,0.924019878771144,0.9543912179461856,269,38,180
perch_bird,PHYCUV,INCT41,1,5,5,19,prototype,0.6147623932100207,0.6918437265822683,269,38,180
perch_bird,PHYCUV,INCT41,1,10,10,37,logistic,0.9463882375702448,0.9791041247808164,269,38,180
perch_bird,PHYCUV,INCT41,1,10,10,37,logistic+R37=glmm,0.947189587717604,0.9789937901433744,269,38,180
perch_bird,PHYCUV,INCT41,1,10,10,37,lda_shrunk,0.9566355314941938,0.985476999916058,269,38,180
perch_bird,PHYCUV,INCT41,1,10,10,37,logistic+R20,0.942701414243437,0.974175579322638,269,38,180
perch_bird,PHYCUV,INCT41,1,10,10,37,prototype,0.6939419060315339,0.7830929155435028,269,38,180
perch_bird,PHYCUV,INCT41,1,20,20,75,logistic,0.9514803107948416,0.9814427372779776,269,38,180
perch_bird,PHYCUV,INCT41,1,20,20,75,logistic+R37=glmm,0.9517961060201504,0.9817196691117602,269,38,180
perch_bird,PHYCUV,INCT41,1,20,20,75,lda_shrunk,0.9597537740790152,0.9838806138000952,269,38,180
perch_bird,PHYCUV,INCT41,1,20,20,75,logistic+R20,0.9489797615620764,0.9769635627530364,269,38,180
perch_bird,PHYCUV,INCT41,1,20,20,75,prototype,0.8374068909920372,0.9043643698084348,269,38,180
perch_bird,PHYCUV,INCT41,1,-1,38,142,logistic,0.957070713678834,0.986164274322169,269,38,180
perch_bird,PHYCUV,INCT41,1,-1,38,142,logistic+R37=glmm,0.9573152532834626,0.986164274322169,269,38,180
perch_bird,PHYCUV,INCT41,1,-1,38,142,lda_shrunk,0.9649469739917448,0.9884935009588748,269,38,180
perch_bird,PHYCUV,INCT41,1,-1,38,142,logistic+R20,0.9556614968555968,0.9846593859751752,269,38,180
perch_bird,PHYCUV,INCT41,1,-1,38,142,prototype,0.9001715580021179,0.9618492186134392,269,38,180
perch_bird,PITAZU,INCT17,0,0,0,0,logistic,0.8039022811083862,0.9114742536016874,730,89,164
perch_bird,PITAZU,INCT17,0,0,0,0,logistic+R37=glmm,0.8065617887717116,0.9125007562131108,730,89,164
perch_bird,PITAZU,INCT17,0,0,0,0,lda_shrunk,0.7257036626661829,0.8658637991950009,730,89,164
perch_bird,PITAZU,INCT17,0,0,0,0,logistic+R20,0.8271333090629709,0.9274191370482346,730,89,164
perch_bird,PITAZU,INCT17,0,0,0,0,prototype,0.6588120143981049,0.7966229911591614,730,89,164
perch_bird,PITAZU,INCT17,0,1,1,1,logistic,0.8554440816553758,0.9633212613367698,730,89,164
perch_bird,PITAZU,INCT17,0,1,1,1,logistic+R37=glmm,0.857055306004376,0.9636218468788528,730,89,164
perch_bird,PITAZU,INCT17,0,1,1,1,lda_shrunk,0.8100501779897534,0.9384152121913636,730,89,164
perch_bird,PITAZU,INCT17,0,1,1,1,logistic+R20,0.7614935943632721,0.943880142622923,730,89,164
perch_bird,PITAZU,INCT17,0,1,1,1,prototype,0.7216836359188258,0.8891123945577962,730,89,164
perch_bird,PITAZU,INCT17,0,2,2,2,logistic,0.8811226991652943,0.9635100616717488,730,89,164
perch_bird,PITAZU,INCT17,0,2,2,2,logistic+R37=glmm,0.8587604176937189,0.9529559769269436,730,89,164
perch_bird,PITAZU,INCT17,0,2,2,2,lda_shrunk,0.8338913615264381,0.9498221000723234,730,89,164
perch_bird,PITAZU,INCT17,0,2,2,2,logistic+R20,0.8819136778675591,0.9718356001933856,730,89,164
perch_bird,PITAZU,INCT17,0,2,2,2,prototype,0.8900603506915592,0.9494373178659792,730,89,164
perch_bird,PITAZU,INCT17,0,5,5,4,logistic,0.9045993675589228,0.9703970773672844,730,89,164
perch_bird,PITAZU,INCT17,0,5,5,4,logistic+R37=glmm,0.8858083353579633,0.9644803099637508,730,89,164
perch_bird,PITAZU,INCT17,0,5,5,4,lda_shrunk,0.8676756652367172,0.9623904096205528,730,89,164
perch_bird,PITAZU,INCT17,0,5,5,4,logistic+R20,0.917255661013332,0.9732319120643254,730,89,164
perch_bird,PITAZU,INCT17,0,5,5,4,prototype,0.9007378472195082,0.9534857645207856,730,89,164
perch_bird,PITAZU,INCT17,0,10,10,8,logistic,0.916684217011072,0.9725801919410068,730,89,164
perch_bird,PITAZU,INCT17,0,10,10,8,logistic+R37=glmm,0.9165143488711152,0.9773822330445244,730,89,164
perch_bird,PITAZU,INCT17,0,10,10,8,lda_shrunk,0.8813839597703518,0.9527097637351284,730,89,164
perch_bird,PITAZU,INCT17,0,10,10,8,logistic+R20,0.9069387271056016,0.9626636603490276,730,89,164
perch_bird,PITAZU,INCT17,0,10,10,8,prototype,0.8904134234378022,0.9446825324713372,730,89,164
perch_bird,PITAZU,INCT17,0,20,20,17,logistic,0.9181154408955066,0.9815603680797176,730,89,164
perch_bird,PITAZU,INCT17,0,20,20,17,logistic+R37=glmm,0.9250222490932396,0.9863794331119377,730,89,164
perch_bird,PITAZU,INCT17,0,20,20,17,lda_shrunk,0.886984793404343,0.9777968056758752,730,89,164
perch_bird,PITAZU,INCT17,0,20,20,17,logistic+R20,0.8690441226791957,0.9551038530699516,730,89,164
perch_bird,PITAZU,INCT17,0,20,20,17,prototype,0.7873421645863194,0.8799653632978258,730,89,164
perch_bird,PITAZU,INCT17,0,-1,89,75,logistic,0.9502860839127688,0.9932395245329444,730,89,164
perch_bird,PITAZU,INCT17,0,-1,89,75,logistic+R37=glmm,0.9509434269543008,0.993733258559056,730,89,164
perch_bird,PITAZU,INCT17,0,-1,89,75,lda_shrunk,0.9175410143380236,0.9882717743292282,730,89,164
perch_bird,PITAZU,INCT17,0,-1,89,75,logistic+R20,0.9469845863885168,0.9923006786756564,730,89,164
perch_bird,PITAZU,INCT17,0,-1,89,75,prototype,0.8798682970081642,0.949868220819948,730,89,164
perch_bird,PITAZU,INCT17,1,0,0,0,logistic,0.8611183926920244,0.9038580312568456,740,89,164
perch_bird,PITAZU,INCT17,1,0,0,0,logistic+R37=glmm,0.8626360747803807,0.9041619349577026,740,89,164
perch_bird,PITAZU,INCT17,1,0,0,0,lda_shrunk,0.8004721454538042,0.8647467273138643,740,89,164
perch_bird,PITAZU,INCT17,1,0,0,0,logistic+R20,0.8714404092781282,0.9128743255383264,740,89,164
perch_bird,PITAZU,INCT17,1,0,0,0,prototype,0.7078907100183857,0.8255806489065003,740,89,164
perch_bird,PITAZU,INCT17,1,1,1,1,logistic,0.8644384070392056,0.9069498998348504,740,89,164
perch_bird,PITAZU,INCT17,1,1,1,1,logistic+R37=glmm,0.8830653035199111,0.9176616766224978,740,89,164
perch_bird,PITAZU,INCT17,1,1,1,1,lda_shrunk,0.7827231938045232,0.8768179574135465,740,89,164
perch_bird,PITAZU,INCT17,1,1,1,1,logistic+R20,0.8421047407641098,0.8980706140229812,740,89,164
perch_bird,PITAZU,INCT17,1,1,1,1,prototype,0.8283533473727357,0.911584023158851,740,89,164
perch_bird,PITAZU,INCT17,1,2,2,2,logistic,0.8748412584175386,0.9095212625633826,740,89,164
perch_bird,PITAZU,INCT17,1,2,2,2,logistic+R37=glmm,0.9017254729680072,0.9259624983225744,740,89,164
perch_bird,PITAZU,INCT17,1,2,2,2,lda_shrunk,0.8474967976143551,0.9092697240828558,740,89,164
perch_bird,PITAZU,INCT17,1,2,2,2,logistic+R20,0.8172455293612696,0.8728350154117244,740,89,164
perch_bird,PITAZU,INCT17,1,2,2,2,prototype,0.8272020741842228,0.8881288283135582,740,89,164
perch_bird,PITAZU,INCT17,1,5,5,4,logistic,0.8986076203803204,0.9378280689101804,740,89,164
perch_bird,PITAZU,INCT17,1,5,5,4,logistic+R37=glmm,0.9123495953374474,0.94491565429881,740,89,164
perch_bird,PITAZU,INCT17,1,5,5,4,lda_shrunk,0.8930993522209711,0.9500784170723288,740,89,164
perch_bird,PITAZU,INCT17,1,5,5,4,logistic+R20,0.9147871281911416,0.9484247059615863,740,89,164
perch_bird,PITAZU,INCT17,1,5,5,4,prototype,0.8634678326286578,0.9163302868617392,740,89,164
perch_bird,PITAZU,INCT17,1,10,10,8,logistic,0.9502665485052388,0.969860585969267,740,89,164
perch_bird,PITAZU,INCT17,1,10,10,8,logistic+R37=glmm,0.9556964149167992,0.972928934301909,740,89,164
perch_bird,PITAZU,INCT17,1,10,10,8,lda_shrunk,0.9346324400151484,0.9675789912617968,740,89,164
perch_bird,PITAZU,INCT17,1,10,10,8,logistic+R20,0.9343424022190872,0.9642779415574064,740,89,164
perch_bird,PITAZU,INCT17,1,10,10,8,prototype,0.9029477554422496,0.9337421218576608,740,89,164
perch_bird,PITAZU,INCT17,1,20,20,17,logistic,0.962457603746925,0.9840546081408664,740,89,164
perch_bird,PITAZU,INCT17,1,20,20,17,logistic+R37=glmm,0.9634250317356302,0.9856747757877552,740,89,164
perch_bird,PITAZU,INCT17,1,20,20,17,lda_shrunk,0.9392835389824756,0.977924834099,740,89,164
perch_bird,PITAZU,INCT17,1,20,20,17,logistic+R20,0.9501518637617656,0.9796480176060072,740,89,164
perch_bird,PITAZU,INCT17,1,20,20,17,prototype,0.9098078437592422,0.9415347262104574,740,89,164
perch_bird,PITAZU,INCT17,1,-1,89,75,logistic,0.9636516326692726,0.9836614322476304,740,89,164
perch_bird,PITAZU,INCT17,1,-1,89,75,logistic+R37=glmm,0.964475647562209,0.984372713364267,740,89,164
perch_bird,PITAZU,INCT17,1,-1,89,75,lda_shrunk,0.9433164349538362,0.9812674848444688,740,89,164
perch_bird,PITAZU,INCT17,1,-1,89,75,logistic+R20,0.9603762633093004,0.9824593812884258,740,89,164
perch_bird,PITAZU,INCT17,1,-1,89,75,prototype,0.9019559175414408,0.9473535695813636,740,89,164
perch_v2,BOAFAB,INCT20955,0,0,0,0,logistic,0.9498691823954718,0.9962835906232133,543,53,232
perch_v2,BOAFAB,INCT20955,0,0,0,0,logistic+R37=glmm,0.9497271740671828,0.994860583937946,543,53,232
perch_v2,BOAFAB,INCT20955,0,0,0,0,lda_shrunk,0.95412595975556,0.980134708338172,543,53,232
perch_v2,BOAFAB,INCT20955,0,0,0,0,logistic+R20,0.9526021062048196,0.997005091344714,543,53,232
perch_v2,BOAFAB,INCT20955,0,0,0,0,prototype,0.9729508253420732,0.9954177897574124,543,53,232
perch_v2,BOAFAB,INCT20955,0,1,1,3,logistic,0.9532601243867064,0.995020964360587,543,53,232
perch_v2,BOAFAB,INCT20955,0,1,1,3,logistic+R37=glmm,0.9532484002235302,0.995020964360587,543,53,232
perch_v2,BOAFAB,INCT20955,0,1,1,3,lda_shrunk,0.9553010416199876,0.98265320276788,543,53,232
perch_v2,BOAFAB,INCT20955,0,1,1,3,logistic+R20,0.9550010270444724,0.9965166908563136,543,53,232
perch_v2,BOAFAB,INCT20955,0,1,1,3,prototype,0.9739647241561924,0.995020964360587,543,53,232
perch_v2,BOAFAB,INCT20955,0,2,2,7,logistic,0.9598458655889388,0.9937903033197992,543,53,232
perch_v2,BOAFAB,INCT20955,0,2,2,7,logistic+R37=glmm,0.9597508862062584,0.993632075471698,543,53,232
perch_v2,BOAFAB,INCT20955,0,2,2,7,lda_shrunk,0.9702635427142434,0.9816845532311888,543,53,232
perch_v2,BOAFAB,INCT20955,0,2,2,7,logistic+R20,0.95886632148496,0.9956248290948864,543,53,232
perch_v2,BOAFAB,INCT20955,0,2,2,7,prototype,0.9757855747185072,0.9946455889852116,543,53,232
perch_v2,BOAFAB,INCT20955,0,5,5,17,logistic,0.9619245833525476,0.9927599824484422,543,53,232
perch_v2,BOAFAB,INCT20955,0,5,5,17,logistic+R37=glmm,0.9619824477458544,0.9927599824484422,543,53,232
perch_v2,BOAFAB,INCT20955,0,5,5,17,lda_shrunk,0.9783880977207556,0.9817617797680512,543,53,232
perch_v2,BOAFAB,INCT20955,0,5,5,17,logistic+R20,0.9607541516925217,0.9937903033197992,543,53,232
perch_v2,BOAFAB,INCT20955,0,5,5,17,prototype,0.9779608182794152,0.994119088458711,543,53,232
perch_v2,BOAFAB,INCT20955,0,10,10,34,logistic,0.9580283661890244,0.9944654088050314,543,53,232
perch_v2,BOAFAB,INCT20955,0,10,10,34,logistic+R37=glmm,0.9580337642307348,0.9944654088050314,543,53,232
perch_v2,BOAFAB,INCT20955,0,10,10,34,lda_shrunk,0.9731353764252718,0.9872825785206244,543,53,232
perch_v2,BOAFAB,INCT20955,0,10,10,34,logistic+R20,0.9538641057600356,0.995020964360587,543,53,232
perch_v2,BOAFAB,INCT20955,0,10,10,34,prototype,0.9789949063820156,0.9939525882922108,543,53,232
perch_v2,BOAFAB,INCT20955,0,20,20,68,logistic,0.961247417934724,0.9944654088050314,543,53,232
perch_v2,BOAFAB,INCT20955,0,20,20,68,logistic+R37=glmm,0.9614378383125533,0.9944654088050314,543,53,232
perch_v2,BOAFAB,INCT20955,0,20,20,68,lda_shrunk,0.9762181734228312,0.9878888322284548,543,53,232
perch_v2,BOAFAB,INCT20955,0,20,20,68,logistic+R20,0.958939184574398,0.994119088458711,543,53,232
perch_v2,BOAFAB,INCT20955,0,20,20,68,prototype,0.9842450122856352,0.9934777544840436,543,53,232
perch_v2,BOAFAB,INCT20955,0,-1,53,179,logistic,0.9632014557573654,0.9923680305278778,543,53,232
perch_v2,BOAFAB,INCT20955,0,-1,53,179,logistic+R37=glmm,0.9631992144085624,0.9923680305278778,543,53,232
perch_v2,BOAFAB,INCT20955,0,-1,53,179,lda_shrunk,0.969885502305184,0.9884313455446908,543,53,232
perch_v2,BOAFAB,INCT20955,0,-1,53,179,logistic+R20,0.960563811814504,0.991884763643741,543,53,232
perch_v2,BOAFAB,INCT20955,0,-1,53,179,prototype,0.9894584085193904,0.9913361571043512,543,53,232
perch_v2,BOAFAB,INCT20955,1,0,0,0,logistic,0.9386925278447488,0.9801178645158192,525,53,232
perch_v2,BOAFAB,INCT20955,1,0,0,0,logistic+R37=glmm,0.9386126361191992,0.9798081637344204,525,53,232
perch_v2,BOAFAB,INCT20955,1,0,0,0,lda_shrunk,0.938142897799173,0.978119734780468,525,53,232
perch_v2,BOAFAB,INCT20955,1,0,0,0,logistic+R20,0.9379590349517768,0.98080277374617,525,53,232
perch_v2,BOAFAB,INCT20955,1,0,0,0,prototype,0.9458074635342144,0.9778103694307912,525,53,232
perch_v2,BOAFAB,INCT20955,1,1,1,3,logistic,0.9483843838311676,0.97911772521924,525,53,232
perch_v2,BOAFAB,INCT20955,1,1,1,3,logistic+R37=glmm,0.9481978110272526,0.9792183288409704,525,53,232
perch_v2,BOAFAB,INCT20955,1,1,1,3,lda_shrunk,0.952982349977728,0.979022823120715,525,53,232
perch_v2,BOAFAB,INCT20955,1,1,1,3,logistic+R20,0.9440104721904682,0.9799680104262316,525,53,232
perch_v2,BOAFAB,INCT20955,1,1,1,3,prototype,0.9479071132789656,0.979810585578027,525,53,232
perch_v2,BOAFAB,INCT20955,1,2,2,7,logistic,0.9528584846167192,0.9793335917980528,525,53,232
perch_v2,BOAFAB,INCT20955,1,2,2,7,logistic+R37=glmm,0.9527666838357172,0.9797584026509772,525,53,232
perch_v2,BOAFAB,INCT20955,1,2,2,7,lda_shrunk,0.959000688857201,0.9798453530854312,525,53,232
perch_v2,BOAFAB,INCT20955,1,2,2,7,logistic+R20,0.9501072120902688,0.9800600343053172,525,53,232
perch_v2,BOAFAB,INCT20955,1,2,2,7,prototype,0.951272831910128,0.9819546601286288,525,53,232
perch_v2,BOAFAB,INCT20955,1,5,5,17,logistic,0.9591118402743072,0.9789148623204712,525,53,232
perch_v2,BOAFAB,INCT20955,1,5,5,17,logistic+R37=glmm,0.9592338612829728,0.979303266396966,525,53,232
perch_v2,BOAFAB,INCT20955,1,5,5,17,lda_shrunk,0.9652517569822584,0.9780493197972594,525,53,232
perch_v2,BOAFAB,INCT20955,1,5,5,17,logistic+R20,0.9568736398088188,0.9796252914196472,525,53,232
perch_v2,BOAFAB,INCT20955,1,5,5,17,prototype,0.9577786771366636,0.982632027869582,525,53,232
perch_v2,BOAFAB,INCT20955,1,10,10,34,logistic,0.9487183056714396,0.9797105099306708,525,53,232
perch_v2,BOAFAB,INCT20955,1,10,10,34,logistic+R37=glmm,0.9484020225597166,0.9797584026509772,525,53,232
perch_v2,BOAFAB,INCT20955,1,10,10,34,lda_shrunk,0.9534760341618724,0.9736213889496392,525,53,232
perch_v2,BOAFAB,INCT20955,1,10,10,34,logistic+R20,0.9435402701596884,0.9811759034032388,525,53,232
perch_v2,BOAFAB,INCT20955,1,10,10,34,prototype,0.9598168369002535,0.9828158902520722,525,53,232
perch_v2,BOAFAB,INCT20955,1,20,20,68,logistic,0.950262510164816,0.9788982192902153,525,53,232
perch_v2,BOAFAB,INCT20955,1,20,20,68,logistic+R37=glmm,0.9502464486282314,0.9792201471783682,525,53,232
perch_v2,BOAFAB,INCT20955,1,20,20,68,lda_shrunk,0.9525970750477936,0.9757284805180304,525,53,232
perch_v2,BOAFAB,INCT20955,1,20,20,68,logistic+R20,0.9451786616767184,0.9797908299084624,525,53,232
perch_v2,BOAFAB,INCT20955,1,20,20,68,prototype,0.967544918572742,0.9833306907668729,525,53,232
perch_v2,BOAFAB,INCT20955,1,-1,53,179,logistic,0.9514042138439514,0.9803940339066792,525,53,232
perch_v2,BOAFAB,INCT20955,1,-1,53,179,logistic+R37=glmm,0.9514059604911288,0.9803940339066792,525,53,232
perch_v2,BOAFAB,INCT20955,1,-1,53,179,lda_shrunk,0.9659132058391096,0.9807951482479784,525,53,232
perch_v2,BOAFAB,INCT20955,1,-1,53,179,logistic+R20,0.9478723336020618,0.9804207846660676,525,53,232
perch_v2,BOAFAB,INCT20955,1,-1,53,179,prototype,0.978557064357666,0.9794429276081524,525,53,232
perch_v2,BOAFAB,INCT4,0,0,0,0,logistic,0.969127316616494,0.9827111485626312,402,44,208
perch_v2,BOAFAB,INCT4,0,0,0,0,logistic+R37=glmm,0.967186822232756,0.98192744950307,402,44,208
perch_v2,BOAFAB,INCT4,0,0,0,0,lda_shrunk,0.9706179940032716,0.9848196134166424,402,44,208
perch_v2,BOAFAB,INCT4,0,0,0,0,logistic+R20,0.9671875468573772,0.9812318429189548,402,44,208
perch_v2,BOAFAB,INCT4,0,0,0,0,prototype,0.9624317593497774,0.9689180129527742,402,44,208
perch_v2,BOAFAB,INCT4,0,1,1,4,logistic,0.970109705838656,0.9827111485626312,402,44,208
perch_v2,BOAFAB,INCT4,0,1,1,4,logistic+R37=glmm,0.9683214113363592,0.9822779602969962,402,44,208
perch_v2,BOAFAB,INCT4,0,1,1,4,lda_shrunk,0.973189079350352,0.9866373992901556,402,44,208
perch_v2,BOAFAB,INCT4,0,1,1,4,logistic+R20,0.967737250290806,0.9812318429189548,402,44,208
perch_v2,BOAFAB,INCT4,0,1,1,4,prototype,0.9632028917523696,0.9689180129527742,402,44,208
perch_v2,BOAFAB,INCT4,0,2,2,8,logistic,0.9705592454146712,0.9824679151349992,402,44,208
perch_v2,BOAFAB,INCT4,0,2,2,8,logistic+R37=glmm,0.968645370202896,0.983576001686501,402,44,208
perch_v2,BOAFAB,INCT4,0,2,2,8,lda_shrunk,0.9790680074607772,0.9880014081982746,402,44,208
perch_v2,BOAFAB,INCT4,0,2,2,8,logistic+R20,0.9673894193047462,0.9819894186765306,402,44,208
perch_v2,BOAFAB,INCT4,0,2,2,8,prototype,0.9636645628981386,0.9694999345873274,402,44,208
perch_v2,BOAFAB,INCT4,0,5,5,19,logistic,0.9712124390914612,0.984009189952136,402,44,208
perch_v2,BOAFAB,INCT4,0,5,5,19,logistic+R37=glmm,0.9689816995101812,0.983576001686501,402,44,208
perch_v2,BOAFAB,INCT4,0,5,5,19,lda_shrunk,0.978112113352446,0.9880641148334864,402,44,208
perch_v2,BOAFAB,INCT4,0,5,5,19,logistic+R20,0.9685255681696656,0.9825430317301436,402,44,208
perch_v2,BOAFAB,INCT4,0,5,5,19,prototype,0.96482086622109,0.9700033071837232,402,44,208
perch_v2,BOAFAB,INCT4,0,10,10,38,logistic,0.9730648674879148,0.9846038596772044,402,44,208
perch_v2,BOAFAB,INCT4,0,10,10,38,logistic+R37=glmm,0.9730571783397628,0.9846038596772044,402,44,208
perch_v2,BOAFAB,INCT4,0,10,10,38,lda_shrunk,0.9861426049959184,0.9919565447727504,402,44,208
perch_v2,BOAFAB,INCT4,0,10,10,38,logistic+R20,0.9728250535888702,0.9849651432416644,402,44,208
perch_v2,BOAFAB,INCT4,0,10,10,38,prototype,0.9663773020437468,0.9709460324127772,402,44,208
perch_v2,BOAFAB,INCT4,0,20,20,76,logistic,0.9730103120345472,0.9835655175495628,402,44,208
perch_v2,BOAFAB,INCT4,0,20,20,76,logistic+R37=glmm,0.9730091654857648,0.9839987058151978,402,44,208
perch_v2,BOAFAB,INCT4,0,20,20,76,lda_shrunk,0.9860785086320843,0.9922259655853248,402,44,208
perch_v2,BOAFAB,INCT4,0,20,20,76,logistic+R20,0.973262726589363,0.9840145008693836,402,44,208
perch_v2,BOAFAB,INCT4,0,20,20,76,prototype,0.9671104376248476,0.9731755942337512,402,44,208
perch_v2,BOAFAB,INCT4,0,-1,43,164,logistic,0.9746329409856296,0.987104341620122,402,44,208
perch_v2,BOAFAB,INCT4,0,-1,43,164,logistic+R37=glmm,0.974621728220444,0.9874671863225892,402,44,208
perch_v2,BOAFAB,INCT4,0,-1,43,164,lda_shrunk,0.9773979672565292,0.9850099053908156,402,44,208
perch_v2,BOAFAB,INCT4,0,-1,43,164,logistic+R20,0.9753701331995334,0.9874671863225892,402,44,208
perch_v2,BOAFAB,INCT4,0,-1,43,164,prototype,0.966232059093438,0.9726598471932084,402,44,208
perch_v2,BOAFAB,INCT4,1,0,0,0,logistic,0.968184423791416,0.9713244516374128,413,44,208
perch_v2,BOAFAB,INCT4,1,0,0,0,logistic+R37=glmm,0.9685365021705368,0.9730403283532898,413,44,208
perch_v2,BOAFAB,INCT4,1,0,0,0,lda_shrunk,0.9557862224631948,0.9531333302691488,413,44,208
perch_v2,BOAFAB,INCT4,1,0,0,0,logistic+R20,0.9698349230444032,0.9742571712305524,413,44,208
perch_v2,BOAFAB,INCT4,1,0,0,0,prototype,0.9722143365486816,0.9759840086741984,413,44,208
perch_v2,BOAFAB,INCT4,1,1,1,4,logistic,0.9697778299257522,0.974527490616314,413,44,208
perch_v2,BOAFAB,INCT4,1,1,1,4,logistic+R37=glmm,0.969688709059476,0.974527490616314,413,44,208
perch_v2,BOAFAB,INCT4,1,1,1,4,lda_shrunk,0.9684608075973384,0.9757231124518728,413,44,208
perch_v2,BOAFAB,INCT4,1,1,1,4,logistic+R20,0.9710727025208754,0.9762120527616568,413,44,208
perch_v2,BOAFAB,INCT4,1,1,1,4,prototype,0.9721161140975344,0.9759840086741984,413,44,208
perch_v2,BOAFAB,INCT4,1,2,2,8,logistic,0.9696935270918116,0.9758003119978312,413,44,208
perch_v2,BOAFAB,INCT4,1,2,2,8,logistic+R37=glmm,0.969494108550219,0.9758003119978312,413,44,208
perch_v2,BOAFAB,INCT4,1,2,2,8,lda_shrunk,0.9656887627561724,0.9765648632936236,413,44,208
perch_v2,BOAFAB,INCT4,1,2,2,8,logistic+R20,0.9701921530198868,0.9758003119978312,413,44,208
perch_v2,BOAFAB,INCT4,1,2,2,8,prototype,0.9725456620874016,0.9759840086741984,413,44,208
perch_v2,BOAFAB,INCT4,1,5,5,19,logistic,0.9706396054152308,0.9760869613119024,413,44,208
perch_v2,BOAFAB,INCT4,1,5,5,19,logistic+R37=glmm,0.97044096373495,0.9760869613119024,413,44,208
perch_v2,BOAFAB,INCT4,1,5,5,19,lda_shrunk,0.9666016933787276,0.964709339217242,413,44,208
perch_v2,BOAFAB,INCT4,1,5,5,19,logistic+R20,0.9706593588448008,0.9765840110573922,413,44,208
perch_v2,BOAFAB,INCT4,1,5,5,19,prototype,0.973333752900104,0.97703191573913,413,44,208
perch_v2,BOAFAB,INCT4,1,10,10,38,logistic,0.9707015729300472,0.9748671097349078,413,44,208
perch_v2,BOAFAB,INCT4,1,10,10,38,logistic+R37=glmm,0.9709765650335,0.9748671097349078,413,44,208
perch_v2,BOAFAB,INCT4,1,10,10,38,lda_shrunk,0.9715426659874892,0.9715559038482128,413,44,208
perch_v2,BOAFAB,INCT4,1,10,10,38,logistic+R20,0.9729451682711544,0.978310812729302,413,44,208
perch_v2,BOAFAB,INCT4,1,10,10,38,prototype,0.9740002080533964,0.97703191573913,413,44,208
perch_v2,BOAFAB,INCT4,1,20,20,76,logistic,0.9716516915332062,0.9744339214692728,413,44,208
perch_v2,BOAFAB,INCT4,1,20,20,76,logistic+R37=glmm,0.9717362640768926,0.9744339214692728,413,44,208
perch_v2,BOAFAB,INCT4,1,20,20,76,lda_shrunk,0.980189669301836,0.9843806554884992,413,44,208
perch_v2,BOAFAB,INCT4,1,20,20,76,logistic+R20,0.973407628335744,0.9767631403499868,413,44,208
perch_v2,BOAFAB,INCT4,1,20,20,76,prototype,0.9749129153130176,0.9775782885582304,413,44,208
perch_v2,BOAFAB,INCT4,1,-1,43,164,logistic,0.9788014968908564,0.9821234682391488,413,44,208
perch_v2,BOAFAB,INCT4,1,-1,43,164,logistic+R37=glmm,0.9788402014398844,0.9828810439967246,413,44,208
perch_v2,BOAFAB,INCT4,1,-1,43,164,lda_shrunk,0.9864559108498774,0.9885531257183025,413,44,208
perch_v2,BOAFAB,INCT4,1,-1,43,164,logistic+R20,0.980285612869806,0.9836141818266366,413,44,208
perch_v2,BOAFAB,INCT4,1,-1,43,164,prototype,0.9747640984340148,0.9761162535672382,413,44,208
perch_v2,DENMIN,INCT17,0,0,0,0,logistic,0.9754983286562008,0.9866851776138283,870,114,173
perch_v2,DENMIN,INCT17,0,0,0,0,logistic+R37=glmm,0.9753888059301304,0.9866851776138283,870,114,173
perch_v2,DENMIN,INCT17,0,0,0,0,lda_shrunk,0.9733111778665896,0.983881784620232,870,114,173
perch_v2,DENMIN,INCT17,0,0,0,0,logistic+R20,0.9667498191281408,0.9846050631814284,870,114,173
perch_v2,DENMIN,INCT17,0,0,0,0,prototype,0.6620341747691723,0.8195806109191197,870,114,173
perch_v2,DENMIN,INCT17,0,1,1,1,logistic,0.9773032460686608,0.9866457125063504,870,114,173
perch_v2,DENMIN,INCT17,0,1,1,1,logistic+R37=glmm,0.9771378242733206,0.9866457125063504,870,114,173
perch_v2,DENMIN,INCT17,0,1,1,1,lda_shrunk,0.9673529935514572,0.9812918077064754,870,114,173
perch_v2,DENMIN,INCT17,0,1,1,1,logistic+R20,0.9741701095257403,0.9858088148147672,870,114,173
perch_v2,DENMIN,INCT17,0,1,1,1,prototype,0.7896497705541577,0.8862775150666853,870,114,173
perch_v2,DENMIN,INCT17,0,2,2,1,logistic,0.9743184714095872,0.9834982958156704,870,114,173
perch_v2,DENMIN,INCT17,0,2,2,1,logistic+R37=glmm,0.9756275113982656,0.9848286814068384,870,114,173
perch_v2,DENMIN,INCT17,0,2,2,1,lda_shrunk,0.9487638708316056,0.967924036911718,870,114,173
perch_v2,DENMIN,INCT17,0,2,2,1,logistic+R20,0.9568085667726032,0.9769586642556652,870,114,173
perch_v2,DENMIN,INCT17,0,2,2,1,prototype,0.7815326446756419,0.8821380982429974,870,114,173
perch_v2,DENMIN,INCT17,0,5,5,3,logistic,0.98218788521249,0.9870942651096628,870,114,173
perch_v2,DENMIN,INCT17,0,5,5,3,logistic+R37=glmm,0.9812383213420696,0.9866506781470882,870,114,173
perch_v2,DENMIN,INCT17,0,5,5,3,lda_shrunk,0.9681191190049871,0.9797871884827796,870,114,173
perch_v2,DENMIN,INCT17,0,5,5,3,logistic+R20,0.9568583433009048,0.9801050273699992,870,114,173
perch_v2,DENMIN,INCT17,0,5,5,3,prototype,0.8479459601303511,0.9213339638559012,870,114,173
perch_v2,DENMIN,INCT17,0,10,10,5,logistic,0.98261022042229,0.98761606725117,870,114,173
perch_v2,DENMIN,INCT17,0,10,10,5,logistic+R37=glmm,0.9822857514749976,0.987172073164995,870,114,173
perch_v2,DENMIN,INCT17,0,10,10,5,lda_shrunk,0.9722623985072965,0.983612493005714,870,114,173
perch_v2,DENMIN,INCT17,0,10,10,5,logistic+R20,0.9702564128803772,0.9852589354870382,870,114,173
perch_v2,DENMIN,INCT17,0,10,10,5,prototype,0.9205459502076498,0.959659375975852,870,114,173
perch_v2,DENMIN,INCT17,0,20,20,10,logistic,0.9847574954915624,0.9898468739467444,870,114,173
perch_v2,DENMIN,INCT17,0,20,20,10,logistic+R37=glmm,0.9844471405849204,0.989548288043818,870,114,173
perch_v2,DENMIN,INCT17,0,20,20,10,lda_shrunk,0.9735805253832316,0.9863929752724822,870,114,173
perch_v2,DENMIN,INCT17,0,20,20,10,logistic+R20,0.9710402840485348,0.9864211134231468,870,114,173
perch_v2,DENMIN,INCT17,0,20,20,10,prototype,0.9518004652619656,0.9728988638034568,870,114,173
perch_v2,DENMIN,INCT17,0,-1,114,59,logistic,0.9847341103606518,0.986624800099088,870,114,173
perch_v2,DENMIN,INCT17,0,-1,114,59,logistic+R37=glmm,0.9850853066487544,0.9868777675437604,870,114,173
perch_v2,DENMIN,INCT17,0,-1,114,59,lda_shrunk,0.976873459626651,0.9796954173708204,870,114,173
perch_v2,DENMIN,INCT17,0,-1,114,59,logistic+R20,0.9748021943477088,0.9814942849835048,870,114,173
perch_v2,DENMIN,INCT17,0,-1,114,59,prototype,0.9775968851064464,0.9852489138529156,870,114,173
perch_v2,DENMIN,INCT17,1,0,0,0,logistic,0.981200081691798,0.9857081656211328,903,114,173
perch_v2,DENMIN,INCT17,1,0,0,0,logistic+R37=glmm,0.9812073752425636,0.9857081656211328,903,114,173
perch_v2,DENMIN,INCT17,1,0,0,0,lda_shrunk,0.9808703378679692,0.9841218271915068,903,114,173
perch_v2,DENMIN,INCT17,1,0,0,0,logistic+R20,0.9767353365250484,0.9838175169798008,903,114,173
perch_v2,DENMIN,INCT17,1,0,0,0,prototype,0.6955597710394209,0.7744797859722681,903,114,173
perch_v2,DENMIN,INCT17,1,1,1,1,logistic,0.9810486578752832,0.985603471607864,903,114,173
perch_v2,DENMIN,INCT17,1,1,1,1,logistic+R37=glmm,0.980999171141156,0.9855370175940416,903,114,173
perch_v2,DENMIN,INCT17,1,1,1,1,lda_shrunk,0.973665264664101,0.9812644100505798,903,114,173
perch_v2,DENMIN,INCT17,1,1,1,1,logistic+R20,0.974581492019933,0.9847260464678068,903,114,173
perch_v2,DENMIN,INCT17,1,1,1,1,prototype,0.8211751103686455,0.8781846417182544,903,114,173
perch_v2,DENMIN,INCT17,1,2,2,1,logistic,0.9831683145500218,0.985647416866939,903,114,173
perch_v2,DENMIN,INCT17,1,2,2,1,logistic+R37=glmm,0.9830071933611194,0.9855326854840688,903,114,173
perch_v2,DENMIN,INCT17,1,2,2,1,lda_shrunk,0.9758030216069976,0.9810071426113286,903,114,173
perch_v2,DENMIN,INCT17,1,2,2,1,logistic+R20,0.9763685944243434,0.984387550265622,903,114,173
perch_v2,DENMIN,INCT17,1,2,2,1,prototype,0.8223075064864418,0.8789689912939587,903,114,173
perch_v2,DENMIN,INCT17,1,5,5,3,logistic,0.9836559028895452,0.985923653341346,903,114,173
perch_v2,DENMIN,INCT17,1,5,5,3,logistic+R37=glmm,0.9835325450309736,0.986072317819993,903,114,173
perch_v2,DENMIN,INCT17,1,5,5,3,lda_shrunk,0.9758887593812128,0.9823523574858736,903,114,173
perch_v2,DENMIN,INCT17,1,5,5,3,logistic+R20,0.9720925217597792,0.9849503918181384,903,114,173
perch_v2,DENMIN,INCT17,1,5,5,3,prototype,0.8968800388314844,0.9367639894097236,903,114,173
perch_v2,DENMIN,INCT17,1,10,10,5,logistic,0.9866116230952644,0.9870882602892648,903,114,173
perch_v2,DENMIN,INCT17,1,10,10,5,logistic+R37=glmm,0.9865237541450336,0.987271929072416,903,114,173
perch_v2,DENMIN,INCT17,1,10,10,5,lda_shrunk,0.9720619156527754,0.9846182546166514,903,114,173
perch_v2,DENMIN,INCT17,1,10,10,5,logistic+R20,0.9850570545059578,0.9881963124994976,903,114,173
perch_v2,DENMIN,INCT17,1,10,10,5,prototype,0.9112480724955192,0.9486950802832744,903,114,173
perch_v2,DENMIN,INCT17,1,20,20,10,logistic,0.9884320703385768,0.987977415718202,903,114,173
perch_v2,DENMIN,INCT17,1,20,20,10,logistic+R37=glmm,0.9881161361143534,0.987341490918306,903,114,173
perch_v2,DENMIN,INCT17,1,20,20,10,lda_shrunk,0.9743998416472625,0.9867291132319864,903,114,173
perch_v2,DENMIN,INCT17,1,20,20,10,logistic+R20,0.9848257457451464,0.9902180434154936,903,114,173
perch_v2,DENMIN,INCT17,1,20,20,10,prototype,0.9539336384541436,0.9694552062247656,903,114,173
perch_v2,DENMIN,INCT17,1,-1,114,59,logistic,0.9905286799211828,0.9871090359654496,903,114,173
perch_v2,DENMIN,INCT17,1,-1,114,59,logistic+R37=glmm,0.9906727648321808,0.9870906697660394,903,114,173
perch_v2,DENMIN,INCT17,1,-1,114,59,lda_shrunk,0.9856224426376624,0.9794526958978138,903,114,173
perch_v2,DENMIN,INCT17,1,-1,114,59,logistic+R20,0.9839970713660896,0.9819101224431296,903,114,173
perch_v2,DENMIN,INCT17,1,-1,114,59,prototype,0.9850005711496844,0.9867811083881228,903,114,173
perch_v2,DENMIN,INCT20955,0,0,0,0,logistic,0.1913938693477966,0.2090882005162811,117,18,234
perch_v2,DENMIN,INCT20955,0,0,0,0,logistic+R37=glmm,0.1906747643087721,0.2079482819320249,117,18,234
perch_v2,DENMIN,INCT20955,0,0,0,0,lda_shrunk,0.1471855255681132,0.2395000653389656,117,18,234
perch_v2,DENMIN,INCT20955,0,0,0,0,logistic+R20,0.2883679483227501,0.2623810997620095,117,18,234
perch_v2,DENMIN,INCT20955,0,0,0,0,prototype,0.1408246877951439,0.197587613466855,117,18,234
perch_v2,DENMIN,INCT20955,0,1,1,12,logistic,0.2233256755087511,0.2374838006148842,117,18,234
perch_v2,DENMIN,INCT20955,0,1,1,12,logistic+R37=glmm,0.2289016230733699,0.2394940659343333,117,18,234
perch_v2,DENMIN,INCT20955,0,1,1,12,lda_shrunk,0.1942356315365099,0.2992275630694826,117,18,234
perch_v2,DENMIN,INCT20955,0,1,1,12,logistic+R20,0.1639605089889181,0.1701492773839625,117,18,234
perch_v2,DENMIN,INCT20955,0,1,1,12,prototype,0.1397796256615951,0.1927086052266686,117,18,234
perch_v2,DENMIN,INCT20955,0,2,2,24,logistic,0.2645222390241358,0.2802559655833468,117,18,234
perch_v2,DENMIN,INCT20955,0,2,2,24,logistic+R37=glmm,0.2816632292911312,0.290459591694835,117,18,234
perch_v2,DENMIN,INCT20955,0,2,2,24,lda_shrunk,0.2627431592070209,0.3708362576151156,117,18,234
perch_v2,DENMIN,INCT20955,0,2,2,24,logistic+R20,0.1680332629384126,0.1693976059896366,117,18,234
perch_v2,DENMIN,INCT20955,0,2,2,24,prototype,0.1393284584933244,0.1817145792974313,117,18,234
perch_v2,DENMIN,INCT20955,0,5,5,60,logistic,0.4152551457230882,0.4377212234931124,117,18,234
perch_v2,DENMIN,INCT20955,0,5,5,60,logistic+R37=glmm,0.437887110960347,0.4725436071391717,117,18,234
perch_v2,DENMIN,INCT20955,0,5,5,60,lda_shrunk,0.4082164803090128,0.4350405866390521,117,18,234
perch_v2,DENMIN,INCT20955,0,5,5,60,logistic+R20,0.1962810257371197,0.2139622369513792,117,18,234
perch_v2,DENMIN,INCT20955,0,5,5,60,prototype,0.1025054026594157,0.138251348976944,117,18,234
perch_v2,DENMIN,INCT20955,0,10,10,119,logistic,0.6712373349449936,0.6205417333439344,117,18,234
perch_v2,DENMIN,INCT20955,0,10,10,119,logistic+R37=glmm,0.6841553011039566,0.6277966168941258,117,18,234
perch_v2,DENMIN,INCT20955,0,10,10,119,lda_shrunk,0.5947976446088563,0.5608316338881065,117,18,234
perch_v2,DENMIN,INCT20955,0,10,10,119,logistic+R20,0.4402101222226515,0.4099424712858537,117,18,234
perch_v2,DENMIN,INCT20955,0,10,10,119,prototype,0.0847753400708138,0.1190297692704063,117,18,234
perch_v2,DENMIN,INCT20955,0,20,20,239,logistic,0.7391293551325666,0.7041601921333379,117,18,234
perch_v2,DENMIN,INCT20955,0,20,20,239,logistic+R37=glmm,0.7479263890711714,0.7150683745559683,117,18,234
perch_v2,DENMIN,INCT20955,0,20,20,239,lda_shrunk,0.6891524374468281,0.6599525463070355,117,18,234
perch_v2,DENMIN,INCT20955,0,20,20,239,logistic+R20,0.5144646852600331,0.4682428083511341,117,18,234
perch_v2,DENMIN,INCT20955,0,20,20,239,prototype,0.0739634026192098,0.1107289620503985,117,18,234
perch_v2,DENMIN,INCT20955,0,-1,18,215,logistic,0.7391293551325666,0.7041601921333379,117,18,234
perch_v2,DENMIN,INCT20955,0,-1,18,215,logistic+R37=glmm,0.7479263890711714,0.7150683745559683,117,18,234
perch_v2,DENMIN,INCT20955,0,-1,18,215,lda_shrunk,0.6891524374468281,0.6599525463070355,117,18,234
perch_v2,DENMIN,INCT20955,0,-1,18,215,logistic+R20,0.5144646852600331,0.4682428083511341,117,18,234
perch_v2,DENMIN,INCT20955,0,-1,18,215,prototype,0.0739634026192098,0.1107289620503985,117,18,234
perch_v2,DENMIN,INCT20955,1,0,0,0,logistic,0.0537014816160783,0.0972916414527276,112,18,234
perch_v2,DENMIN,INCT20955,1,0,0,0,logistic+R37=glmm,0.0537189326602573,0.0971679892332328,112,18,234
perch_v2,DENMIN,INCT20955,1,0,0,0,lda_shrunk,0.1117591817252176,0.2273589749902806,112,18,234
perch_v2,DENMIN,INCT20955,1,0,0,0,logistic+R20,0.0967665960864584,0.1547322643977435,112,18,234
perch_v2,DENMIN,INCT20955,1,0,0,0,prototype,0.0540507584721841,0.1024621811793103,112,18,234
perch_v2,DENMIN,INCT20955,1,1,1,12,logistic,0.065899607501273,0.1145952532259726,112,18,234
perch_v2,DENMIN,INCT20955,1,1,1,12,logistic+R37=glmm,0.0651004011421777,0.114515136935475,112,18,234
perch_v2,DENMIN,INCT20955,1,1,1,12,lda_shrunk,0.1249484903181894,0.2135753947859109,112,18,234
perch_v2,DENMIN,INCT20955,1,1,1,12,logistic+R20,0.197182673952558,0.245882839394916,112,18,234
perch_v2,DENMIN,INCT20955,1,1,1,12,prototype,0.0604307527150716,0.1092985360953977,112,18,234
perch_v2,DENMIN,INCT20955,1,2,2,24,logistic,0.0665567421859227,0.1189352441282581,112,18,234
perch_v2,DENMIN,INCT20955,1,2,2,24,logistic+R37=glmm,0.0665686011619462,0.1204993741408993,112,18,234
perch_v2,DENMIN,INCT20955,1,2,2,24,lda_shrunk,0.0899385862487014,0.160549732196572,112,18,234
perch_v2,DENMIN,INCT20955,1,2,2,24,logistic+R20,0.1228171247478322,0.1722694313533159,112,18,234
perch_v2,DENMIN,INCT20955,1,2,2,24,prototype,0.0561845472715469,0.1021965766347164,112,18,234
perch_v2,DENMIN,INCT20955,1,5,5,60,logistic,0.3369031739493632,0.3829631296049206,112,18,234
perch_v2,DENMIN,INCT20955,1,5,5,60,logistic+R37=glmm,0.3573971234334402,0.4073528696605423,112,18,234
perch_v2,DENMIN,INCT20955,1,5,5,60,lda_shrunk,0.3364020125656993,0.4750707689281755,112,18,234
perch_v2,DENMIN,INCT20955,1,5,5,60,logistic+R20,0.2286615432893542,0.2623010417703018,112,18,234
perch_v2,DENMIN,INCT20955,1,5,5,60,prototype,0.060278281848623,0.1094863113251111,112,18,234
perch_v2,DENMIN,INCT20955,1,10,10,119,logistic,0.5269907581283213,0.5925510065699694,112,18,234
perch_v2,DENMIN,INCT20955,1,10,10,119,logistic+R37=glmm,0.5409954250717216,0.6068817872103343,112,18,234
perch_v2,DENMIN,INCT20955,1,10,10,119,lda_shrunk,0.5136236413816027,0.741180473109821,112,18,234
perch_v2,DENMIN,INCT20955,1,10,10,119,logistic+R20,0.3887664395935429,0.4087141730023607,112,18,234
perch_v2,DENMIN,INCT20955,1,10,10,119,prototype,0.0744008411674871,0.1278726568486446,112,18,234
perch_v2,DENMIN,INCT20955,1,20,20,239,logistic,0.5335147733882135,0.5935398932316519,112,18,234
perch_v2,DENMIN,INCT20955,1,20,20,239,logistic+R37=glmm,0.5595302566951983,0.6357494147788034,112,18,234
perch_v2,DENMIN,INCT20955,1,20,20,239,lda_shrunk,0.5604169615668704,0.8257213608957795,112,18,234
perch_v2,DENMIN,INCT20955,1,20,20,239,logistic+R20,0.3334027625717266,0.3657014490320639,112,18,234
perch_v2,DENMIN,INCT20955,1,20,20,239,prototype,0.0601322523898535,0.1047767840522661,112,18,234
perch_v2,DENMIN,INCT20955,1,-1,18,215,logistic,0.5335147733882135,0.5935398932316519,112,18,234
perch_v2,DENMIN,INCT20955,1,-1,18,215,logistic+R37=glmm,0.5595302566951983,0.6357494147788034,112,18,234
perch_v2,DENMIN,INCT20955,1,-1,18,215,lda_shrunk,0.5604169615668704,0.8257213608957795,112,18,234
perch_v2,DENMIN,INCT20955,1,-1,18,215,logistic+R20,0.3334027625717266,0.3657014490320639,112,18,234
perch_v2,DENMIN,INCT20955,1,-1,18,215,prototype,0.0601322523898535,0.1047767840522661,112,18,234
perch_v2,LEPLAT,INCT20955,0,0,0,0,logistic,0.7982365480905258,0.8567725913013654,704,88,228
perch_v2,LEPLAT,INCT20955,0,0,0,0,logistic+R37=glmm,0.7991158808957558,0.8564699068325815,704,88,228
perch_v2,LEPLAT,INCT20955,0,0,0,0,lda_shrunk,0.619729456234868,0.733027260294455,704,88,228
perch_v2,LEPLAT,INCT20955,0,0,0,0,logistic+R20,0.8013464068018886,0.8544225035625672,704,88,228
perch_v2,LEPLAT,INCT20955,0,0,0,0,prototype,0.836203537525033,0.899552108125488,704,88,228
perch_v2,LEPLAT,INCT20955,0,1,1,2,logistic,0.7995798168634183,0.8690928120002624,704,88,228
perch_v2,LEPLAT,INCT20955,0,1,1,2,logistic+R37=glmm,0.8285891473598697,0.8787513434460484,704,88,228
perch_v2,LEPLAT,INCT20955,0,1,1,2,lda_shrunk,0.7282044641530434,0.8279571708567933,704,88,228
perch_v2,LEPLAT,INCT20955,0,1,1,2,logistic+R20,0.7061583974911546,0.8295688269493058,704,88,228
perch_v2,LEPLAT,INCT20955,0,1,1,2,prototype,0.8199433229303433,0.8923084959675733,704,88,228
perch_v2,LEPLAT,INCT20955,0,2,2,3,logistic,0.7914516456145685,0.8564932780395419,704,88,228
perch_v2,LEPLAT,INCT20955,0,2,2,3,logistic+R37=glmm,0.8365448313528829,0.8821776727538084,704,88,228
perch_v2,LEPLAT,INCT20955,0,2,2,3,lda_shrunk,0.7500697441391252,0.8429838603141516,704,88,228
perch_v2,LEPLAT,INCT20955,0,2,2,3,logistic+R20,0.6882419657100822,0.7901756870023664,704,88,228
perch_v2,LEPLAT,INCT20955,0,2,2,3,prototype,0.7559045317735773,0.8380771775337953,704,88,228
perch_v2,LEPLAT,INCT20955,0,5,5,8,logistic,0.7886070007417585,0.8419339166597068,704,88,228
perch_v2,LEPLAT,INCT20955,0,5,5,8,logistic+R37=glmm,0.8124066112180948,0.8567469910076446,704,88,228
perch_v2,LEPLAT,INCT20955,0,5,5,8,lda_shrunk,0.776002907586623,0.8476657549951407,704,88,228
perch_v2,LEPLAT,INCT20955,0,5,5,8,logistic+R20,0.679292981421917,0.7631127464611391,704,88,228
perch_v2,LEPLAT,INCT20955,0,5,5,8,prototype,0.6760359318167901,0.7610836180710043,704,88,228
perch_v2,LEPLAT,INCT20955,0,10,10,16,logistic,0.8019612016761356,0.8485330832900633,704,88,228
perch_v2,LEPLAT,INCT20955,0,10,10,16,logistic+R37=glmm,0.8045013302003018,0.8519170322498366,704,88,228
perch_v2,LEPLAT,INCT20955,0,10,10,16,lda_shrunk,0.8146184944117228,0.8805120615461788,704,88,228
perch_v2,LEPLAT,INCT20955,0,10,10,16,logistic+R20,0.6820126866465248,0.7532963288712735,704,88,228
perch_v2,LEPLAT,INCT20955,0,10,10,16,prototype,0.6311057942511757,0.7170011099747196,704,88,228
perch_v2,LEPLAT,INCT20955,0,20,20,32,logistic,0.8492193108643187,0.8895149218269889,704,88,228
perch_v2,LEPLAT,INCT20955,0,20,20,32,logistic+R37=glmm,0.8507987022115691,0.8906510027952297,704,88,228
perch_v2,LEPLAT,INCT20955,0,20,20,32,lda_shrunk,0.816655766194208,0.870258206069771,704,88,228
perch_v2,LEPLAT,INCT20955,0,20,20,32,logistic+R20,0.7944291588552985,0.8529158490652671,704,88,228
perch_v2,LEPLAT,INCT20955,0,20,20,32,prototype,0.642827673976713,0.7217867948441122,704,88,228
perch_v2,LEPLAT,INCT20955,0,-1,88,140,logistic,0.898277138132985,0.9449266684435936,704,88,228
perch_v2,LEPLAT,INCT20955,0,-1,88,140,logistic+R37=glmm,0.8983656175065172,0.9448217147973704,704,88,228
perch_v2,LEPLAT,INCT20955,0,-1,88,140,lda_shrunk,0.8912412883172245,0.9468861577304536,704,88,228
perch_v2,LEPLAT,INCT20955,0,-1,88,140,logistic+R20,0.8881702339803872,0.9374744180656892,704,88,228
perch_v2,LEPLAT,INCT20955,0,-1,88,140,prototype,0.6668202641091047,0.7391793992962913,704,88,228
perch_v2,LEPLAT,INCT20955,1,0,0,0,logistic,0.8473860349763354,0.8849533037850702,762,88,228
perch_v2,LEPLAT,INCT20955,1,0,0,0,logistic+R37=glmm,0.848222229347535,0.8839225316551697,762,88,228
perch_v2,LEPLAT,INCT20955,1,0,0,0,lda_shrunk,0.7372017785005073,0.820651945142113,762,88,228
perch_v2,LEPLAT,INCT20955,1,0,0,0,logistic+R20,0.8518214130100754,0.878925259304485,762,88,228
perch_v2,LEPLAT,INCT20955,1,0,0,0,prototype,0.8759808033940817,0.9142197166496152,762,88,228
perch_v2,LEPLAT,INCT20955,1,1,1,2,logistic,0.8092647841695505,0.8719293419211511,762,88,228
perch_v2,LEPLAT,INCT20955,1,1,1,2,logistic+R37=glmm,0.8123060755628475,0.8735865804975474,762,88,228
perch_v2,LEPLAT,INCT20955,1,1,1,2,lda_shrunk,0.7697182895081985,0.8204173565277363,762,88,228
perch_v2,LEPLAT,INCT20955,1,1,1,2,logistic+R20,0.6308967689016689,0.7449700801553112,762,88,228
perch_v2,LEPLAT,INCT20955,1,1,1,2,prototype,0.8681076193298798,0.9110689262747608,762,88,228
perch_v2,LEPLAT,INCT20955,1,2,2,3,logistic,0.7721827359202676,0.8537933752473404,762,88,228
perch_v2,LEPLAT,INCT20955,1,2,2,3,logistic+R37=glmm,0.7746318617998252,0.8409641704481678,762,88,228
perch_v2,LEPLAT,INCT20955,1,2,2,3,lda_shrunk,0.7907702399338714,0.8611860603708343,762,88,228
perch_v2,LEPLAT,INCT20955,1,2,2,3,logistic+R20,0.496451579172936,0.6523056314626796,762,88,228
perch_v2,LEPLAT,INCT20955,1,2,2,3,prototype,0.8545064566757244,0.8974835031101311,762,88,228
perch_v2,LEPLAT,INCT20955,1,5,5,8,logistic,0.8789607962409803,0.9385220416361572,762,88,228
perch_v2,LEPLAT,INCT20955,1,5,5,8,logistic+R37=glmm,0.876567220420377,0.9307211082657108,762,88,228
perch_v2,LEPLAT,INCT20955,1,5,5,8,lda_shrunk,0.7616055172736026,0.847443109319556,762,88,228
perch_v2,LEPLAT,INCT20955,1,5,5,8,logistic+R20,0.7639096169335424,0.874236196957576,762,88,228
perch_v2,LEPLAT,INCT20955,1,5,5,8,prototype,0.8244441489817851,0.8817287257831254,762,88,228
perch_v2,LEPLAT,INCT20955,1,10,10,16,logistic,0.9035817019113214,0.944009779893239,762,88,228
perch_v2,LEPLAT,INCT20955,1,10,10,16,logistic+R37=glmm,0.8995780841970576,0.9437513560269774,762,88,228
perch_v2,LEPLAT,INCT20955,1,10,10,16,lda_shrunk,0.8756171874425974,0.9273982320808146,762,88,228
perch_v2,LEPLAT,INCT20955,1,10,10,16,logistic+R20,0.8529929224293934,0.9310485689155984,762,88,228
perch_v2,LEPLAT,INCT20955,1,10,10,16,prototype,0.7934516371424052,0.8479358790387393,762,88,228
perch_v2,LEPLAT,INCT20955,1,20,20,32,logistic,0.8955986122632835,0.9495490708564004,762,88,228
perch_v2,LEPLAT,INCT20955,1,20,20,32,logistic+R37=glmm,0.8947333622872898,0.9498758430054758,762,88,228
perch_v2,LEPLAT,INCT20955,1,20,20,32,lda_shrunk,0.88470888951919,0.9506301294765034,762,88,228
perch_v2,LEPLAT,INCT20955,1,20,20,32,logistic+R20,0.8628224916838424,0.939962615796344,762,88,228
perch_v2,LEPLAT,INCT20955,1,20,20,32,prototype,0.773075586277906,0.8281138400639272,762,88,228
perch_v2,LEPLAT,INCT20955,1,-1,88,140,logistic,0.9402729192918547,0.969624301730612,762,88,228
perch_v2,LEPLAT,INCT20955,1,-1,88,140,logistic+R37=glmm,0.9403226652673148,0.9696421298642064,762,88,228
perch_v2,LEPLAT,INCT20955,1,-1,88,140,lda_shrunk,0.9308100555095876,0.9632497367015443,762,88,228
perch_v2,LEPLAT,INCT20955,1,-1,88,140,logistic+R20,0.9290426269094688,0.9682771838613364,762,88,228
perch_v2,LEPLAT,INCT20955,1,-1,88,140,prototype,0.7805392126924643,0.8305538620221555,762,88,228
perch_v2,PHYCUV,INCT17,0,0,0,0,logistic,0.7746869634782492,0.9097491321951584,53,16,176
perch_v2,PHYCUV,INCT17,0,0,0,0,logistic+R37=glmm,0.7740789405983775,0.9097491321951584,53,16,176
perch_v2,PHYCUV,INCT17,0,0,0,0,lda_shrunk,0.5999601881200503,0.8076308497928861,53,16,176
perch_v2,PHYCUV,INCT17,0,0,0,0,logistic+R20,0.7611963107773035,0.8963760198135198,53,16,176
perch_v2,PHYCUV,INCT17,0,0,0,0,prototype,0.4562113240204652,0.7376240020299618,53,16,176
perch_v2,PHYCUV,INCT17,0,1,1,11,logistic,0.7947597108770322,0.9363146447850396,53,16,176
perch_v2,PHYCUV,INCT17,0,1,1,11,logistic+R37=glmm,0.7931924596600706,0.9363146447850396,53,16,176
perch_v2,PHYCUV,INCT17,0,1,1,11,lda_shrunk,0.6565123580576788,0.846345939688331,53,16,176
perch_v2,PHYCUV,INCT17,0,1,1,11,logistic+R20,0.7929660486802294,0.9353838190794712,53,16,176
perch_v2,PHYCUV,INCT17,0,1,1,11,prototype,0.4544316464135562,0.7340786076809149,53,16,176
perch_v2,PHYCUV,INCT17,0,2,2,21,logistic,0.815641283740103,0.9421534605745132,53,16,176
perch_v2,PHYCUV,INCT17,0,2,2,21,logistic+R37=glmm,0.8166068403757911,0.9403152252803956,53,16,176
perch_v2,PHYCUV,INCT17,0,2,2,21,lda_shrunk,0.6898021969910786,0.8730166823916824,53,16,176
perch_v2,PHYCUV,INCT17,0,2,2,21,logistic+R20,0.8176167714860615,0.9445453492137944,53,16,176
perch_v2,PHYCUV,INCT17,0,2,2,21,prototype,0.4603376938460386,0.7441614115051616,53,16,176
perch_v2,PHYCUV,INCT17,0,5,5,53,logistic,0.8078929881565483,0.9345802893927018,53,16,176
perch_v2,PHYCUV,INCT17,0,5,5,53,logistic+R37=glmm,0.8093361873591348,0.932625255179603,53,16,176
perch_v2,PHYCUV,INCT17,0,5,5,53,lda_shrunk,0.7695067612210866,0.9068849211672102,53,16,176
perch_v2,PHYCUV,INCT17,0,5,5,53,logistic+R20,0.8169341242291112,0.9378481200172376,53,16,176
perch_v2,PHYCUV,INCT17,0,5,5,53,prototype,0.477189648059701,0.7413652284012551,53,16,176
perch_v2,PHYCUV,INCT17,0,10,10,106,logistic,0.8136436432676689,0.954172691343744,53,16,176
perch_v2,PHYCUV,INCT17,0,10,10,106,logistic+R37=glmm,0.8170241858240757,0.9527481899192426,53,16,176
perch_v2,PHYCUV,INCT17,0,10,10,106,lda_shrunk,0.8152777753712492,0.9303788248308876,53,16,176
perch_v2,PHYCUV,INCT17,0,10,10,106,logistic+R20,0.8292014721653169,0.9485371178385884,53,16,176
perch_v2,PHYCUV,INCT17,0,10,10,106,prototype,0.4608976801530913,0.7115092088205949,53,16,176
perch_v2,PHYCUV,INCT17,0,20,20,212,logistic,0.8297272854226971,0.9715161064425772,53,16,176
perch_v2,PHYCUV,INCT17,0,20,20,212,logistic+R37=glmm,0.8318787533883216,0.9649943673121424,53,16,176
perch_v2,PHYCUV,INCT17,0,20,20,212,lda_shrunk,0.8470233411750928,0.9643274617539324,53,16,176
perch_v2,PHYCUV,INCT17,0,20,20,212,logistic+R20,0.8393663177183943,0.9643274617539324,53,16,176
perch_v2,PHYCUV,INCT17,0,20,20,212,prototype,0.4603759188907349,0.7111663079581348,53,16,176
perch_v2,PHYCUV,INCT17,0,-1,15,159,logistic,0.8297272854226971,0.9715161064425772,53,16,176
perch_v2,PHYCUV,INCT17,0,-1,15,159,logistic+R37=glmm,0.8318787533883216,0.9649943673121424,53,16,176
perch_v2,PHYCUV,INCT17,0,-1,15,159,lda_shrunk,0.8470233411750928,0.9643274617539324,53,16,176
perch_v2,PHYCUV,INCT17,0,-1,15,159,logistic+R20,0.8393663177183943,0.9643274617539324,53,16,176
perch_v2,PHYCUV,INCT17,0,-1,15,159,prototype,0.4603759188907349,0.7111663079581348,53,16,176
perch_v2,PHYCUV,INCT17,1,0,0,0,logistic,0.9355270601099692,1.0,56,16,176
perch_v2,PHYCUV,INCT17,1,0,0,0,logistic+R37=glmm,0.9352274104041148,1.0,56,16,176
perch_v2,PHYCUV,INCT17,1,0,0,0,lda_shrunk,0.8131410912962226,0.951140873015873,56,16,176
perch_v2,PHYCUV,INCT17,1,0,0,0,logistic+R20,0.9264524451195796,1.0,56,16,176
perch_v2,PHYCUV,INCT17,1,0,0,0,prototype,0.6765072290496854,0.9325005369050454,56,16,176
perch_v2,PHYCUV,INCT17,1,1,1,11,logistic,0.9375423732818297,1.0,56,16,176
perch_v2,PHYCUV,INCT17,1,1,1,11,logistic+R37=glmm,0.9386880700864424,1.0,56,16,176
perch_v2,PHYCUV,INCT17,1,1,1,11,lda_shrunk,0.8448590143610702,0.9587613866396762,56,16,176
perch_v2,PHYCUV,INCT17,1,1,1,11,logistic+R20,0.941307157712584,0.9963235294117648,56,16,176
perch_v2,PHYCUV,INCT17,1,1,1,11,prototype,0.6995817387975393,0.9372087048944636,56,16,176
perch_v2,PHYCUV,INCT17,1,2,2,21,logistic,0.936797704898736,1.0,56,16,176
perch_v2,PHYCUV,INCT17,1,2,2,21,logistic+R37=glmm,0.9379735722931912,1.0,56,16,176
perch_v2,PHYCUV,INCT17,1,2,2,21,lda_shrunk,0.866672988307002,0.9630625808015516,56,16,176
perch_v2,PHYCUV,INCT17,1,2,2,21,logistic+R20,0.942752909609521,0.9963235294117648,56,16,176
perch_v2,PHYCUV,INCT17,1,2,2,21,prototype,0.6894618058493783,0.9372087048944636,56,16,176
perch_v2,PHYCUV,INCT17,1,5,5,53,logistic,0.929945734977384,1.0,56,16,176
perch_v2,PHYCUV,INCT17,1,5,5,53,logistic+R37=glmm,0.9300194162679828,1.0,56,16,176
perch_v2,PHYCUV,INCT17,1,5,5,53,lda_shrunk,0.9219973224520956,0.9757106608669108,56,16,176
perch_v2,PHYCUV,INCT17,1,5,5,53,logistic+R20,0.9396653582693107,0.9963235294117648,56,16,176
perch_v2,PHYCUV,INCT17,1,5,5,53,prototype,0.689881549901877,0.9310378959276018,56,16,176
perch_v2,PHYCUV,INCT17,1,10,10,106,logistic,0.9347642792962868,0.9963235294117648,56,16,176
perch_v2,PHYCUV,INCT17,1,10,10,106,logistic+R37=glmm,0.9331007313397752,0.9963235294117648,56,16,176
perch_v2,PHYCUV,INCT17,1,10,10,106,lda_shrunk,0.9565946209805208,0.9924172794117648,56,16,176
perch_v2,PHYCUV,INCT17,1,10,10,106,logistic+R20,0.9398852352010788,0.9963235294117648,56,16,176
perch_v2,PHYCUV,INCT17,1,10,10,106,prototype,0.6616884445564174,0.9017469866734572,56,16,176
perch_v2,PHYCUV,INCT17,1,20,20,212,logistic,0.9446470292087472,1.0,56,16,176
perch_v2,PHYCUV,INCT17,1,20,20,212,logistic+R37=glmm,0.9447876275921268,1.0,56,16,176
perch_v2,PHYCUV,INCT17,1,20,20,212,lda_shrunk,0.96383448595395,0.9924172794117648,56,16,176
perch_v2,PHYCUV,INCT17,1,20,20,212,logistic+R20,0.944495404772418,1.0,56,16,176
perch_v2,PHYCUV,INCT17,1,20,20,212,prototype,0.6599902799396812,0.8978896103896103,56,16,176
perch_v2,PHYCUV,INCT17,1,-1,15,159,logistic,0.9446470292087472,1.0,56,16,176
perch_v2,PHYCUV,INCT17,1,-1,15,159,logistic+R37=glmm,0.9447876275921268,1.0,56,16,176
perch_v2,PHYCUV,INCT17,1,-1,15,159,lda_shrunk,0.96383448595395,0.9924172794117648,56,16,176
perch_v2,PHYCUV,INCT17,1,-1,15,159,logistic+R20,0.944495404772418,1.0,56,16,176
perch_v2,PHYCUV,INCT17,1,-1,15,159,prototype,0.6599902799396812,0.8978896103896103,56,16,176
perch_v2,PHYCUV,INCT20955,0,0,0,0,logistic,0.8096266564178727,0.9619953265305488,167,39,227
perch_v2,PHYCUV,INCT20955,0,0,0,0,logistic+R37=glmm,0.809315834640857,0.9615601031315244,167,39,227
perch_v2,PHYCUV,INCT20955,0,0,0,0,lda_shrunk,0.8052619813824273,0.9761154824438216,167,39,227
perch_v2,PHYCUV,INCT20955,0,0,0,0,logistic+R20,0.8081226759527805,0.957997857102026,167,39,227
perch_v2,PHYCUV,INCT20955,0,0,0,0,prototype,0.70939576947505,0.9150016350582711,167,39,227
perch_v2,PHYCUV,INCT20955,0,1,1,5,logistic,0.8104722865508287,0.959094573751946,167,39,227
perch_v2,PHYCUV,INCT20955,0,1,1,5,logistic+R37=glmm,0.810195811375069,0.9588089682683206,167,39,227
perch_v2,PHYCUV,INCT20955,0,1,1,5,lda_shrunk,0.815285794614377,0.9750799280398325,167,39,227
perch_v2,PHYCUV,INCT20955,0,1,1,5,logistic+R20,0.8122496929870866,0.9594337604719368,167,39,227
perch_v2,PHYCUV,INCT20955,0,1,1,5,prototype,0.7106238369361331,0.9151553717072932,167,39,227
perch_v2,PHYCUV,INCT20955,0,2,2,10,logistic,0.8098199505669159,0.964267867736441,167,39,227
perch_v2,PHYCUV,INCT20955,0,2,2,10,logistic+R37=glmm,0.8098594528999302,0.9644260955845424,167,39,227
perch_v2,PHYCUV,INCT20955,0,2,2,10,lda_shrunk,0.8182911885036416,0.9770825504858046,167,39,227
perch_v2,PHYCUV,INCT20955,0,2,2,10,logistic+R20,0.807700168624983,0.9608841502861302,167,39,227
perch_v2,PHYCUV,INCT20955,0,2,2,10,prototype,0.7118630884131146,0.916072515563113,167,39,227
perch_v2,PHYCUV,INCT20955,0,5,5,25,logistic,0.8169620546236612,0.9622172599185822,167,39,227
perch_v2,PHYCUV,INCT20955,0,5,5,25,logistic+R37=glmm,0.8166254880751774,0.9627340557842152,167,39,227
perch_v2,PHYCUV,INCT20955,0,5,5,25,lda_shrunk,0.8223017665857677,0.9756911351459594,167,39,227
perch_v2,PHYCUV,INCT20955,0,5,5,25,logistic+R20,0.8149921381516488,0.9606316250336048,167,39,227
perch_v2,PHYCUV,INCT20955,0,5,5,25,prototype,0.7177357913707151,0.9157763184561968,167,39,227
perch_v2,PHYCUV,INCT20955,0,10,10,49,logistic,0.832278755899825,0.9710475647802176,167,39,227
perch_v2,PHYCUV,INCT20955,0,10,10,49,logistic+R37=glmm,0.8315460513632893,0.9710475647802176,167,39,227
perch_v2,PHYCUV,INCT20955,0,10,10,49,lda_shrunk,0.8265324660681044,0.9743891020867408,167,39,227
perch_v2,PHYCUV,INCT20955,0,10,10,49,logistic+R20,0.8287851606651638,0.9664669359393302,167,39,227
perch_v2,PHYCUV,INCT20955,0,10,10,49,prototype,0.7281020337417635,0.9256276101103008,167,39,227
perch_v2,PHYCUV,INCT20955,0,20,20,98,logistic,0.8626360181289526,0.9834683335860744,167,39,227
perch_v2,PHYCUV,INCT20955,0,20,20,98,logistic+R37=glmm,0.8623388990524014,0.9834683335860744,167,39,227
perch_v2,PHYCUV,INCT20955,0,20,20,98,lda_shrunk,0.8612878141971597,0.9876076791490326,167,39,227
perch_v2,PHYCUV,INCT20955,0,20,20,98,logistic+R20,0.8593670581509549,0.980067688236962,167,39,227
perch_v2,PHYCUV,INCT20955,0,20,20,98,prototype,0.7244176290628692,0.9377081585695928,167,39,227
perch_v2,PHYCUV,INCT20955,0,-1,38,187,logistic,0.8761794106634615,0.9881280781255584,167,39,227
perch_v2,PHYCUV,INCT20955,0,-1,38,187,logistic+R37=glmm,0.8761004160372659,0.9888822259385296,167,39,227
perch_v2,PHYCUV,INCT20955,0,-1,38,187,lda_shrunk,0.8720323205182677,0.986570340990898,167,39,227
perch_v2,PHYCUV,INCT20955,0,-1,38,187,logistic+R20,0.8721808934092613,0.9857410519977604,167,39,227
perch_v2,PHYCUV,INCT20955,0,-1,38,187,prototype,0.6401961156383909,0.9204527785668908,167,39,227
perch_v2,PHYCUV,INCT20955,1,0,0,0,logistic,0.7888711988035739,0.9553087003018056,193,39,227
perch_v2,PHYCUV,INCT20955,1,0,0,0,logistic+R37=glmm,0.7872603316910278,0.9544178225459836,193,39,227
perch_v2,PHYCUV,INCT20955,1,0,0,0,lda_shrunk,0.8560395616815455,0.9661331551575454,193,39,227
perch_v2,PHYCUV,INCT20955,1,0,0,0,logistic+R20,0.7877675859213836,0.960451717510422,193,39,227
perch_v2,PHYCUV,INCT20955,1,0,0,0,prototype,0.7430321192987888,0.9181713500409986,193,39,227
perch_v2,PHYCUV,INCT20955,1,1,1,5,logistic,0.7729481617479316,0.9559018267818576,193,39,227
perch_v2,PHYCUV,INCT20955,1,1,1,5,logistic+R37=glmm,0.7725139988127103,0.9559018267818576,193,39,227
perch_v2,PHYCUV,INCT20955,1,1,1,5,lda_shrunk,0.8505258301483919,0.966495407282655,193,39,227
perch_v2,PHYCUV,INCT20955,1,1,1,5,logistic+R20,0.7747505871535874,0.957657627196584,193,39,227
perch_v2,PHYCUV,INCT20955,1,1,1,5,prototype,0.7449999555363442,0.9191016204279194,193,39,227
perch_v2,PHYCUV,INCT20955,1,2,2,10,logistic,0.7707554651901738,0.9550817256157046,193,39,227
perch_v2,PHYCUV,INCT20955,1,2,2,10,logistic+R37=glmm,0.7699512902092869,0.9543563963543952,193,39,227
perch_v2,PHYCUV,INCT20955,1,2,2,10,lda_shrunk,0.8505171384027067,0.972964723875655,193,39,227
perch_v2,PHYCUV,INCT20955,1,2,2,10,logistic+R20,0.7753828447846675,0.9578872998400496,193,39,227
perch_v2,PHYCUV,INCT20955,1,2,2,10,prototype,0.7470902948625322,0.9199138198359929,193,39,227
perch_v2,PHYCUV,INCT20955,1,5,5,25,logistic,0.8302418701266748,0.9637038220340538,193,39,227
perch_v2,PHYCUV,INCT20955,1,5,5,25,logistic+R37=glmm,0.8297810450131349,0.964142636996458,193,39,227
perch_v2,PHYCUV,INCT20955,1,5,5,25,lda_shrunk,0.8720866457340768,0.9718368375364675,193,39,227
perch_v2,PHYCUV,INCT20955,1,5,5,25,logistic+R20,0.825489404803531,0.9653722504155812,193,39,227
perch_v2,PHYCUV,INCT20955,1,5,5,25,prototype,0.7596054413806991,0.9239850646780068,193,39,227
perch_v2,PHYCUV,INCT20955,1,10,10,49,logistic,0.8500273796298965,0.9571306046834224,193,39,227
perch_v2,PHYCUV,INCT20955,1,10,10,49,logistic+R37=glmm,0.8498278125021004,0.956814254367072,193,39,227
perch_v2,PHYCUV,INCT20955,1,10,10,49,lda_shrunk,0.8650077915756954,0.969786955398683,193,39,227
perch_v2,PHYCUV,INCT20955,1,10,10,49,logistic+R20,0.8473675769500941,0.9618701783526262,193,39,227
perch_v2,PHYCUV,INCT20955,1,10,10,49,prototype,0.7666299650920081,0.9230613830837516,193,39,227
perch_v2,PHYCUV,INCT20955,1,20,20,98,logistic,0.86976656919947,0.964649189239368,193,39,227
perch_v2,PHYCUV,INCT20955,1,20,20,98,logistic+R37=glmm,0.8698702031938134,0.964649189239368,193,39,227
perch_v2,PHYCUV,INCT20955,1,20,20,98,lda_shrunk,0.8904615134611569,0.9803327053312964,193,39,227
perch_v2,PHYCUV,INCT20955,1,20,20,98,logistic+R20,0.8693311739210187,0.9701514024656832,193,39,227
perch_v2,PHYCUV,INCT20955,1,20,20,98,prototype,0.7498574551790567,0.9087926890834932,193,39,227
perch_v2,PHYCUV,INCT20955,1,-1,38,187,logistic,0.872554304197104,0.9726972144454744,193,39,227
perch_v2,PHYCUV,INCT20955,1,-1,38,187,logistic+R37=glmm,0.8727163745832535,0.9724641142123744,193,39,227
perch_v2,PHYCUV,INCT20955,1,-1,38,187,lda_shrunk,0.8913737734600307,0.981503972847102,193,39,227
perch_v2,PHYCUV,INCT20955,1,-1,38,187,logistic+R20,0.8743854166385086,0.9745389260736732,193,39,227
perch_v2,PHYCUV,INCT20955,1,-1,38,187,prototype,0.7301645831035533,0.8968420649293478,193,39,227
perch_v2,PHYCUV,INCT41,0,0,0,0,logistic,0.9529634588360668,0.9832733567576036,262,38,180
perch_v2,PHYCUV,INCT41,0,0,0,0,logistic+R37=glmm,0.9529312795035204,0.9832733567576036,262,38,180
perch_v2,PHYCUV,INCT41,0,0,0,0,lda_shrunk,0.9568360205785466,0.9890456305941948,262,38,180
perch_v2,PHYCUV,INCT41,0,0,0,0,logistic+R20,0.949826608507132,0.9816548346734104,262,38,180
perch_v2,PHYCUV,INCT41,0,0,0,0,prototype,0.8955016652767904,0.9376011352384148,262,38,180
perch_v2,PHYCUV,INCT41,0,1,1,4,logistic,0.9543948436370826,0.9873547505126452,262,38,180
perch_v2,PHYCUV,INCT41,0,1,1,4,logistic+R37=glmm,0.954441234408532,0.9863302297512824,262,38,180
perch_v2,PHYCUV,INCT41,0,1,1,4,lda_shrunk,0.9624192714469504,0.9891563914559184,262,38,180
perch_v2,PHYCUV,INCT41,0,1,1,4,logistic+R20,0.9515134521275928,0.9817701516599924,262,38,180
perch_v2,PHYCUV,INCT41,0,1,1,4,prototype,0.897887119262688,0.9386019769244252,262,38,180
perch_v2,PHYCUV,INCT41,0,2,2,7,logistic,0.9586693041892924,0.9910401327835204,262,38,180
perch_v2,PHYCUV,INCT41,0,2,2,7,logistic+R37=glmm,0.9588066309491804,0.9917513703368632,262,38,180
perch_v2,PHYCUV,INCT41,0,2,2,7,lda_shrunk,0.9626414141719316,0.988602681599883,262,38,180
perch_v2,PHYCUV,INCT41,0,2,2,7,logistic+R20,0.9556416241887112,0.9912888356467616,262,38,180
perch_v2,PHYCUV,INCT41,0,2,2,7,prototype,0.9051210189559612,0.949233144727431,262,38,180
perch_v2,PHYCUV,INCT41,0,5,5,19,logistic,0.9639791834840156,0.9935248510733274,262,38,180
perch_v2,PHYCUV,INCT41,0,5,5,19,logistic+R37=glmm,0.9639948981185068,0.9935248510733274,262,38,180
perch_v2,PHYCUV,INCT41,0,5,5,19,lda_shrunk,0.9682248641272436,0.9904740337886622,262,38,180
perch_v2,PHYCUV,INCT41,0,5,5,19,logistic+R20,0.9620504287673948,0.9933963854098492,262,38,180
perch_v2,PHYCUV,INCT41,0,5,5,19,prototype,0.9118938663919612,0.9558012114838728,262,38,180
perch_v2,PHYCUV,INCT41,0,10,10,37,logistic,0.966234907217796,0.9939500952658846,262,38,180
perch_v2,PHYCUV,INCT41,0,10,10,37,logistic+R37=glmm,0.9661848944876638,0.9945308153587998,262,38,180
perch_v2,PHYCUV,INCT41,0,10,10,37,lda_shrunk,0.9688509341495908,0.9859408815917876,262,38,180
perch_v2,PHYCUV,INCT41,0,10,10,37,logistic+R20,0.9647774433697446,0.992584810313342,262,38,180
perch_v2,PHYCUV,INCT41,0,10,10,37,prototype,0.9369401297282098,0.9699119498410682,262,38,180
perch_v2,PHYCUV,INCT41,0,20,20,75,logistic,0.9644360245169666,0.9907676939653682,262,38,180
perch_v2,PHYCUV,INCT41,0,20,20,75,logistic+R37=glmm,0.9644976101981227,0.9900726067167522,262,38,180
perch_v2,PHYCUV,INCT41,0,20,20,75,lda_shrunk,0.9718969637605628,0.990153678580243,262,38,180
perch_v2,PHYCUV,INCT41,0,20,20,75,logistic+R20,0.9618803665593172,0.9896634891105722,262,38,180
perch_v2,PHYCUV,INCT41,0,20,20,75,prototype,0.9439299036290087,0.9676328302977212,262,38,180
perch_v2,PHYCUV,INCT41,0,-1,38,142,logistic,0.9710390818099272,0.9926223916017995,262,38,180
perch_v2,PHYCUV,INCT41,0,-1,38,142,logistic+R37=glmm,0.9710496706709076,0.9931761014578352,262,38,180
perch_v2,PHYCUV,INCT41,0,-1,38,142,lda_shrunk,0.9760090282673408,0.994044793592109,262,38,180
perch_v2,PHYCUV,INCT41,0,-1,38,142,logistic+R20,0.9684112784582845,0.991257106649257,262,38,180
perch_v2,PHYCUV,INCT41,0,-1,38,142,prototype,0.9410521935449484,0.9671425304571588,262,38,180
perch_v2,PHYCUV,INCT41,1,0,0,0,logistic,0.963009525090764,0.9793056220021116,269,38,180
perch_v2,PHYCUV,INCT41,1,0,0,0,logistic+R37=glmm,0.9629257435123972,0.9787279583307382,269,38,180
perch_v2,PHYCUV,INCT41,1,0,0,0,lda_shrunk,0.9697621762732468,1.0,269,38,180
perch_v2,PHYCUV,INCT41,1,0,0,0,logistic+R20,0.9604829970889768,0.97894115139633,269,38,180
perch_v2,PHYCUV,INCT41,1,0,0,0,prototype,0.8966877588467782,0.9582768248510068,269,38,180
perch_v2,PHYCUV,INCT41,1,1,1,4,logistic,0.962501726083466,0.977836743193416,269,38,180
perch_v2,PHYCUV,INCT41,1,1,1,4,logistic+R37=glmm,0.9625391478687046,0.97828237599199,269,38,180
perch_v2,PHYCUV,INCT41,1,1,1,4,lda_shrunk,0.9759283445599942,1.0,269,38,180
perch_v2,PHYCUV,INCT41,1,1,1,4,logistic+R20,0.96034769103376,0.97786118045946,269,38,180
perch_v2,PHYCUV,INCT41,1,1,1,4,prototype,0.902779176383076,0.9582768248510068,269,38,180
perch_v2,PHYCUV,INCT41,1,2,2,7,logistic,0.9657009257442812,0.9822767153983124,269,38,180
perch_v2,PHYCUV,INCT41,1,2,2,7,logistic+R37=glmm,0.9656382686412186,0.9819844886303404,269,38,180
perch_v2,PHYCUV,INCT41,1,2,2,7,lda_shrunk,0.9805305377299436,1.0,269,38,180
perch_v2,PHYCUV,INCT41,1,2,2,7,logistic+R20,0.9619216397124114,0.9776482996142066,269,38,180
perch_v2,PHYCUV,INCT41,1,2,2,7,prototype,0.9046445158943818,0.9597764378541028,269,38,180
perch_v2,PHYCUV,INCT41,1,5,5,19,logistic,0.9613348576256712,0.9763367452435988,269,38,180
perch_v2,PHYCUV,INCT41,1,5,5,19,logistic+R37=glmm,0.9611711288278532,0.9753618152869924,269,38,180
perch_v2,PHYCUV,INCT41,1,5,5,19,lda_shrunk,0.9787438064743604,0.9986842105263156,269,38,180
perch_v2,PHYCUV,INCT41,1,5,5,19,logistic+R20,0.949820505217377,0.963608590751961,269,38,180
perch_v2,PHYCUV,INCT41,1,5,5,19,prototype,0.904438604369359,0.9618729260283772,269,38,180
perch_v2,PHYCUV,INCT41,1,10,10,37,logistic,0.9710560947859536,0.9941482651090974,269,38,180
perch_v2,PHYCUV,INCT41,1,10,10,37,logistic+R37=glmm,0.9710772099399224,0.9936197238828816,269,38,180
perch_v2,PHYCUV,INCT41,1,10,10,37,lda_shrunk,0.9822601958410956,1.0,269,38,180
perch_v2,PHYCUV,INCT41,1,10,10,37,logistic+R20,0.966634055063399,0.9868660963536308,269,38,180
perch_v2,PHYCUV,INCT41,1,10,10,37,prototype,0.9231912697279876,0.9693206690761714,269,38,180
perch_v2,PHYCUV,INCT41,1,20,20,75,logistic,0.9726036725243532,0.995282695058048,269,38,180
perch_v2,PHYCUV,INCT41,1,20,20,75,logistic+R37=glmm,0.9725623230071874,0.995282695058048,269,38,180
perch_v2,PHYCUV,INCT41,1,20,20,75,lda_shrunk,0.9761144196084266,1.0,269,38,180
perch_v2,PHYCUV,INCT41,1,20,20,75,logistic+R20,0.9701795060627468,0.9929955673376724,269,38,180
perch_v2,PHYCUV,INCT41,1,20,20,75,prototype,0.9474103143212678,0.97682459305476,269,38,180
perch_v2,PHYCUV,INCT41,1,-1,38,142,logistic,0.9726908319489088,0.9960899760068732,269,38,180
perch_v2,PHYCUV,INCT41,1,-1,38,142,logistic+R37=glmm,0.9727113404509709,0.9960899760068732,269,38,180
perch_v2,PHYCUV,INCT41,1,-1,38,142,lda_shrunk,0.9790113114772392,1.0,269,38,180
perch_v2,PHYCUV,INCT41,1,-1,38,142,logistic+R20,0.969811464231473,0.9935570479420304,269,38,180
perch_v2,PHYCUV,INCT41,1,-1,38,142,prototype,0.9529416910238052,0.9769584216952638,269,38,180
perch_v2,PITAZU,INCT17,0,0,0,0,logistic,0.7966118194540927,0.8822237546153741,730,89,164
perch_v2,PITAZU,INCT17,0,0,0,0,logistic+R37=glmm,0.8364670207171137,0.9061871628199808,730,89,164
perch_v2,PITAZU,INCT17,0,0,0,0,lda_shrunk,0.669583823741784,0.7926403923804022,730,89,164
perch_v2,PITAZU,INCT17,0,0,0,0,logistic+R20,0.8289525855582044,0.8972403023082552,730,89,164
perch_v2,PITAZU,INCT17,0,0,0,0,prototype,0.8372603095963452,0.8930577612718855,730,89,164
perch_v2,PITAZU,INCT17,0,1,1,1,logistic,0.8485347405670144,0.9517287490769956,730,89,164
perch_v2,PITAZU,INCT17,0,1,1,1,logistic+R37=glmm,0.8530618267956511,0.9538274871024218,730,89,164
perch_v2,PITAZU,INCT17,0,1,1,1,lda_shrunk,0.7731819413237588,0.882228630893256,730,89,164
perch_v2,PITAZU,INCT17,0,1,1,1,logistic+R20,0.7351558838938848,0.9033181696152826,730,89,164
perch_v2,PITAZU,INCT17,0,1,1,1,prototype,0.7606172718708026,0.8957701049432266,730,89,164
perch_v2,PITAZU,INCT17,0,2,2,2,logistic,0.8866479715074919,0.9590111039527316,730,89,164
perch_v2,PITAZU,INCT17,0,2,2,2,logistic+R37=glmm,0.8846464604576835,0.9563475549558208,730,89,164
perch_v2,PITAZU,INCT17,0,2,2,2,lda_shrunk,0.7927901167060131,0.9013068326035708,730,89,164
perch_v2,PITAZU,INCT17,0,2,2,2,logistic+R20,0.880400710859637,0.9616110241909134,730,89,164
perch_v2,PITAZU,INCT17,0,2,2,2,prototype,0.9257599456562792,0.9626451393942448,730,89,164
perch_v2,PITAZU,INCT17,0,5,5,4,logistic,0.922208734441024,0.9741748241254888,730,89,164
perch_v2,PITAZU,INCT17,0,5,5,4,logistic+R37=glmm,0.9193252489678966,0.971634030518059,730,89,164
perch_v2,PITAZU,INCT17,0,5,5,4,lda_shrunk,0.8804117523250413,0.9624099997727844,730,89,164
perch_v2,PITAZU,INCT17,0,5,5,4,logistic+R20,0.9302812687468854,0.975914924749651,730,89,164
perch_v2,PITAZU,INCT17,0,5,5,4,prototype,0.9348515353357576,0.9719552194900888,730,89,164
perch_v2,PITAZU,INCT17,0,10,10,8,logistic,0.9224971768698044,0.9733356933233244,730,89,164
perch_v2,PITAZU,INCT17,0,10,10,8,logistic+R37=glmm,0.9306808862822538,0.9777430818271288,730,89,164
perch_v2,PITAZU,INCT17,0,10,10,8,lda_shrunk,0.8887328679735191,0.9574630029953196,730,89,164
perch_v2,PITAZU,INCT17,0,10,10,8,logistic+R20,0.9137757714878778,0.9623191709821932,730,89,164
perch_v2,PITAZU,INCT17,0,10,10,8,prototype,0.9138999252091936,0.9549543228769632,730,89,164
perch_v2,PITAZU,INCT17,0,20,20,17,logistic,0.9347048017203752,0.9811670834910464,730,89,164
perch_v2,PITAZU,INCT17,0,20,20,17,logistic+R37=glmm,0.9433261593931852,0.9866920534252508,730,89,164
perch_v2,PITAZU,INCT17,0,20,20,17,lda_shrunk,0.8946106472312542,0.9577024702262336,730,89,164
perch_v2,PITAZU,INCT17,0,20,20,17,logistic+R20,0.8995782148513692,0.9590174958147694,730,89,164
perch_v2,PITAZU,INCT17,0,20,20,17,prototype,0.8700241855579033,0.929525026099872,730,89,164
perch_v2,PITAZU,INCT17,0,-1,89,75,logistic,0.9591084096632796,0.991907940002273,730,89,164
perch_v2,PITAZU,INCT17,0,-1,89,75,logistic+R37=glmm,0.9604665343457304,0.99292606173347,730,89,164
perch_v2,PITAZU,INCT17,0,-1,89,75,lda_shrunk,0.9205795947292555,0.9860240211385526,730,89,164
perch_v2,PITAZU,INCT17,0,-1,89,75,logistic+R20,0.9552432490642564,0.98766044405722,730,89,164
perch_v2,PITAZU,INCT17,0,-1,89,75,prototype,0.9149634556089652,0.966588573655709,730,89,164
perch_v2,PITAZU,INCT17,1,0,0,0,logistic,0.8350281803728357,0.8460744668259224,740,89,164
perch_v2,PITAZU,INCT17,1,0,0,0,logistic+R37=glmm,0.8649528374074472,0.8661246881688442,740,89,164
perch_v2,PITAZU,INCT17,1,0,0,0,lda_shrunk,0.7219656982934404,0.790682892219468,740,89,164
perch_v2,PITAZU,INCT17,1,0,0,0,logistic+R20,0.8542750455197082,0.856229147921215,740,89,164
perch_v2,PITAZU,INCT17,1,0,0,0,prototype,0.8500198126662366,0.8980169973109536,740,89,164
perch_v2,PITAZU,INCT17,1,1,1,1,logistic,0.8412438756598387,0.8571448526347012,740,89,164
perch_v2,PITAZU,INCT17,1,1,1,1,logistic+R37=glmm,0.8832544971553481,0.8813208409337547,740,89,164
perch_v2,PITAZU,INCT17,1,1,1,1,lda_shrunk,0.7420138960675534,0.8055051995390063,740,89,164
perch_v2,PITAZU,INCT17,1,1,1,1,logistic+R20,0.827811582730965,0.8679486484307329,740,89,164
perch_v2,PITAZU,INCT17,1,1,1,1,prototype,0.8608257561152767,0.9133297051895184,740,89,164
perch_v2,PITAZU,INCT17,1,2,2,2,logistic,0.8702165170931802,0.8709549107643282,740,89,164
perch_v2,PITAZU,INCT17,1,2,2,2,logistic+R37=glmm,0.9155978530331662,0.9093207774448384,740,89,164
perch_v2,PITAZU,INCT17,1,2,2,2,lda_shrunk,0.8041943268849862,0.8452104977508337,740,89,164
perch_v2,PITAZU,INCT17,1,2,2,2,logistic+R20,0.8271811134990499,0.8604801862391025,740,89,164
perch_v2,PITAZU,INCT17,1,2,2,2,prototype,0.7863322108885037,0.8489415209769302,740,89,164
perch_v2,PITAZU,INCT17,1,5,5,4,logistic,0.8987272755747481,0.9132564931462608,740,89,164
perch_v2,PITAZU,INCT17,1,5,5,4,logistic+R37=glmm,0.9132201910896236,0.9252456197966448,740,89,164
perch_v2,PITAZU,INCT17,1,5,5,4,lda_shrunk,0.8913325625884476,0.9038020035952294,740,89,164
perch_v2,PITAZU,INCT17,1,5,5,4,logistic+R20,0.908128413657572,0.9331411420969228,740,89,164
perch_v2,PITAZU,INCT17,1,5,5,4,prototype,0.8719409422878204,0.9098899648841005,740,89,164
perch_v2,PITAZU,INCT17,1,10,10,8,logistic,0.9561390744410426,0.9629439843075064,740,89,164
perch_v2,PITAZU,INCT17,1,10,10,8,logistic+R37=glmm,0.9584564325789208,0.9656537514753668,740,89,164
perch_v2,PITAZU,INCT17,1,10,10,8,lda_shrunk,0.905228789654546,0.9102895908629356,740,89,164
perch_v2,PITAZU,INCT17,1,10,10,8,logistic+R20,0.9378292653914658,0.9628136870744376,740,89,164
perch_v2,PITAZU,INCT17,1,10,10,8,prototype,0.9162715871927992,0.9370910872387116,740,89,164
perch_v2,PITAZU,INCT17,1,20,20,17,logistic,0.96494378414003,0.9777913283267126,740,89,164
perch_v2,PITAZU,INCT17,1,20,20,17,logistic+R37=glmm,0.96569410902764,0.9806931061181732,740,89,164
perch_v2,PITAZU,INCT17,1,20,20,17,lda_shrunk,0.929443387096976,0.9362212114411412,740,89,164
perch_v2,PITAZU,INCT17,1,20,20,17,logistic+R20,0.953813346497248,0.9775370882906887,740,89,164
perch_v2,PITAZU,INCT17,1,20,20,17,prototype,0.9385749205509172,0.9551537983917386,740,89,164
perch_v2,PITAZU,INCT17,1,-1,89,75,logistic,0.9666430422529292,0.9814489820772482,740,89,164
perch_v2,PITAZU,INCT17,1,-1,89,75,logistic+R37=glmm,0.9672825261456284,0.9822404655598844,740,89,164
perch_v2,PITAZU,INCT17,1,-1,89,75,lda_shrunk,0.9300622325255496,0.9554693606028336,740,89,164
perch_v2,PITAZU,INCT17,1,-1,89,75,logistic+R20,0.9621256125506982,0.9810628890856544,740,89,164
perch_v2,PITAZU,INCT17,1,-1,89,75,prototype,0.9302080819981544,0.9609038847352112,740,89,164
protoclr,BOAFAB,INCT20955,0,0,0,0,logistic,0.9095402156957209,0.9098183781007942,448,53,232
protoclr,BOAFAB,INCT20955,0,0,0,0,logistic+R37=glmm,0.911323512633123,0.9114091643388726,448,53,232
protoclr,BOAFAB,INCT20955,0,0,0,0,lda_shrunk,0.9211503476509998,0.9371672820091153,448,53,232
protoclr,BOAFAB,INCT20955,0,0,0,0,logistic+R20,0.9133890156460516,0.9125256962547332,448,53,232
protoclr,BOAFAB,INCT20955,0,0,0,0,prototype,0.8113215077956824,0.8405569308154914,448,53,232
protoclr,BOAFAB,INCT20955,0,1,1,3,logistic,0.9110153319805744,0.9129161131331764,448,53,232
protoclr,BOAFAB,INCT20955,0,1,1,3,logistic+R37=glmm,0.9116990690087,0.9120950158508784,448,53,232
protoclr,BOAFAB,INCT20955,0,1,1,3,lda_shrunk,0.9311539427296136,0.9498389894295284,448,53,232
protoclr,BOAFAB,INCT20955,0,1,1,3,logistic+R20,0.9177730847052455,0.9183335006439564,448,53,232
protoclr,BOAFAB,INCT20955,0,1,1,3,prototype,0.8115033008612651,0.8404969519298274,448,53,232
protoclr,BOAFAB,INCT20955,0,2,2,7,logistic,0.9094093322042364,0.9120778062292888,448,53,232
protoclr,BOAFAB,INCT20955,0,2,2,7,logistic+R37=glmm,0.9098838527399984,0.9128766239374968,448,53,232
protoclr,BOAFAB,INCT20955,0,2,2,7,lda_shrunk,0.9318600090392486,0.9486111847051076,448,53,232
protoclr,BOAFAB,INCT20955,0,2,2,7,logistic+R20,0.91603465811954,0.91801333840883,448,53,232
protoclr,BOAFAB,INCT20955,0,2,2,7,prototype,0.8139211080388259,0.8407774973026843,448,53,232
protoclr,BOAFAB,INCT20955,0,5,5,17,logistic,0.9097652038680888,0.9116121511689368,448,53,232
protoclr,BOAFAB,INCT20955,0,5,5,17,logistic+R37=glmm,0.9092210320623751,0.9090623866231508,448,53,232
protoclr,BOAFAB,INCT20955,0,5,5,17,lda_shrunk,0.9327797264429092,0.9548805765355012,448,53,232
protoclr,BOAFAB,INCT20955,0,5,5,17,logistic+R20,0.9131564587739284,0.9121539501436144,448,53,232
protoclr,BOAFAB,INCT20955,0,5,5,17,prototype,0.8226877047032503,0.8491322452658836,448,53,232
protoclr,BOAFAB,INCT20955,0,10,10,34,logistic,0.927220249575791,0.9354652870405304,448,53,232
protoclr,BOAFAB,INCT20955,0,10,10,34,logistic+R37=glmm,0.9282686189440024,0.9353883582154066,448,53,232
protoclr,BOAFAB,INCT20955,0,10,10,34,lda_shrunk,0.9474755095606212,0.974466088898872,448,53,232
protoclr,BOAFAB,INCT20955,0,10,10,34,logistic+R20,0.9391626359574108,0.9495951919061976,448,53,232
protoclr,BOAFAB,INCT20955,0,10,10,34,prototype,0.8240799421589804,0.8512288662696825,448,53,232
protoclr,BOAFAB,INCT20955,0,20,20,68,logistic,0.9385340150100996,0.9497475470827904,448,53,232
protoclr,BOAFAB,INCT20955,0,20,20,68,logistic+R37=glmm,0.9388286993262476,0.9500143622994413,448,53,232
protoclr,BOAFAB,INCT20955,0,20,20,68,lda_shrunk,0.945671367875936,0.9740726925916472,448,53,232
protoclr,BOAFAB,INCT20955,0,20,20,68,logistic+R20,0.946463534389718,0.9581810231123384,448,53,232
protoclr,BOAFAB,INCT20955,0,20,20,68,prototype,0.834593961522233,0.8600430217614509,448,53,232
protoclr,BOAFAB,INCT20955,0,-1,53,179,logistic,0.9438592905259852,0.9565952807975114,448,53,232
protoclr,BOAFAB,INCT20955,0,-1,53,179,logistic+R37=glmm,0.9439467675211352,0.9561094387898108,448,53,232
protoclr,BOAFAB,INCT20955,0,-1,53,179,lda_shrunk,0.9520388867208248,0.9727720182715672,448,53,232
protoclr,BOAFAB,INCT20955,0,-1,53,179,logistic+R20,0.9482936528871826,0.9603047310529772,448,53,232
protoclr,BOAFAB,INCT20955,0,-1,53,179,prototype,0.8470784468584438,0.8661787110148391,448,53,232
protoclr,BOAFAB,INCT20955,1,0,0,0,logistic,0.8909295234185024,0.8816230653439403,436,53,232
protoclr,BOAFAB,INCT20955,1,0,0,0,logistic+R37=glmm,0.8936839126033097,0.8845295951638557,436,53,232
protoclr,BOAFAB,INCT20955,1,0,0,0,lda_shrunk,0.8918321632147487,0.9058699000569972,436,53,232
protoclr,BOAFAB,INCT20955,1,0,0,0,logistic+R20,0.8938330467110474,0.8922350136904952,436,53,232
protoclr,BOAFAB,INCT20955,1,0,0,0,prototype,0.8278530784418388,0.8360387323501318,436,53,232
protoclr,BOAFAB,INCT20955,1,1,1,3,logistic,0.8902965944441147,0.880361503475024,436,53,232
protoclr,BOAFAB,INCT20955,1,1,1,3,logistic+R37=glmm,0.8926377977597775,0.88322504733776,436,53,232
protoclr,BOAFAB,INCT20955,1,1,1,3,lda_shrunk,0.9005543181790113,0.9177472992280638,436,53,232
protoclr,BOAFAB,INCT20955,1,1,1,3,logistic+R20,0.8972224426800027,0.894197230850127,436,53,232
protoclr,BOAFAB,INCT20955,1,1,1,3,prototype,0.8307431098561823,0.8360573213137854,436,53,232
protoclr,BOAFAB,INCT20955,1,2,2,7,logistic,0.8910552371839309,0.8815209220949827,436,53,232
protoclr,BOAFAB,INCT20955,1,2,2,7,logistic+R37=glmm,0.8930554793837711,0.8838463941387189,436,53,232
protoclr,BOAFAB,INCT20955,1,2,2,7,lda_shrunk,0.9003401852538352,0.9249135035146948,436,53,232
protoclr,BOAFAB,INCT20955,1,2,2,7,logistic+R20,0.9018935927952124,0.8989354954953304,436,53,232
protoclr,BOAFAB,INCT20955,1,2,2,7,prototype,0.8368201536752553,0.8422081782107665,436,53,232
protoclr,BOAFAB,INCT20955,1,5,5,17,logistic,0.8903828419269277,0.8799454814919286,436,53,232
protoclr,BOAFAB,INCT20955,1,5,5,17,logistic+R37=glmm,0.8933940806951723,0.8828593709975183,436,53,232
protoclr,BOAFAB,INCT20955,1,5,5,17,lda_shrunk,0.9045086942035504,0.9354652488476372,436,53,232
protoclr,BOAFAB,INCT20955,1,5,5,17,logistic+R20,0.9053897989613529,0.9017307965252008,436,53,232
protoclr,BOAFAB,INCT20955,1,5,5,17,prototype,0.8475321249729807,0.8502179929129997,436,53,232
protoclr,BOAFAB,INCT20955,1,10,10,34,logistic,0.9107830869411024,0.9034794033303586,436,53,232
protoclr,BOAFAB,INCT20955,1,10,10,34,logistic+R37=glmm,0.9130738889046782,0.9054996690924402,436,53,232
protoclr,BOAFAB,INCT20955,1,10,10,34,lda_shrunk,0.9017077373151796,0.9358545610853636,436,53,232
protoclr,BOAFAB,INCT20955,1,10,10,34,logistic+R20,0.9134408776914358,0.9089358284436112,436,53,232
protoclr,BOAFAB,INCT20955,1,10,10,34,prototype,0.8525615201494425,0.8514262627856266,436,53,232
protoclr,BOAFAB,INCT20955,1,20,20,68,logistic,0.9171602640616494,0.9062798190648162,436,53,232
protoclr,BOAFAB,INCT20955,1,20,20,68,logistic+R37=glmm,0.9182300475385384,0.9060129663873042,436,53,232
protoclr,BOAFAB,INCT20955,1,20,20,68,lda_shrunk,0.9061221805892294,0.9396110669909044,436,53,232
protoclr,BOAFAB,INCT20955,1,20,20,68,logistic+R20,0.9187279678802188,0.9095562576003924,436,53,232
protoclr,BOAFAB,INCT20955,1,20,20,68,prototype,0.8669531487584851,0.8602709295723292,436,53,232
protoclr,BOAFAB,INCT20955,1,-1,53,179,logistic,0.9307354452737048,0.931801573271246,436,53,232
protoclr,BOAFAB,INCT20955,1,-1,53,179,logistic+R37=glmm,0.9313732397487134,0.9327305553253098,436,53,232
protoclr,BOAFAB,INCT20955,1,-1,53,179,lda_shrunk,0.9380616352460084,0.956378083599902,436,53,232
protoclr,BOAFAB,INCT20955,1,-1,53,179,logistic+R20,0.9332067185936423,0.9400801660167803,436,53,232
protoclr,BOAFAB,INCT20955,1,-1,53,179,prototype,0.8788617876117569,0.8640862078399132,436,53,232
protoclr,BOAFAB,INCT4,0,0,0,0,logistic,0.8184341122406106,0.83324493999163,336,44,208
protoclr,BOAFAB,INCT4,0,0,0,0,logistic+R37=glmm,0.808280928256131,0.826140158974625,336,44,208
protoclr,BOAFAB,INCT4,0,0,0,0,lda_shrunk,0.833237399466954,0.8657565905126272,336,44,208
protoclr,BOAFAB,INCT4,0,0,0,0,logistic+R20,0.8134380578414413,0.8387034132109631,336,44,208
protoclr,BOAFAB,INCT4,0,0,0,0,prototype,0.7252996428025403,0.6912916937793899,336,44,208
protoclr,BOAFAB,INCT4,0,1,1,4,logistic,0.8232119646404523,0.8339375392308935,336,44,208
protoclr,BOAFAB,INCT4,0,1,1,4,logistic+R37=glmm,0.8212210861829561,0.8332899582542098,336,44,208
protoclr,BOAFAB,INCT4,0,1,1,4,lda_shrunk,0.8957148596938359,0.9131105494037012,336,44,208
protoclr,BOAFAB,INCT4,0,1,1,4,logistic+R20,0.8322160206148758,0.8528419162328651,336,44,208
protoclr,BOAFAB,INCT4,0,1,1,4,prototype,0.7175805994087842,0.6751325099792269,336,44,208
protoclr,BOAFAB,INCT4,0,2,2,8,logistic,0.823368101811671,0.8345433502030928,336,44,208
protoclr,BOAFAB,INCT4,0,2,2,8,logistic+R37=glmm,0.8195069883766974,0.8323848675849701,336,44,208
protoclr,BOAFAB,INCT4,0,2,2,8,lda_shrunk,0.8947162441708697,0.9156696922210972,336,44,208
protoclr,BOAFAB,INCT4,0,2,2,8,logistic+R20,0.8282575045654694,0.8496654004343996,336,44,208
protoclr,BOAFAB,INCT4,0,2,2,8,prototype,0.7149547517625259,0.6734686508349045,336,44,208
protoclr,BOAFAB,INCT4,0,5,5,19,logistic,0.8167101979887381,0.8252805088721645,336,44,208
protoclr,BOAFAB,INCT4,0,5,5,19,logistic+R37=glmm,0.817442270020157,0.8288882405776157,336,44,208
protoclr,BOAFAB,INCT4,0,5,5,19,lda_shrunk,0.9029325966649752,0.9109069015589192,336,44,208
protoclr,BOAFAB,INCT4,0,5,5,19,logistic+R20,0.8301887565639097,0.8470046717046404,336,44,208
protoclr,BOAFAB,INCT4,0,5,5,19,prototype,0.7022066638526552,0.6600262087331331,336,44,208
protoclr,BOAFAB,INCT4,0,10,10,38,logistic,0.8748143851732135,0.9018078275374732,336,44,208
protoclr,BOAFAB,INCT4,0,10,10,38,logistic+R37=glmm,0.8714793940980177,0.8962350308215633,336,44,208
protoclr,BOAFAB,INCT4,0,10,10,38,lda_shrunk,0.8763930119032676,0.8919764925118818,336,44,208
protoclr,BOAFAB,INCT4,0,10,10,38,logistic+R20,0.8711863716390972,0.8992609813938409,336,44,208
protoclr,BOAFAB,INCT4,0,10,10,38,prototype,0.6874698916206645,0.6477161318808239,336,44,208
protoclr,BOAFAB,INCT4,0,20,20,76,logistic,0.8972303754010967,0.9191514106286508,336,44,208
protoclr,BOAFAB,INCT4,0,20,20,76,logistic+R37=glmm,0.8945051818843207,0.9170657929682678,336,44,208
protoclr,BOAFAB,INCT4,0,20,20,76,lda_shrunk,0.9155079262212988,0.911680336849828,336,44,208
protoclr,BOAFAB,INCT4,0,20,20,76,logistic+R20,0.8931412318331227,0.9162149735593028,336,44,208
protoclr,BOAFAB,INCT4,0,20,20,76,prototype,0.6782142268487515,0.6429673034013856,336,44,208
protoclr,BOAFAB,INCT4,0,-1,43,164,logistic,0.9221223824791774,0.934958117173168,336,44,208
protoclr,BOAFAB,INCT4,0,-1,43,164,logistic+R37=glmm,0.9235977199247932,0.9357859382085256,336,44,208
protoclr,BOAFAB,INCT4,0,-1,43,164,lda_shrunk,0.9312128631997552,0.939096361787268,336,44,208
protoclr,BOAFAB,INCT4,0,-1,43,164,logistic+R20,0.9249872193292962,0.9346671809023132,336,44,208
protoclr,BOAFAB,INCT4,0,-1,43,164,prototype,0.6369728004118779,0.6070787980544835,336,44,208
protoclr,BOAFAB,INCT4,1,0,0,0,logistic,0.8251910340872043,0.8405326851414439,341,44,208
protoclr,BOAFAB,INCT4,1,0,0,0,logistic+R37=glmm,0.822182399655178,0.8395641198025755,341,44,208
protoclr,BOAFAB,INCT4,1,0,0,0,lda_shrunk,0.8586627324327182,0.8820835442069846,341,44,208
protoclr,BOAFAB,INCT4,1,0,0,0,logistic+R20,0.8213054499938689,0.8464177696170766,341,44,208
protoclr,BOAFAB,INCT4,1,0,0,0,prototype,0.7730437116203006,0.7445382291637207,341,44,208
protoclr,BOAFAB,INCT4,1,1,1,4,logistic,0.8472714359484337,0.8728719609397221,341,44,208
protoclr,BOAFAB,INCT4,1,1,1,4,logistic+R37=glmm,0.8490969441063071,0.8703834298194246,341,44,208
protoclr,BOAFAB,INCT4,1,1,1,4,lda_shrunk,0.8668826342531132,0.8817440068571294,341,44,208
protoclr,BOAFAB,INCT4,1,1,1,4,logistic+R20,0.8511737221513279,0.8778655758992162,341,44,208
protoclr,BOAFAB,INCT4,1,1,1,4,prototype,0.7737627801067223,0.7435451799373611,341,44,208
protoclr,BOAFAB,INCT4,1,2,2,8,logistic,0.8443593694335008,0.8689778185570706,341,44,208
protoclr,BOAFAB,INCT4,1,2,2,8,logistic+R37=glmm,0.8460878996905885,0.8680168776908747,341,44,208
protoclr,BOAFAB,INCT4,1,2,2,8,lda_shrunk,0.8789227352188738,0.8923164273473384,341,44,208
protoclr,BOAFAB,INCT4,1,2,2,8,logistic+R20,0.8506711415815078,0.8774693215488488,341,44,208
protoclr,BOAFAB,INCT4,1,2,2,8,prototype,0.7704997199494247,0.7434660715259723,341,44,208
protoclr,BOAFAB,INCT4,1,5,5,19,logistic,0.8736460668338797,0.8967644138180502,341,44,208
protoclr,BOAFAB,INCT4,1,5,5,19,logistic+R37=glmm,0.878210618340467,0.8967088889719798,341,44,208
protoclr,BOAFAB,INCT4,1,5,5,19,lda_shrunk,0.914316009314692,0.9222565747736732,341,44,208
protoclr,BOAFAB,INCT4,1,5,5,19,logistic+R20,0.87883993937751,0.9022769739159024,341,44,208
protoclr,BOAFAB,INCT4,1,5,5,19,prototype,0.7634537582229607,0.7402204175766484,341,44,208
protoclr,BOAFAB,INCT4,1,10,10,38,logistic,0.893411863562859,0.9196037047247207,341,44,208
protoclr,BOAFAB,INCT4,1,10,10,38,logistic+R37=glmm,0.894438289463399,0.9184999121688264,341,44,208
protoclr,BOAFAB,INCT4,1,10,10,38,lda_shrunk,0.9353098191872214,0.9368364296469672,341,44,208
protoclr,BOAFAB,INCT4,1,10,10,38,logistic+R20,0.888935163816005,0.914161250777416,341,44,208
protoclr,BOAFAB,INCT4,1,10,10,38,prototype,0.7640096532697906,0.7398776864193851,341,44,208
protoclr,BOAFAB,INCT4,1,20,20,76,logistic,0.9010247055618584,0.92541015532649,341,44,208
protoclr,BOAFAB,INCT4,1,20,20,76,logistic+R37=glmm,0.9032901485268546,0.9257831102044352,341,44,208
protoclr,BOAFAB,INCT4,1,20,20,76,lda_shrunk,0.9392242513454212,0.938451326152278,341,44,208
protoclr,BOAFAB,INCT4,1,20,20,76,logistic+R20,0.9049995527137829,0.9261089082227104,341,44,208
protoclr,BOAFAB,INCT4,1,20,20,76,prototype,0.7500389042102346,0.7308826149930795,341,44,208
protoclr,BOAFAB,INCT4,1,-1,43,164,logistic,0.939174160353652,0.9457597745831272,341,44,208
protoclr,BOAFAB,INCT4,1,-1,43,164,logistic+R37=glmm,0.9407085136666924,0.9473002748826644,341,44,208
protoclr,BOAFAB,INCT4,1,-1,43,164,lda_shrunk,0.9607703156799464,0.955734843203809,341,44,208
protoclr,BOAFAB,INCT4,1,-1,43,164,logistic+R20,0.9419679153983256,0.9474935460123056,341,44,208
protoclr,BOAFAB,INCT4,1,-1,43,164,prototype,0.6999957692171838,0.6747456673575667,341,44,208
protoclr,DENMIN,INCT17,0,0,0,0,logistic,0.7706014044076485,0.874535849787135,763,114,173
protoclr,DENMIN,INCT17,0,0,0,0,logistic+R37=glmm,0.7711881403316581,0.8747589794351408,763,114,173
protoclr,DENMIN,INCT17,0,0,0,0,lda_shrunk,0.5117049565308557,0.6497352727433237,763,114,173
protoclr,DENMIN,INCT17,0,0,0,0,logistic+R20,0.7870019020395917,0.8832194240951488,763,114,173
protoclr,DENMIN,INCT17,0,0,0,0,prototype,0.6194096354672368,0.8323125526680067,763,114,173
protoclr,DENMIN,INCT17,0,1,1,1,logistic,0.7794646020497726,0.8787041804570994,763,114,173
protoclr,DENMIN,INCT17,0,1,1,1,logistic+R37=glmm,0.7791723628732644,0.8786933582012454,763,114,173
protoclr,DENMIN,INCT17,0,1,1,1,lda_shrunk,0.5322818574990488,0.6596930127742199,763,114,173
protoclr,DENMIN,INCT17,0,1,1,1,logistic+R20,0.8026301896764763,0.8902410809419452,763,114,173
protoclr,DENMIN,INCT17,0,1,1,1,prototype,0.6467206461048729,0.8443088437737173,763,114,173
protoclr,DENMIN,INCT17,0,2,2,1,logistic,0.7797157404379129,0.8833095710478767,763,114,173
protoclr,DENMIN,INCT17,0,2,2,1,logistic+R37=glmm,0.7804323615782647,0.8855555077992227,763,114,173
protoclr,DENMIN,INCT17,0,2,2,1,lda_shrunk,0.5478160664902663,0.6690098089380198,763,114,173
protoclr,DENMIN,INCT17,0,2,2,1,logistic+R20,0.8106144139020344,0.9062422045498256,763,114,173
protoclr,DENMIN,INCT17,0,2,2,1,prototype,0.6433560787824357,0.840885519390655,763,114,173
protoclr,DENMIN,INCT17,0,5,5,3,logistic,0.797628123852672,0.8924357028865351,763,114,173
protoclr,DENMIN,INCT17,0,5,5,3,logistic+R37=glmm,0.8076420724682025,0.8972275038040767,763,114,173
protoclr,DENMIN,INCT17,0,5,5,3,lda_shrunk,0.5503220548482919,0.6684620936760286,763,114,173
protoclr,DENMIN,INCT17,0,5,5,3,logistic+R20,0.7877939500756533,0.8957542408513482,763,114,173
protoclr,DENMIN,INCT17,0,5,5,3,prototype,0.6497192426774089,0.8380081513349528,763,114,173
protoclr,DENMIN,INCT17,0,10,10,5,logistic,0.8056621559313435,0.901579354450596,763,114,173
protoclr,DENMIN,INCT17,0,10,10,5,logistic+R37=glmm,0.8133166874216503,0.9046495727876792,763,114,173
protoclr,DENMIN,INCT17,0,10,10,5,lda_shrunk,0.6262907160177151,0.7159521354169031,763,114,173
protoclr,DENMIN,INCT17,0,10,10,5,logistic+R20,0.7681016454098226,0.886280978078584,763,114,173
protoclr,DENMIN,INCT17,0,10,10,5,prototype,0.6780172054131834,0.8509478281763176,763,114,173
protoclr,DENMIN,INCT17,0,20,20,10,logistic,0.8163331066241362,0.9151912368709866,763,114,173
protoclr,DENMIN,INCT17,0,20,20,10,logistic+R37=glmm,0.8252360341357983,0.9174515462031866,763,114,173
protoclr,DENMIN,INCT17,0,20,20,10,lda_shrunk,0.6779414416645857,0.777316292943826,763,114,173
protoclr,DENMIN,INCT17,0,20,20,10,logistic+R20,0.7987425257534504,0.9136700365977628,763,114,173
protoclr,DENMIN,INCT17,0,20,20,10,prototype,0.7130783544433198,0.8623351664549255,763,114,173
protoclr,DENMIN,INCT17,0,-1,114,59,logistic,0.8864270332972168,0.93146521217862,763,114,173
protoclr,DENMIN,INCT17,0,-1,114,59,logistic+R37=glmm,0.8876347815884014,0.9319344082175816,763,114,173
protoclr,DENMIN,INCT17,0,-1,114,59,lda_shrunk,0.8564577699235032,0.9310867762819316,763,114,173
protoclr,DENMIN,INCT17,0,-1,114,59,logistic+R20,0.851537153312964,0.944478679984428,763,114,173
protoclr,DENMIN,INCT17,0,-1,114,59,prototype,0.732268242064181,0.8638076655826256,763,114,173
protoclr,DENMIN,INCT17,1,0,0,0,logistic,0.8055009069028463,0.8917093074537805,792,114,173
protoclr,DENMIN,INCT17,1,0,0,0,logistic+R37=glmm,0.8057183480244209,0.8914473546441923,792,114,173
protoclr,DENMIN,INCT17,1,0,0,0,lda_shrunk,0.5462253878440941,0.6550844427818842,792,114,173
protoclr,DENMIN,INCT17,1,0,0,0,logistic+R20,0.8092550979080229,0.888653516502812,792,114,173
protoclr,DENMIN,INCT17,1,0,0,0,prototype,0.6662418307927211,0.8171987690934284,792,114,173
protoclr,DENMIN,INCT17,1,1,1,1,logistic,0.8210896384266002,0.9062269063217558,792,114,173
protoclr,DENMIN,INCT17,1,1,1,1,logistic+R37=glmm,0.8206683606009411,0.9056695021533808,792,114,173
protoclr,DENMIN,INCT17,1,1,1,1,lda_shrunk,0.7841722353695817,0.8422040416206266,792,114,173
protoclr,DENMIN,INCT17,1,1,1,1,logistic+R20,0.8074001169084228,0.9029353274460642,792,114,173
protoclr,DENMIN,INCT17,1,1,1,1,prototype,0.6895883008917316,0.8278568956088606,792,114,173
protoclr,DENMIN,INCT17,1,2,2,1,logistic,0.8106282659892218,0.900795535621806,792,114,173
protoclr,DENMIN,INCT17,1,2,2,1,logistic+R37=glmm,0.801476785923944,0.8904047577787979,792,114,173
protoclr,DENMIN,INCT17,1,2,2,1,lda_shrunk,0.772431246283672,0.8342946565388569,792,114,173
protoclr,DENMIN,INCT17,1,2,2,1,logistic+R20,0.7588257086353611,0.8782508145366249,792,114,173
protoclr,DENMIN,INCT17,1,2,2,1,prototype,0.6893213025963786,0.8284099792406068,792,114,173
protoclr,DENMIN,INCT17,1,5,5,3,logistic,0.8105890569789402,0.9153767340206882,792,114,173
protoclr,DENMIN,INCT17,1,5,5,3,logistic+R37=glmm,0.8192878450892489,0.9138823336188286,792,114,173
protoclr,DENMIN,INCT17,1,5,5,3,lda_shrunk,0.8137564401528717,0.893887474241197,792,114,173
protoclr,DENMIN,INCT17,1,5,5,3,logistic+R20,0.7319596816830034,0.8676904635179756,792,114,173
protoclr,DENMIN,INCT17,1,5,5,3,prototype,0.6891958857639173,0.8308777385518973,792,114,173
protoclr,DENMIN,INCT17,1,10,10,5,logistic,0.8269965165776565,0.9008242228393508,792,114,173
protoclr,DENMIN,INCT17,1,10,10,5,logistic+R37=glmm,0.8341199271864592,0.9003530270908727,792,114,173
protoclr,DENMIN,INCT17,1,10,10,5,lda_shrunk,0.8260133631714691,0.8904028671499851,792,114,173
protoclr,DENMIN,INCT17,1,10,10,5,logistic+R20,0.8308687843004272,0.918696002533964,792,114,173
protoclr,DENMIN,INCT17,1,10,10,5,prototype,0.6789068297560127,0.8085007965688676,792,114,173
protoclr,DENMIN,INCT17,1,20,20,10,logistic,0.855590318182097,0.9205435501493175,792,114,173
protoclr,DENMIN,INCT17,1,20,20,10,logistic+R37=glmm,0.8599771672808139,0.9206507105678724,792,114,173
protoclr,DENMIN,INCT17,1,20,20,10,lda_shrunk,0.8304738495539269,0.8955868291862503,792,114,173
protoclr,DENMIN,INCT17,1,20,20,10,logistic+R20,0.8447358687791219,0.9361584537201992,792,114,173
protoclr,DENMIN,INCT17,1,20,20,10,prototype,0.7212865074865291,0.8378849323734634,792,114,173
protoclr,DENMIN,INCT17,1,-1,114,59,logistic,0.9121896416546648,0.943622847415298,792,114,173
protoclr,DENMIN,INCT17,1,-1,114,59,logistic+R37=glmm,0.9162090663722132,0.9465227732675212,792,114,173
protoclr,DENMIN,INCT17,1,-1,114,59,lda_shrunk,0.8987475932861285,0.9384088667331728,792,114,173
protoclr,DENMIN,INCT17,1,-1,114,59,logistic+R20,0.8769256471075801,0.947766222569744,792,114,173
protoclr,DENMIN,INCT17,1,-1,114,59,prototype,0.7363794353934526,0.8299035047309615,792,114,173
protoclr,DENMIN,INCT20955,0,0,0,0,logistic,0.0860572439465239,0.1350667556823453,109,18,234
protoclr,DENMIN,INCT20955,0,0,0,0,logistic+R37=glmm,0.0938346360206203,0.1465427056962737,109,18,234
protoclr,DENMIN,INCT20955,0,0,0,0,lda_shrunk,0.1611848929732237,0.246394650297591,109,18,234
protoclr,DENMIN,INCT20955,0,0,0,0,logistic+R20,0.0808099903212212,0.1361261134172351,109,18,234
protoclr,DENMIN,INCT20955,0,0,0,0,prototype,0.0799649122249736,0.1395486135212604,109,18,234
protoclr,DENMIN,INCT20955,0,1,1,12,logistic,0.0616974965434332,0.1111292673350363,109,18,234
protoclr,DENMIN,INCT20955,0,1,1,12,logistic+R37=glmm,0.076652489400215,0.1271091319872715,109,18,234
protoclr,DENMIN,INCT20955,0,1,1,12,lda_shrunk,0.0976306829568622,0.1895784845716235,109,18,234
protoclr,DENMIN,INCT20955,0,1,1,12,logistic+R20,0.0517719248679434,0.1019766058096138,109,18,234
protoclr,DENMIN,INCT20955,0,1,1,12,prototype,0.0754206995164824,0.132873994444499,109,18,234
protoclr,DENMIN,INCT20955,0,2,2,24,logistic,0.0613617781837493,0.1108452930934018,109,18,234
protoclr,DENMIN,INCT20955,0,2,2,24,logistic+R37=glmm,0.0834515552245595,0.1372531180831697,109,18,234
protoclr,DENMIN,INCT20955,0,2,2,24,lda_shrunk,0.1148492834937885,0.2087046059682843,109,18,234
protoclr,DENMIN,INCT20955,0,2,2,24,logistic+R20,0.0566240603922949,0.107795208861854,109,18,234
protoclr,DENMIN,INCT20955,0,2,2,24,prototype,0.0740422079345933,0.1288125043734017,109,18,234
protoclr,DENMIN,INCT20955,0,5,5,60,logistic,0.086213877386347,0.1448988353328138,109,18,234
protoclr,DENMIN,INCT20955,0,5,5,60,logistic+R37=glmm,0.1314405025918013,0.1869563160536631,109,18,234
protoclr,DENMIN,INCT20955,0,5,5,60,lda_shrunk,0.2385522016878942,0.3389603157626362,109,18,234
protoclr,DENMIN,INCT20955,0,5,5,60,logistic+R20,0.0834516602584197,0.151205215020821,109,18,234
protoclr,DENMIN,INCT20955,0,5,5,60,prototype,0.0740868861782847,0.1267373640734781,109,18,234
protoclr,DENMIN,INCT20955,0,10,10,119,logistic,0.186995881485897,0.257850641147465,109,18,234
protoclr,DENMIN,INCT20955,0,10,10,119,logistic+R37=glmm,0.3018471025623463,0.379789369403911,109,18,234
protoclr,DENMIN,INCT20955,0,10,10,119,lda_shrunk,0.3632329465962979,0.4823219345236472,109,18,234
protoclr,DENMIN,INCT20955,0,10,10,119,logistic+R20,0.2366011504553855,0.3417388150629495,109,18,234
protoclr,DENMIN,INCT20955,0,10,10,119,prototype,0.0783900827123568,0.1318342398745859,109,18,234
protoclr,DENMIN,INCT20955,0,20,20,239,logistic,0.2231562349250103,0.2801100144341457,109,18,234
protoclr,DENMIN,INCT20955,0,20,20,239,logistic+R37=glmm,0.3401280008386775,0.3887243821922287,109,18,234
protoclr,DENMIN,INCT20955,0,20,20,239,lda_shrunk,0.4092934553136157,0.4462747917471475,109,18,234
protoclr,DENMIN,INCT20955,0,20,20,239,logistic+R20,0.3644500278243767,0.4170466899323969,109,18,234
protoclr,DENMIN,INCT20955,0,20,20,239,prototype,0.0768211451722995,0.1262158129041811,109,18,234
protoclr,DENMIN,INCT20955,0,-1,18,215,logistic,0.2231562349250103,0.2801100144341457,109,18,234
protoclr,DENMIN,INCT20955,0,-1,18,215,logistic+R37=glmm,0.3401280008386775,0.3887243821922287,109,18,234
protoclr,DENMIN,INCT20955,0,-1,18,215,lda_shrunk,0.4092934553136157,0.4462747917471475,109,18,234
protoclr,DENMIN,INCT20955,0,-1,18,215,logistic+R20,0.3644500278243767,0.4170466899323969,109,18,234
protoclr,DENMIN,INCT20955,0,-1,18,215,prototype,0.0768211451722995,0.1262158129041811,109,18,234
protoclr,DENMIN,INCT20955,1,0,0,0,logistic,0.0988503328733668,0.1508634104669204,106,18,234
protoclr,DENMIN,INCT20955,1,0,0,0,logistic+R37=glmm,0.1127711089705889,0.1793825546119166,106,18,234
protoclr,DENMIN,INCT20955,1,0,0,0,lda_shrunk,0.1362658674598879,0.2221331044658777,106,18,234
protoclr,DENMIN,INCT20955,1,0,0,0,logistic+R20,0.0925383410636829,0.1537635976558722,106,18,234
protoclr,DENMIN,INCT20955,1,0,0,0,prototype,0.1485461574376792,0.2025268525368143,106,18,234
protoclr,DENMIN,INCT20955,1,1,1,12,logistic,0.0977678634246148,0.1575285635682805,106,18,234
protoclr,DENMIN,INCT20955,1,1,1,12,logistic+R37=glmm,0.1067133934510019,0.1585232841190955,106,18,234
protoclr,DENMIN,INCT20955,1,1,1,12,lda_shrunk,0.1638270581386561,0.2523203583929481,106,18,234
protoclr,DENMIN,INCT20955,1,1,1,12,logistic+R20,0.1214099928482145,0.1836422944090785,106,18,234
protoclr,DENMIN,INCT20955,1,1,1,12,prototype,0.1486550220684509,0.2043768499435886,106,18,234
protoclr,DENMIN,INCT20955,1,2,2,24,logistic,0.0689749546623268,0.1265886181469475,106,18,234
protoclr,DENMIN,INCT20955,1,2,2,24,logistic+R37=glmm,0.0841824615147684,0.1357531891175614,106,18,234
protoclr,DENMIN,INCT20955,1,2,2,24,lda_shrunk,0.0864624733879884,0.1707602376044099,106,18,234
protoclr,DENMIN,INCT20955,1,2,2,24,logistic+R20,0.0711807518395497,0.1281933009070825,106,18,234
protoclr,DENMIN,INCT20955,1,2,2,24,prototype,0.1410736955439062,0.2007142517438574,106,18,234
protoclr,DENMIN,INCT20955,1,5,5,60,logistic,0.1428369244045737,0.2155419303673919,106,18,234
protoclr,DENMIN,INCT20955,1,5,5,60,logistic+R37=glmm,0.2376250040678008,0.3032304338648281,106,18,234
protoclr,DENMIN,INCT20955,1,5,5,60,lda_shrunk,0.2462005065090718,0.4456910880208644,106,18,234
protoclr,DENMIN,INCT20955,1,5,5,60,logistic+R20,0.1496467962981601,0.2898689429268229,106,18,234
protoclr,DENMIN,INCT20955,1,5,5,60,prototype,0.1434805787744039,0.2040527054834721,106,18,234
protoclr,DENMIN,INCT20955,1,10,10,119,logistic,0.2266696364582101,0.3143389621816175,106,18,234
protoclr,DENMIN,INCT20955,1,10,10,119,logistic+R37=glmm,0.3102808195866135,0.3684609321373704,106,18,234
protoclr,DENMIN,INCT20955,1,10,10,119,lda_shrunk,0.2642405250797037,0.4367228163638307,106,18,234
protoclr,DENMIN,INCT20955,1,10,10,119,logistic+R20,0.2429583885158237,0.4346672107325149,106,18,234
protoclr,DENMIN,INCT20955,1,10,10,119,prototype,0.1534083482336873,0.2050110671278752,106,18,234
protoclr,DENMIN,INCT20955,1,20,20,239,logistic,0.2878355051447552,0.3669340901269195,106,18,234
protoclr,DENMIN,INCT20955,1,20,20,239,logistic+R37=glmm,0.3736492732904203,0.4721817244742536,106,18,234
protoclr,DENMIN,INCT20955,1,20,20,239,lda_shrunk,0.2573067710146179,0.4166774328886779,106,18,234
protoclr,DENMIN,INCT20955,1,20,20,239,logistic+R20,0.2350511240694697,0.4055853564392393,106,18,234
protoclr,DENMIN,INCT20955,1,20,20,239,prototype,0.1441287920083168,0.1963413055066858,106,18,234
protoclr,DENMIN,INCT20955,1,-1,18,215,logistic,0.2878355051447552,0.3669340901269195,106,18,234
protoclr,DENMIN,INCT20955,1,-1,18,215,logistic+R37=glmm,0.3736492732904203,0.4721817244742536,106,18,234
protoclr,DENMIN,INCT20955,1,-1,18,215,lda_shrunk,0.2573067710146179,0.4166774328886779,106,18,234
protoclr,DENMIN,INCT20955,1,-1,18,215,logistic+R20,0.2350511240694697,0.4055853564392393,106,18,234
protoclr,DENMIN,INCT20955,1,-1,18,215,prototype,0.1441287920083168,0.1963413055066858,106,18,234
protoclr,LEPLAT,INCT20955,0,0,0,0,logistic,0.2884873961176956,0.3775050523038397,610,88,228
protoclr,LEPLAT,INCT20955,0,0,0,0,logistic+R37=glmm,0.3296399374311333,0.42863294027951,610,88,228
protoclr,LEPLAT,INCT20955,0,0,0,0,lda_shrunk,0.3148889780346832,0.4407787954779103,610,88,228
protoclr,LEPLAT,INCT20955,0,0,0,0,logistic+R20,0.3740393680306866,0.4766356265091928,610,88,228
protoclr,LEPLAT,INCT20955,0,0,0,0,prototype,0.3687483876127931,0.4624255405951009,610,88,228
protoclr,LEPLAT,INCT20955,0,1,1,2,logistic,0.5340366502648051,0.6390552383655561,610,88,228
protoclr,LEPLAT,INCT20955,0,1,1,2,logistic+R37=glmm,0.4571628734176659,0.5637961150932189,610,88,228
protoclr,LEPLAT,INCT20955,0,1,1,2,lda_shrunk,0.63434898828505,0.7303659700040632,610,88,228
protoclr,LEPLAT,INCT20955,0,1,1,2,logistic+R20,0.4420098232208761,0.5711284429689878,610,88,228
protoclr,LEPLAT,INCT20955,0,1,1,2,prototype,0.3836416771465496,0.4779596998676624,610,88,228
protoclr,LEPLAT,INCT20955,0,2,2,3,logistic,0.621300808335649,0.703439103051319,610,88,228
protoclr,LEPLAT,INCT20955,0,2,2,3,logistic+R37=glmm,0.536729831477188,0.6292797875700296,610,88,228
protoclr,LEPLAT,INCT20955,0,2,2,3,lda_shrunk,0.6099492963082102,0.6963980778173858,610,88,228
protoclr,LEPLAT,INCT20955,0,2,2,3,logistic+R20,0.540603713744984,0.6197811956662617,610,88,228
protoclr,LEPLAT,INCT20955,0,2,2,3,prototype,0.4147357568568057,0.5071179947267958,610,88,228
protoclr,LEPLAT,INCT20955,0,5,5,8,logistic,0.6130943430687595,0.685748421546749,610,88,228
protoclr,LEPLAT,INCT20955,0,5,5,8,logistic+R37=glmm,0.6073845776378423,0.6783391670035595,610,88,228
protoclr,LEPLAT,INCT20955,0,5,5,8,lda_shrunk,0.6069020659420088,0.6673116419777989,610,88,228
protoclr,LEPLAT,INCT20955,0,5,5,8,logistic+R20,0.508952382688825,0.5943198226633788,610,88,228
protoclr,LEPLAT,INCT20955,0,5,5,8,prototype,0.42120708538295,0.523311031903597,610,88,228
protoclr,LEPLAT,INCT20955,0,10,10,16,logistic,0.6096658259503859,0.6798044001043129,610,88,228
protoclr,LEPLAT,INCT20955,0,10,10,16,logistic+R37=glmm,0.6049628172710284,0.663653134496881,610,88,228
protoclr,LEPLAT,INCT20955,0,10,10,16,lda_shrunk,0.6450179292812644,0.7010061893181414,610,88,228
protoclr,LEPLAT,INCT20955,0,10,10,16,logistic+R20,0.5402454879658809,0.6114129512019871,610,88,228
protoclr,LEPLAT,INCT20955,0,10,10,16,prototype,0.4312924546905605,0.5231843772559881,610,88,228
protoclr,LEPLAT,INCT20955,0,20,20,32,logistic,0.6480787560490515,0.7138529890062554,610,88,228
protoclr,LEPLAT,INCT20955,0,20,20,32,logistic+R37=glmm,0.6394829874107003,0.7037442707297132,610,88,228
protoclr,LEPLAT,INCT20955,0,20,20,32,lda_shrunk,0.6833666180490039,0.7529734982116352,610,88,228
protoclr,LEPLAT,INCT20955,0,20,20,32,logistic+R20,0.6169371332223201,0.696787861293729,610,88,228
protoclr,LEPLAT,INCT20955,0,20,20,32,prototype,0.4818616883713239,0.5799690771068025,610,88,228
protoclr,LEPLAT,INCT20955,0,-1,88,140,logistic,0.7558839152855689,0.803187758992719,610,88,228
protoclr,LEPLAT,INCT20955,0,-1,88,140,logistic+R37=glmm,0.7517790441145618,0.7978824886473748,610,88,228
protoclr,LEPLAT,INCT20955,0,-1,88,140,lda_shrunk,0.8184446614933408,0.8624312628778005,610,88,228
protoclr,LEPLAT,INCT20955,0,-1,88,140,logistic+R20,0.760837765148614,0.8159791100809316,610,88,228
protoclr,LEPLAT,INCT20955,0,-1,88,140,prototype,0.5093037518289407,0.6083633746159379,610,88,228
protoclr,LEPLAT,INCT20955,1,0,0,0,logistic,0.3116145559244752,0.3951062078595068,657,88,228
protoclr,LEPLAT,INCT20955,1,0,0,0,logistic+R37=glmm,0.3451271112096347,0.4354568885845302,657,88,228
protoclr,LEPLAT,INCT20955,1,0,0,0,lda_shrunk,0.3361857932545744,0.4304348000929656,657,88,228
protoclr,LEPLAT,INCT20955,1,0,0,0,logistic+R20,0.3839413554688144,0.4749692113060402,657,88,228
protoclr,LEPLAT,INCT20955,1,0,0,0,prototype,0.4287630170570762,0.5216308560488108,657,88,228
protoclr,LEPLAT,INCT20955,1,1,1,2,logistic,0.446196134131822,0.5620882501325171,657,88,228
protoclr,LEPLAT,INCT20955,1,1,1,2,logistic+R37=glmm,0.4001637586320717,0.4959491339886796,657,88,228
protoclr,LEPLAT,INCT20955,1,1,1,2,lda_shrunk,0.5010216547502238,0.6210372086359373,657,88,228
protoclr,LEPLAT,INCT20955,1,1,1,2,logistic+R20,0.4636673482790813,0.5810261205229315,657,88,228
protoclr,LEPLAT,INCT20955,1,1,1,2,prototype,0.4774024607140369,0.5752519291778235,657,88,228
protoclr,LEPLAT,INCT20955,1,2,2,3,logistic,0.4992268371366263,0.6196148233561193,657,88,228
protoclr,LEPLAT,INCT20955,1,2,2,3,logistic+R37=glmm,0.4522326845534562,0.5585162300303501,657,88,228
protoclr,LEPLAT,INCT20955,1,2,2,3,lda_shrunk,0.5603787617469135,0.6805534867892061,657,88,228
protoclr,LEPLAT,INCT20955,1,2,2,3,logistic+R20,0.4821467653265374,0.6134852579662464,657,88,228
protoclr,LEPLAT,INCT20955,1,2,2,3,prototype,0.5222316170754795,0.6222679009194262,657,88,228
protoclr,LEPLAT,INCT20955,1,5,5,8,logistic,0.7149948801739296,0.7956241807092236,657,88,228
protoclr,LEPLAT,INCT20955,1,5,5,8,logistic+R37=glmm,0.6671583013994559,0.750128808971986,657,88,228
protoclr,LEPLAT,INCT20955,1,5,5,8,lda_shrunk,0.5318734954190312,0.633299097833994,657,88,228
protoclr,LEPLAT,INCT20955,1,5,5,8,logistic+R20,0.6418416227360917,0.7321080752111989,657,88,228
protoclr,LEPLAT,INCT20955,1,5,5,8,prototype,0.5392302935267846,0.6176370999078014,657,88,228
protoclr,LEPLAT,INCT20955,1,10,10,16,logistic,0.7486334493891307,0.8190891877522843,657,88,228
protoclr,LEPLAT,INCT20955,1,10,10,16,logistic+R37=glmm,0.7359286314454148,0.8081776859603776,657,88,228
protoclr,LEPLAT,INCT20955,1,10,10,16,lda_shrunk,0.7431942514740923,0.80320897928602,657,88,228
protoclr,LEPLAT,INCT20955,1,10,10,16,logistic+R20,0.7340534195720964,0.8081841618904996,657,88,228
protoclr,LEPLAT,INCT20955,1,10,10,16,prototype,0.5738265217818203,0.6596687540689284,657,88,228
protoclr,LEPLAT,INCT20955,1,20,20,32,logistic,0.770860890884414,0.8237989646753716,657,88,228
protoclr,LEPLAT,INCT20955,1,20,20,32,logistic+R37=glmm,0.7612774526977535,0.8103854367225295,657,88,228
protoclr,LEPLAT,INCT20955,1,20,20,32,lda_shrunk,0.7767583170076774,0.8109860088566256,657,88,228
protoclr,LEPLAT,INCT20955,1,20,20,32,logistic+R20,0.775822528885619,0.8262209815077175,657,88,228
protoclr,LEPLAT,INCT20955,1,20,20,32,prototype,0.5980262415158487,0.6758722293827213,657,88,228
protoclr,LEPLAT,INCT20955,1,-1,88,140,logistic,0.8064174459215547,0.8567182798179201,657,88,228
protoclr,LEPLAT,INCT20955,1,-1,88,140,logistic+R37=glmm,0.8047882444911968,0.8551577500156265,657,88,228
protoclr,LEPLAT,INCT20955,1,-1,88,140,lda_shrunk,0.860471537312202,0.9069471860415118,657,88,228
protoclr,LEPLAT,INCT20955,1,-1,88,140,logistic+R20,0.8019276320597524,0.8586790144296649,657,88,228
protoclr,LEPLAT,INCT20955,1,-1,88,140,prototype,0.6023662498163829,0.6782102942775828,657,88,228
protoclr,PHYCUV,INCT17,0,0,0,0,logistic,0.0779094575176676,0.2375406079962747,44,16,176
protoclr,PHYCUV,INCT17,0,0,0,0,logistic+R37=glmm,0.0777194360687083,0.2407784398617548,44,16,176
protoclr,PHYCUV,INCT17,0,0,0,0,lda_shrunk,0.157556061823769,0.4242795826014204,44,16,176
protoclr,PHYCUV,INCT17,0,0,0,0,logistic+R20,0.0681369247871429,0.2127864001196175,44,16,176
protoclr,PHYCUV,INCT17,0,0,0,0,prototype,0.0278145774541467,0.0997938252746997,44,16,176
protoclr,PHYCUV,INCT17,0,1,1,11,logistic,0.0790815566303646,0.2439029429578343,44,16,176
protoclr,PHYCUV,INCT17,0,1,1,11,logistic+R37=glmm,0.078933789017816,0.2411271101191716,44,16,176
protoclr,PHYCUV,INCT17,0,1,1,11,lda_shrunk,0.1924195530069341,0.380367833774967,44,16,176
protoclr,PHYCUV,INCT17,0,1,1,11,logistic+R20,0.0699132865109597,0.2112140073620085,44,16,176
protoclr,PHYCUV,INCT17,0,1,1,11,prototype,0.0278121866083969,0.0998148728209375,44,16,176
protoclr,PHYCUV,INCT17,0,2,2,21,logistic,0.0800458296445221,0.2479821816396144,44,16,176
protoclr,PHYCUV,INCT17,0,2,2,21,logistic+R37=glmm,0.079303457236443,0.2434708354391697,44,16,176
protoclr,PHYCUV,INCT17,0,2,2,21,lda_shrunk,0.2755456954287162,0.5387208502372455,44,16,176
protoclr,PHYCUV,INCT17,0,2,2,21,logistic+R20,0.0743860598300829,0.2258072866593746,44,16,176
protoclr,PHYCUV,INCT17,0,2,2,21,prototype,0.0283449180393735,0.1004187792654354,44,16,176
protoclr,PHYCUV,INCT17,0,5,5,53,logistic,0.0834413438000407,0.2557993392127064,44,16,176
protoclr,PHYCUV,INCT17,0,5,5,53,logistic+R37=glmm,0.0854956405254776,0.2652348522046107,44,16,176
protoclr,PHYCUV,INCT17,0,5,5,53,lda_shrunk,0.5410453199969416,0.7191618879995514,44,16,176
protoclr,PHYCUV,INCT17,0,5,5,53,logistic+R20,0.0852846088625843,0.2460291244787896,44,16,176
protoclr,PHYCUV,INCT17,0,5,5,53,prototype,0.0294659012872148,0.1029739932332278,44,16,176
protoclr,PHYCUV,INCT17,0,10,10,106,logistic,0.1102915450353144,0.2990943110576262,44,16,176
protoclr,PHYCUV,INCT17,0,10,10,106,logistic+R37=glmm,0.1045290471971867,0.2885749985740728,44,16,176
protoclr,PHYCUV,INCT17,0,10,10,106,lda_shrunk,0.5802561749610576,0.7551876846557698,44,16,176
protoclr,PHYCUV,INCT17,0,10,10,106,logistic+R20,0.1189558185116078,0.2938433485422735,44,16,176
protoclr,PHYCUV,INCT17,0,10,10,106,prototype,0.0297738291039034,0.0998765119962427,44,16,176
protoclr,PHYCUV,INCT17,0,20,20,212,logistic,0.154913574769603,0.3803150244656984,44,16,176
protoclr,PHYCUV,INCT17,0,20,20,212,logistic+R37=glmm,0.1422916659405123,0.3754189758678171,44,16,176
protoclr,PHYCUV,INCT17,0,20,20,212,lda_shrunk,0.5887223692503554,0.7745014583687353,44,16,176
protoclr,PHYCUV,INCT17,0,20,20,212,logistic+R20,0.191582341324933,0.4034631745701365,44,16,176
protoclr,PHYCUV,INCT17,0,20,20,212,prototype,0.0301080070720009,0.1012212858422598,44,16,176
protoclr,PHYCUV,INCT17,0,-1,15,159,logistic,0.154913574769603,0.3803150244656984,44,16,176
protoclr,PHYCUV,INCT17,0,-1,15,159,logistic+R37=glmm,0.1422916659405123,0.3754189758678171,44,16,176
protoclr,PHYCUV,INCT17,0,-1,15,159,lda_shrunk,0.5887223692503554,0.7745014583687353,44,16,176
protoclr,PHYCUV,INCT17,0,-1,15,159,logistic+R20,0.191582341324933,0.4034631745701365,44,16,176
protoclr,PHYCUV,INCT17,0,-1,15,159,prototype,0.0301080070720009,0.1012212858422598,44,16,176
protoclr,PHYCUV,INCT17,1,0,0,0,logistic,0.1289604060013367,0.2675175023124668,48,16,176
protoclr,PHYCUV,INCT17,1,0,0,0,logistic+R37=glmm,0.1280792246515348,0.2739030586094803,48,16,176
protoclr,PHYCUV,INCT17,1,0,0,0,lda_shrunk,0.2734501913505249,0.5755948045010544,48,16,176
protoclr,PHYCUV,INCT17,1,0,0,0,logistic+R20,0.1278376867999776,0.2432403862947086,48,16,176
protoclr,PHYCUV,INCT17,1,0,0,0,prototype,0.0315232612451084,0.1049832956639323,48,16,176
protoclr,PHYCUV,INCT17,1,1,1,11,logistic,0.1368870709311094,0.2882655230950685,48,16,176
protoclr,PHYCUV,INCT17,1,1,1,11,logistic+R37=glmm,0.1404395836518158,0.3022448070677648,48,16,176
protoclr,PHYCUV,INCT17,1,1,1,11,lda_shrunk,0.4554187242824723,0.7056482526151644,48,16,176
protoclr,PHYCUV,INCT17,1,1,1,11,logistic+R20,0.1479464085195993,0.2832351272954132,48,16,176
protoclr,PHYCUV,INCT17,1,1,1,11,prototype,0.0312580484046505,0.1071043469492274,48,16,176
protoclr,PHYCUV,INCT17,1,2,2,21,logistic,0.1404114338817589,0.2934115204413581,48,16,176
protoclr,PHYCUV,INCT17,1,2,2,21,logistic+R37=glmm,0.1461323801593091,0.3089119740265363,48,16,176
protoclr,PHYCUV,INCT17,1,2,2,21,lda_shrunk,0.4764312396522169,0.7147903072483714,48,16,176
protoclr,PHYCUV,INCT17,1,2,2,21,logistic+R20,0.155442701542268,0.2952312156995376,48,16,176
protoclr,PHYCUV,INCT17,1,2,2,21,prototype,0.0309210942305614,0.1071963991928672,48,16,176
protoclr,PHYCUV,INCT17,1,5,5,53,logistic,0.2070330254271367,0.3344796920539633,48,16,176
protoclr,PHYCUV,INCT17,1,5,5,53,logistic+R37=glmm,0.1966041856815673,0.3303331088717322,48,16,176
protoclr,PHYCUV,INCT17,1,5,5,53,lda_shrunk,0.6464539495216415,0.8136215630301308,48,16,176
protoclr,PHYCUV,INCT17,1,5,5,53,logistic+R20,0.2241977722152498,0.3525752016626869,48,16,176
protoclr,PHYCUV,INCT17,1,5,5,53,prototype,0.0305617230489448,0.1092326434378811,48,16,176
protoclr,PHYCUV,INCT17,1,10,10,106,logistic,0.2681775779219775,0.3583621061012902,48,16,176
protoclr,PHYCUV,INCT17,1,10,10,106,logistic+R37=glmm,0.2289206421288627,0.3457232028398266,48,16,176
protoclr,PHYCUV,INCT17,1,10,10,106,lda_shrunk,0.8200675819989945,0.9209283417391002,48,16,176
protoclr,PHYCUV,INCT17,1,10,10,106,logistic+R20,0.2791932410884131,0.38206304644119,48,16,176
protoclr,PHYCUV,INCT17,1,10,10,106,prototype,0.03004269694662,0.1128224383614113,48,16,176
protoclr,PHYCUV,INCT17,1,20,20,212,logistic,0.3457693794913288,0.439223223042306,48,16,176
protoclr,PHYCUV,INCT17,1,20,20,212,logistic+R37=glmm,0.3043070874659656,0.4098802545875195,48,16,176
protoclr,PHYCUV,INCT17,1,20,20,212,lda_shrunk,0.8347474083181643,0.9099629984710632,48,16,176
protoclr,PHYCUV,INCT17,1,20,20,212,logistic+R20,0.411946247322724,0.5103745245864475,48,16,176
protoclr,PHYCUV,INCT17,1,20,20,212,prototype,0.0296010970206648,0.1102620650257615,48,16,176
protoclr,PHYCUV,INCT17,1,-1,15,159,logistic,0.3457693794913288,0.439223223042306,48,16,176
protoclr,PHYCUV,INCT17,1,-1,15,159,logistic+R37=glmm,0.3043070874659656,0.4098802545875195,48,16,176
protoclr,PHYCUV,INCT17,1,-1,15,159,lda_shrunk,0.8347474083181643,0.9099629984710632,48,16,176
protoclr,PHYCUV,INCT17,1,-1,15,159,logistic+R20,0.411946247322724,0.5103745245864475,48,16,176
protoclr,PHYCUV,INCT17,1,-1,15,159,prototype,0.0296010970206648,0.1102620650257615,48,16,176
protoclr,PHYCUV,INCT20955,0,0,0,0,logistic,0.0807521086193162,0.212087178470322,140,39,227
protoclr,PHYCUV,INCT20955,0,0,0,0,logistic+R37=glmm,0.0825736226387756,0.2002293942905499,140,39,227
protoclr,PHYCUV,INCT20955,0,0,0,0,lda_shrunk,0.1155950528568162,0.2452376298905786,140,39,227
protoclr,PHYCUV,INCT20955,0,0,0,0,logistic+R20,0.0794525803771029,0.2008799194120494,140,39,227
protoclr,PHYCUV,INCT20955,0,0,0,0,prototype,0.0425666911001206,0.1247997831850487,140,39,227
protoclr,PHYCUV,INCT20955,0,1,1,5,logistic,0.084694682526254,0.2237090760923351,140,39,227
protoclr,PHYCUV,INCT20955,0,1,1,5,logistic+R37=glmm,0.0839091990153221,0.2057867642792716,140,39,227
protoclr,PHYCUV,INCT20955,0,1,1,5,lda_shrunk,0.1369376585736021,0.2755425361669192,140,39,227
protoclr,PHYCUV,INCT20955,0,1,1,5,logistic+R20,0.0869842581348066,0.2113142863121891,140,39,227
protoclr,PHYCUV,INCT20955,0,1,1,5,prototype,0.0427510002205585,0.125441335415317,140,39,227
protoclr,PHYCUV,INCT20955,0,2,2,10,logistic,0.0920546772973934,0.2292682512692396,140,39,227
protoclr,PHYCUV,INCT20955,0,2,2,10,logistic+R37=glmm,0.0878556976043303,0.2122841796582952,140,39,227
protoclr,PHYCUV,INCT20955,0,2,2,10,lda_shrunk,0.1484475979829871,0.2843041896220567,140,39,227
protoclr,PHYCUV,INCT20955,0,2,2,10,logistic+R20,0.0943016033441514,0.2190189708872269,140,39,227
protoclr,PHYCUV,INCT20955,0,2,2,10,prototype,0.0429833197580782,0.1262425595266982,140,39,227
protoclr,PHYCUV,INCT20955,0,5,5,25,logistic,0.1183336932267077,0.2456766412762419,140,39,227
protoclr,PHYCUV,INCT20955,0,5,5,25,logistic+R37=glmm,0.1142011477873927,0.2283734300475207,140,39,227
protoclr,PHYCUV,INCT20955,0,5,5,25,lda_shrunk,0.1776631358509467,0.2999828300817916,140,39,227
protoclr,PHYCUV,INCT20955,0,5,5,25,logistic+R20,0.1210081001849046,0.2372501303644832,140,39,227
protoclr,PHYCUV,INCT20955,0,5,5,25,prototype,0.0437190622091185,0.1276493741919727,140,39,227
protoclr,PHYCUV,INCT20955,0,10,10,49,logistic,0.2682402340695501,0.4185229647458063,140,39,227
protoclr,PHYCUV,INCT20955,0,10,10,49,logistic+R37=glmm,0.219278483841575,0.359706808532273,140,39,227
protoclr,PHYCUV,INCT20955,0,10,10,49,lda_shrunk,0.365350261896306,0.5037381628477409,140,39,227
protoclr,PHYCUV,INCT20955,0,10,10,49,logistic+R20,0.2231782618003257,0.3426462918372006,140,39,227
protoclr,PHYCUV,INCT20955,0,10,10,49,prototype,0.0461818941890835,0.1335729086920194,140,39,227
protoclr,PHYCUV,INCT20955,0,20,20,98,logistic,0.3961686637752396,0.6007808523315451,140,39,227
protoclr,PHYCUV,INCT20955,0,20,20,98,logistic+R37=glmm,0.355899409576643,0.5302602612900998,140,39,227
protoclr,PHYCUV,INCT20955,0,20,20,98,lda_shrunk,0.553663703359806,0.6977110313730827,140,39,227
protoclr,PHYCUV,INCT20955,0,20,20,98,logistic+R20,0.4259349783652629,0.5619096274022206,140,39,227
protoclr,PHYCUV,INCT20955,0,20,20,98,prototype,0.0845437391194774,0.2012723547589441,140,39,227
protoclr,PHYCUV,INCT20955,0,-1,38,187,logistic,0.4408721254435088,0.6565001334095617,140,39,227
protoclr,PHYCUV,INCT20955,0,-1,38,187,logistic+R37=glmm,0.4194632666656182,0.6325835451051559,140,39,227
protoclr,PHYCUV,INCT20955,0,-1,38,187,lda_shrunk,0.6521613817633709,0.8097907342420008,140,39,227
protoclr,PHYCUV,INCT20955,0,-1,38,187,logistic+R20,0.4868981461379328,0.6472061557252943,140,39,227
protoclr,PHYCUV,INCT20955,0,-1,38,187,prototype,0.2174217153103784,0.4421343337494635,140,39,227
protoclr,PHYCUV,INCT20955,1,0,0,0,logistic,0.0538785929801632,0.1509339703144069,160,39,227
protoclr,PHYCUV,INCT20955,1,0,0,0,logistic+R37=glmm,0.0574613759382218,0.1582978707245409,160,39,227
protoclr,PHYCUV,INCT20955,1,0,0,0,lda_shrunk,0.0598130589615734,0.1785933711256097,160,39,227
protoclr,PHYCUV,INCT20955,1,0,0,0,logistic+R20,0.0540429181943212,0.1531869401865525,160,39,227
protoclr,PHYCUV,INCT20955,1,0,0,0,prototype,0.0460457613308202,0.1185349805548299,160,39,227
protoclr,PHYCUV,INCT20955,1,1,1,5,logistic,0.0543789217572299,0.1515748480337671,160,39,227
protoclr,PHYCUV,INCT20955,1,1,1,5,logistic+R37=glmm,0.0588914317222058,0.1608729362706476,160,39,227
protoclr,PHYCUV,INCT20955,1,1,1,5,lda_shrunk,0.0640806218329651,0.187620451749958,160,39,227
protoclr,PHYCUV,INCT20955,1,1,1,5,logistic+R20,0.0569439619886787,0.1604224046881884,160,39,227
protoclr,PHYCUV,INCT20955,1,1,1,5,prototype,0.0461801799392602,0.1190795038375395,160,39,227
protoclr,PHYCUV,INCT20955,1,2,2,10,logistic,0.054408938902357,0.151360708712369,160,39,227
protoclr,PHYCUV,INCT20955,1,2,2,10,logistic+R37=glmm,0.0583119173617109,0.1616723623140989,160,39,227
protoclr,PHYCUV,INCT20955,1,2,2,10,lda_shrunk,0.0787935233235308,0.2212155557953652,160,39,227
protoclr,PHYCUV,INCT20955,1,2,2,10,logistic+R20,0.0581952806347942,0.1632871327945112,160,39,227
protoclr,PHYCUV,INCT20955,1,2,2,10,prototype,0.0461750700133259,0.1191499640522439,160,39,227
protoclr,PHYCUV,INCT20955,1,5,5,25,logistic,0.2570479942648369,0.3865814038908999,160,39,227
protoclr,PHYCUV,INCT20955,1,5,5,25,logistic+R37=glmm,0.1967699182509713,0.3190754712362785,160,39,227
protoclr,PHYCUV,INCT20955,1,5,5,25,lda_shrunk,0.479083845423885,0.5391654323451197,160,39,227
protoclr,PHYCUV,INCT20955,1,5,5,25,logistic+R20,0.1909025984921748,0.3147861279599597,160,39,227
protoclr,PHYCUV,INCT20955,1,5,5,25,prototype,0.0480066610904322,0.1225462505998509,160,39,227
protoclr,PHYCUV,INCT20955,1,10,10,49,logistic,0.3448844567161135,0.5211531581006711,160,39,227
protoclr,PHYCUV,INCT20955,1,10,10,49,logistic+R37=glmm,0.3071180919182033,0.4805486857566103,160,39,227
protoclr,PHYCUV,INCT20955,1,10,10,49,lda_shrunk,0.5835250846334552,0.6741908590808792,160,39,227
protoclr,PHYCUV,INCT20955,1,10,10,49,logistic+R20,0.3181171217857096,0.483834123599732,160,39,227
protoclr,PHYCUV,INCT20955,1,10,10,49,prototype,0.0573664256971988,0.1425886906025105,160,39,227
protoclr,PHYCUV,INCT20955,1,20,20,98,logistic,0.418834371042602,0.5832396930223286,160,39,227
protoclr,PHYCUV,INCT20955,1,20,20,98,logistic+R37=glmm,0.3681454137852413,0.5421343048644096,160,39,227
protoclr,PHYCUV,INCT20955,1,20,20,98,lda_shrunk,0.6795049873128238,0.7296415243212996,160,39,227
protoclr,PHYCUV,INCT20955,1,20,20,98,logistic+R20,0.4160299523409713,0.5512519908505408,160,39,227
protoclr,PHYCUV,INCT20955,1,20,20,98,prototype,0.1258535413245228,0.2654440998124943,160,39,227
protoclr,PHYCUV,INCT20955,1,-1,38,187,logistic,0.4751441306526905,0.6757695448349912,160,39,227
protoclr,PHYCUV,INCT20955,1,-1,38,187,logistic+R37=glmm,0.4277121600596103,0.5993251511705006,160,39,227
protoclr,PHYCUV,INCT20955,1,-1,38,187,lda_shrunk,0.6858524479961804,0.7525573621073325,160,39,227
protoclr,PHYCUV,INCT20955,1,-1,38,187,logistic+R20,0.5365051940435254,0.6628265259125414,160,39,227
protoclr,PHYCUV,INCT20955,1,-1,38,187,prototype,0.2032186542682998,0.4205488777671493,160,39,227
protoclr,PHYCUV,INCT41,0,0,0,0,logistic,0.4392086772119016,0.4486848590122632,228,38,180
protoclr,PHYCUV,INCT41,0,0,0,0,logistic+R37=glmm,0.462148186803471,0.4633620051541812,228,38,180
protoclr,PHYCUV,INCT41,0,0,0,0,lda_shrunk,0.5242290480518653,0.5575303872129814,228,38,180
protoclr,PHYCUV,INCT41,0,0,0,0,logistic+R20,0.4778843187622785,0.4871494206274614,228,38,180
protoclr,PHYCUV,INCT41,0,0,0,0,prototype,0.1264860983493839,0.2120245977376803,228,38,180
protoclr,PHYCUV,INCT41,0,1,1,4,logistic,0.3760944375071293,0.4109004092454392,228,38,180
protoclr,PHYCUV,INCT41,0,1,1,4,logistic+R37=glmm,0.4338723423500911,0.4435720140130382,228,38,180
protoclr,PHYCUV,INCT41,0,1,1,4,lda_shrunk,0.443237897304326,0.4626933524344971,228,38,180
protoclr,PHYCUV,INCT41,0,1,1,4,logistic+R20,0.4289817400107417,0.4535047798506889,228,38,180
protoclr,PHYCUV,INCT41,0,1,1,4,prototype,0.1258207216194881,0.2106348830550041,228,38,180
protoclr,PHYCUV,INCT41,0,2,2,7,logistic,0.343655519324371,0.475384043573334,228,38,180
protoclr,PHYCUV,INCT41,0,2,2,7,logistic+R37=glmm,0.4111397267756181,0.5160337064968724,228,38,180
protoclr,PHYCUV,INCT41,0,2,2,7,lda_shrunk,0.4571236579172067,0.5456433864601931,228,38,180
protoclr,PHYCUV,INCT41,0,2,2,7,logistic+R20,0.3927488809906942,0.5274104480570626,228,38,180
protoclr,PHYCUV,INCT41,0,2,2,7,prototype,0.1321702235207079,0.2226377296661212,228,38,180
protoclr,PHYCUV,INCT41,0,5,5,19,logistic,0.5344875947716614,0.5581702190090656,228,38,180
protoclr,PHYCUV,INCT41,0,5,5,19,logistic+R37=glmm,0.5818073565384526,0.5854843464733851,228,38,180
protoclr,PHYCUV,INCT41,0,5,5,19,lda_shrunk,0.5819889790452611,0.5890593814270548,228,38,180
protoclr,PHYCUV,INCT41,0,5,5,19,logistic+R20,0.5357776266544622,0.5796220120230768,228,38,180
protoclr,PHYCUV,INCT41,0,5,5,19,prototype,0.1313077694575997,0.2216338231877661,228,38,180
protoclr,PHYCUV,INCT41,0,10,10,37,logistic,0.6341824926637999,0.622450473036704,228,38,180
protoclr,PHYCUV,INCT41,0,10,10,37,logistic+R37=glmm,0.6297925947421668,0.6171908237657697,228,38,180
protoclr,PHYCUV,INCT41,0,10,10,37,lda_shrunk,0.6471829706618301,0.6318084353670698,228,38,180
protoclr,PHYCUV,INCT41,0,10,10,37,logistic+R20,0.6680475011864945,0.662439602814545,228,38,180
protoclr,PHYCUV,INCT41,0,10,10,37,prototype,0.1525181626041605,0.2458346839885419,228,38,180
protoclr,PHYCUV,INCT41,0,20,20,75,logistic,0.6624378500454365,0.6343672753283083,228,38,180
protoclr,PHYCUV,INCT41,0,20,20,75,logistic+R37=glmm,0.667288924589968,0.6399825378542172,228,38,180
protoclr,PHYCUV,INCT41,0,20,20,75,lda_shrunk,0.6683481373608295,0.6308052914519315,228,38,180
protoclr,PHYCUV,INCT41,0,20,20,75,logistic+R20,0.6896543583929685,0.6892538027373201,228,38,180
protoclr,PHYCUV,INCT41,0,20,20,75,prototype,0.2017555587895465,0.3057784174913056,228,38,180
protoclr,PHYCUV,INCT41,0,-1,38,142,logistic,0.7293632330087525,0.6920812054309613,228,38,180
protoclr,PHYCUV,INCT41,0,-1,38,142,logistic+R37=glmm,0.7373232079478241,0.6970463710852157,228,38,180
protoclr,PHYCUV,INCT41,0,-1,38,142,lda_shrunk,0.749729711500441,0.6780689840566816,228,38,180
protoclr,PHYCUV,INCT41,0,-1,38,142,logistic+R20,0.7477009714958629,0.7265174839661356,228,38,180
protoclr,PHYCUV,INCT41,0,-1,38,142,prototype,0.3327433992855895,0.4418090532173402,228,38,180
protoclr,PHYCUV,INCT41,1,0,0,0,logistic,0.4097118999314754,0.4549338164780405,229,38,180
protoclr,PHYCUV,INCT41,1,0,0,0,logistic+R37=glmm,0.4273990755191029,0.4657469503184236,229,38,180
protoclr,PHYCUV,INCT41,1,0,0,0,lda_shrunk,0.5299935382474881,0.5691437731964477,229,38,180
protoclr,PHYCUV,INCT41,1,0,0,0,logistic+R20,0.4184904197284131,0.481918386376589,229,38,180
protoclr,PHYCUV,INCT41,1,0,0,0,prototype,0.1140319718958663,0.1973540965385279,229,38,180
protoclr,PHYCUV,INCT41,1,1,1,4,logistic,0.420234000516163,0.4559804499808007,229,38,180
protoclr,PHYCUV,INCT41,1,1,1,4,logistic+R37=glmm,0.4848128961038619,0.5118558310890908,229,38,180
protoclr,PHYCUV,INCT41,1,1,1,4,lda_shrunk,0.5230349544444518,0.5537586070645688,229,38,180
protoclr,PHYCUV,INCT41,1,1,1,4,logistic+R20,0.4459902680021005,0.5066374076587209,229,38,180
protoclr,PHYCUV,INCT41,1,1,1,4,prototype,0.1145178817629777,0.1974811825269257,229,38,180
protoclr,PHYCUV,INCT41,1,2,2,7,logistic,0.4272763455265883,0.4576181701572427,229,38,180
protoclr,PHYCUV,INCT41,1,2,2,7,logistic+R37=glmm,0.4915523546005153,0.5213447876402943,229,38,180
protoclr,PHYCUV,INCT41,1,2,2,7,lda_shrunk,0.5201907857872353,0.5555983166217489,229,38,180
protoclr,PHYCUV,INCT41,1,2,2,7,logistic+R20,0.4695669208818573,0.5171378108145108,229,38,180
protoclr,PHYCUV,INCT41,1,2,2,7,prototype,0.1163946085583774,0.2014404247548016,229,38,180
protoclr,PHYCUV,INCT41,1,5,5,19,logistic,0.4758080698062473,0.5116007877217749,229,38,180
protoclr,PHYCUV,INCT41,1,5,5,19,logistic+R37=glmm,0.5064301852845877,0.5356219280911254,229,38,180
protoclr,PHYCUV,INCT41,1,5,5,19,lda_shrunk,0.5816149469328294,0.6112580604194008,229,38,180
protoclr,PHYCUV,INCT41,1,5,5,19,logistic+R20,0.5087275141227949,0.5633228840285075,229,38,180
protoclr,PHYCUV,INCT41,1,5,5,19,prototype,0.1225955403943533,0.2120327300143814,229,38,180
protoclr,PHYCUV,INCT41,1,10,10,37,logistic,0.5047546639787233,0.5651631807621458,229,38,180
protoclr,PHYCUV,INCT41,1,10,10,37,logistic+R37=glmm,0.5417847882438428,0.5985670088518454,229,38,180
protoclr,PHYCUV,INCT41,1,10,10,37,lda_shrunk,0.6720902890923587,0.7000405460713304,229,38,180
protoclr,PHYCUV,INCT41,1,10,10,37,logistic+R20,0.5363954040083836,0.630070363975576,229,38,180
protoclr,PHYCUV,INCT41,1,10,10,37,prototype,0.1268075606470529,0.2207351431204212,229,38,180
protoclr,PHYCUV,INCT41,1,20,20,75,logistic,0.5590596226779491,0.614161228785544,229,38,180
protoclr,PHYCUV,INCT41,1,20,20,75,logistic+R37=glmm,0.5683904663082101,0.6405647125896119,229,38,180
protoclr,PHYCUV,INCT41,1,20,20,75,lda_shrunk,0.7018991029477203,0.7294693439906106,229,38,180
protoclr,PHYCUV,INCT41,1,20,20,75,logistic+R20,0.5909071817791438,0.6651786764087436,229,38,180
protoclr,PHYCUV,INCT41,1,20,20,75,prototype,0.1596002406134596,0.2716183174006507,229,38,180
protoclr,PHYCUV,INCT41,1,-1,38,142,logistic,0.6866190123033583,0.7124794647350924,229,38,180
protoclr,PHYCUV,INCT41,1,-1,38,142,logistic+R37=glmm,0.6903454301928843,0.7152254144038365,229,38,180
protoclr,PHYCUV,INCT41,1,-1,38,142,lda_shrunk,0.799466647145641,0.7961080263196597,229,38,180
protoclr,PHYCUV,INCT41,1,-1,38,142,logistic+R20,0.6998108614365339,0.7379935881467855,229,38,180
protoclr,PHYCUV,INCT41,1,-1,38,142,prototype,0.1816009263809777,0.2937100410836202,229,38,180
protoclr,PITAZU,INCT17,0,0,0,0,logistic,0.2986907047310916,0.4431118163283294,616,89,164
protoclr,PITAZU,INCT17,0,0,0,0,logistic+R37=glmm,0.2973886791800103,0.4446439203273475,616,89,164
protoclr,PITAZU,INCT17,0,0,0,0,lda_shrunk,0.4840143283999686,0.6728154737455018,616,89,164
protoclr,PITAZU,INCT17,0,0,0,0,logistic+R20,0.2986757417378804,0.4456879307577878,616,89,164
protoclr,PITAZU,INCT17,0,0,0,0,prototype,0.2911658619717077,0.4434267539566922,616,89,164
protoclr,PITAZU,INCT17,0,1,1,1,logistic,0.3619641710787037,0.5441664695203323,616,89,164
protoclr,PITAZU,INCT17,0,1,1,1,logistic+R37=glmm,0.3005646088048119,0.4524958992085625,616,89,164
protoclr,PITAZU,INCT17,0,1,1,1,lda_shrunk,0.5486772196967055,0.7243956124754827,616,89,164
protoclr,PITAZU,INCT17,0,1,1,1,logistic+R20,0.3343991494582342,0.5185722197640451,616,89,164
protoclr,PITAZU,INCT17,0,1,1,1,prototype,0.3179613994680177,0.4913294995826847,616,89,164
protoclr,PITAZU,INCT17,0,2,2,2,logistic,0.4253751689350951,0.5746754222280253,616,89,164
protoclr,PITAZU,INCT17,0,2,2,2,logistic+R37=glmm,0.3117303373072805,0.4542770969102568,616,89,164
protoclr,PITAZU,INCT17,0,2,2,2,lda_shrunk,0.7128083306262742,0.8292134504956712,616,89,164
protoclr,PITAZU,INCT17,0,2,2,2,logistic+R20,0.3604896118404817,0.5095708305038127,616,89,164
protoclr,PITAZU,INCT17,0,2,2,2,prototype,0.5816049235654455,0.7067377972512956,616,89,164
protoclr,PITAZU,INCT17,0,5,5,4,logistic,0.7122997435828821,0.7947441637444171,616,89,164
protoclr,PITAZU,INCT17,0,5,5,4,logistic+R37=glmm,0.488769901751771,0.6591965444956793,616,89,164
protoclr,PITAZU,INCT17,0,5,5,4,lda_shrunk,0.774139697018017,0.8618963988035053,616,89,164
protoclr,PITAZU,INCT17,0,5,5,4,logistic+R20,0.6231407024664659,0.7444032384788104,616,89,164
protoclr,PITAZU,INCT17,0,5,5,4,prototype,0.6708435642085696,0.7731737159773059,616,89,164
protoclr,PITAZU,INCT17,0,10,10,8,logistic,0.733018396922633,0.8211755190718271,616,89,164
protoclr,PITAZU,INCT17,0,10,10,8,logistic+R37=glmm,0.6686184976013541,0.7976162045654835,616,89,164
protoclr,PITAZU,INCT17,0,10,10,8,lda_shrunk,0.7504000309435117,0.8614414183138817,616,89,164
protoclr,PITAZU,INCT17,0,10,10,8,logistic+R20,0.7414055329283358,0.8381767238394804,616,89,164
protoclr,PITAZU,INCT17,0,10,10,8,prototype,0.6026615253310582,0.7151782894416446,616,89,164
protoclr,PITAZU,INCT17,0,20,20,17,logistic,0.7432777351943897,0.8245774904200274,616,89,164
protoclr,PITAZU,INCT17,0,20,20,17,logistic+R37=glmm,0.7501963540662702,0.8427778108365899,616,89,164
protoclr,PITAZU,INCT17,0,20,20,17,lda_shrunk,0.8257138588430275,0.8941676702315866,616,89,164
protoclr,PITAZU,INCT17,0,20,20,17,logistic+R20,0.7574668819024942,0.8461704973369313,616,89,164
protoclr,PITAZU,INCT17,0,20,20,17,prototype,0.58532150863075,0.6989620901803598,616,89,164
protoclr,PITAZU,INCT17,0,-1,89,75,logistic,0.8450657587115661,0.9070544539222968,616,89,164
protoclr,PITAZU,INCT17,0,-1,89,75,logistic+R37=glmm,0.8507579702820515,0.914479239347146,616,89,164
protoclr,PITAZU,INCT17,0,-1,89,75,lda_shrunk,0.8909349897233534,0.9470346749875164,616,89,164
protoclr,PITAZU,INCT17,0,-1,89,75,logistic+R20,0.8662233278623077,0.9248003487696154,616,89,164
protoclr,PITAZU,INCT17,0,-1,89,75,prototype,0.7125958681877556,0.8066027094525251,616,89,164
protoclr,PITAZU,INCT17,1,0,0,0,logistic,0.3131394206192144,0.4397592423828146,624,89,164
protoclr,PITAZU,INCT17,1,0,0,0,logistic+R37=glmm,0.3120391608632684,0.4417885281270152,624,89,164
protoclr,PITAZU,INCT17,1,0,0,0,lda_shrunk,0.4299351011538653,0.6019959802041706,624,89,164
protoclr,PITAZU,INCT17,1,0,0,0,logistic+R20,0.3130239031992757,0.441400934229028,624,89,164
protoclr,PITAZU,INCT17,1,0,0,0,prototype,0.3046799787074358,0.4447044369754992,624,89,164
protoclr,PITAZU,INCT17,1,1,1,1,logistic,0.3277811190972239,0.4613231989398569,624,89,164
protoclr,PITAZU,INCT17,1,1,1,1,logistic+R37=glmm,0.3075343091172813,0.4475288316415784,624,89,164
protoclr,PITAZU,INCT17,1,1,1,1,lda_shrunk,0.4199275287643992,0.5307596133709797,624,89,164
protoclr,PITAZU,INCT17,1,1,1,1,logistic+R20,0.3462323062093717,0.4969720406787338,624,89,164
protoclr,PITAZU,INCT17,1,1,1,1,prototype,0.3415382251696497,0.4813849754815058,624,89,164
protoclr,PITAZU,INCT17,1,2,2,2,logistic,0.3605472849817735,0.4892854363767663,624,89,164
protoclr,PITAZU,INCT17,1,2,2,2,logistic+R37=glmm,0.3162946604452187,0.458601944364867,624,89,164
protoclr,PITAZU,INCT17,1,2,2,2,lda_shrunk,0.5057906768903915,0.6228480396190841,624,89,164
protoclr,PITAZU,INCT17,1,2,2,2,logistic+R20,0.3865196039080349,0.5194479974786457,624,89,164
protoclr,PITAZU,INCT17,1,2,2,2,prototype,0.4025080216483661,0.5272518737756798,624,89,164
protoclr,PITAZU,INCT17,1,5,5,4,logistic,0.3980652488326976,0.5213779959800467,624,89,164
protoclr,PITAZU,INCT17,1,5,5,4,logistic+R37=glmm,0.3534317066266851,0.485244106794596,624,89,164
protoclr,PITAZU,INCT17,1,5,5,4,lda_shrunk,0.4795189633965308,0.6301219280129584,624,89,164
protoclr,PITAZU,INCT17,1,5,5,4,logistic+R20,0.3950432545696326,0.5229958766511159,624,89,164
protoclr,PITAZU,INCT17,1,5,5,4,prototype,0.4338465411535467,0.5837825954248823,624,89,164
protoclr,PITAZU,INCT17,1,10,10,8,logistic,0.5585475274567301,0.7000602671436376,624,89,164
protoclr,PITAZU,INCT17,1,10,10,8,logistic+R37=glmm,0.5385193581180077,0.6750827529025067,624,89,164
protoclr,PITAZU,INCT17,1,10,10,8,lda_shrunk,0.6810543547076967,0.8264648588584521,624,89,164
protoclr,PITAZU,INCT17,1,10,10,8,logistic+R20,0.6630314306526687,0.7861371409447554,624,89,164
protoclr,PITAZU,INCT17,1,10,10,8,prototype,0.5193407709802728,0.6850697831908098,624,89,164
protoclr,PITAZU,INCT17,1,20,20,17,logistic,0.7344104468631254,0.8253693979608904,624,89,164
protoclr,PITAZU,INCT17,1,20,20,17,logistic+R37=glmm,0.7215985431699733,0.8332437794363532,624,89,164
protoclr,PITAZU,INCT17,1,20,20,17,lda_shrunk,0.828595672453201,0.9154101445252096,624,89,164
protoclr,PITAZU,INCT17,1,20,20,17,logistic+R20,0.7859473911795066,0.8715017722838154,624,89,164
protoclr,PITAZU,INCT17,1,20,20,17,prototype,0.5075246808307945,0.6586807984243576,624,89,164
protoclr,PITAZU,INCT17,1,-1,89,75,logistic,0.828031307047581,0.900818254950956,624,89,164
protoclr,PITAZU,INCT17,1,-1,89,75,logistic+R37=glmm,0.8452561469982895,0.9175437374595128,624,89,164
protoclr,PITAZU,INCT17,1,-1,89,75,lda_shrunk,0.9156083112816022,0.9569407257529354,624,89,164
protoclr,PITAZU,INCT17,1,-1,89,75,logistic+R20,0.8492910456158188,0.9211142762359504,624,89,164
protoclr,PITAZU,INCT17,1,-1,89,75,prototype,0.6399656235680541,0.7971241940225038,624,89,164
